data,valor,codigo_sgs,nome_indicador,unidade_medida,descricao_indicador,id_categoria
01/07/1994,6495066,1785,Base Monetária,Milhares de Unidades Monetarias,"A base monetária corresponde ao passivo monetário do Banco Central, também conhecido como emissão primária de moeda. Inclui a moeda em circulação e as reservas bancárias.",1
01/08/1994,9070471,1785,Base Monetária,Milhares de Unidades Monetarias,"A base monetária corresponde ao passivo monetário do Banco Central, também conhecido como emissão primária de moeda. Inclui a moeda em circulação e as reservas bancárias.",1
01/09/1994,11233046,1785,Base Monetária,Milhares de Unidades Monetarias,"A base monetária corresponde ao passivo monetário do Banco Central, também conhecido como emissão primária de moeda. Inclui a moeda em circulação e as reservas bancárias.",1
01/10/1994,12835101,1785,Base Monetária,Milhares de Unidades Monetarias,"A base monetária corresponde ao passivo monetário do Banco Central, também conhecido como emissão primária de moeda. Inclui a moeda em circulação e as reservas bancárias.",1
01/11/1994,14010110,1785,Base Monetária,Milhares de Unidades Monetarias,"A base monetária corresponde ao passivo monetário do Banco Central, também conhecido como emissão primária de moeda. Inclui a moeda em circulação e as reservas bancárias.",1
01/12/1994,17265013,1785,Base Monetária,Milhares de Unidades Monetarias,"A base monetária corresponde ao passivo monetário do Banco Central, também conhecido como emissão primária de moeda. Inclui a moeda em circulação e as reservas bancárias.",1
01/01/1995,16863488,1785,Base Monetária,Milhares de Unidades Monetarias,"A base monetária corresponde ao passivo monetário do Banco Central, também conhecido como emissão primária de moeda. Inclui a moeda em circulação e as reservas bancárias.",1
01/02/1995,15800526,1785,Base Monetária,Milhares de Unidades Monetarias,"A base monetária corresponde ao passivo monetário do Banco Central, também conhecido como emissão primária de moeda. Inclui a moeda em circulação e as reservas bancárias.",1
01/03/1995,15660830,1785,Base Monetária,Milhares de Unidades Monetarias,"A base monetária corresponde ao passivo monetário do Banco Central, também conhecido como emissão primária de moeda. Inclui a moeda em circulação e as reservas bancárias.",1
01/04/1995,14535154,1785,Base Monetária,Milhares de Unidades Monetarias,"A base monetária corresponde ao passivo monetário do Banco Central, também conhecido como emissão primária de moeda. Inclui a moeda em circulação e as reservas bancárias.",1
01/05/1995,14433295,1785,Base Monetária,Milhares de Unidades Monetarias,"A base monetária corresponde ao passivo monetário do Banco Central, também conhecido como emissão primária de moeda. Inclui a moeda em circulação e as reservas bancárias.",1
01/06/1995,14666442,1785,Base Monetária,Milhares de Unidades Monetarias,"A base monetária corresponde ao passivo monetário do Banco Central, também conhecido como emissão primária de moeda. Inclui a moeda em circulação e as reservas bancárias.",1
01/07/1995,15382345,1785,Base Monetária,Milhares de Unidades Monetarias,"A base monetária corresponde ao passivo monetário do Banco Central, também conhecido como emissão primária de moeda. Inclui a moeda em circulação e as reservas bancárias.",1
01/08/1995,14980630,1785,Base Monetária,Milhares de Unidades Monetarias,"A base monetária corresponde ao passivo monetário do Banco Central, também conhecido como emissão primária de moeda. Inclui a moeda em circulação e as reservas bancárias.",1
01/09/1995,15019411,1785,Base Monetária,Milhares de Unidades Monetarias,"A base monetária corresponde ao passivo monetário do Banco Central, também conhecido como emissão primária de moeda. Inclui a moeda em circulação e as reservas bancárias.",1
01/10/1995,16261584,1785,Base Monetária,Milhares de Unidades Monetarias,"A base monetária corresponde ao passivo monetário do Banco Central, também conhecido como emissão primária de moeda. Inclui a moeda em circulação e as reservas bancárias.",1
01/11/1995,16743294,1785,Base Monetária,Milhares de Unidades Monetarias,"A base monetária corresponde ao passivo monetário do Banco Central, também conhecido como emissão primária de moeda. Inclui a moeda em circulação e as reservas bancárias.",1
01/12/1995,20745648,1785,Base Monetária,Milhares de Unidades Monetarias,"A base monetária corresponde ao passivo monetário do Banco Central, também conhecido como emissão primária de moeda. Inclui a moeda em circulação e as reservas bancárias.",1
01/01/1996,20509561,1785,Base Monetária,Milhares de Unidades Monetarias,"A base monetária corresponde ao passivo monetário do Banco Central, também conhecido como emissão primária de moeda. Inclui a moeda em circulação e as reservas bancárias.",1
01/02/1996,18477719,1785,Base Monetária,Milhares de Unidades Monetarias,"A base monetária corresponde ao passivo monetário do Banco Central, também conhecido como emissão primária de moeda. Inclui a moeda em circulação e as reservas bancárias.",1
01/03/1996,18027639,1785,Base Monetária,Milhares de Unidades Monetarias,"A base monetária corresponde ao passivo monetário do Banco Central, também conhecido como emissão primária de moeda. Inclui a moeda em circulação e as reservas bancárias.",1
01/04/1996,17442217,1785,Base Monetária,Milhares de Unidades Monetarias,"A base monetária corresponde ao passivo monetário do Banco Central, também conhecido como emissão primária de moeda. Inclui a moeda em circulação e as reservas bancárias.",1
01/05/1996,17605092,1785,Base Monetária,Milhares de Unidades Monetarias,"A base monetária corresponde ao passivo monetário do Banco Central, também conhecido como emissão primária de moeda. Inclui a moeda em circulação e as reservas bancárias.",1
01/06/1996,17448736,1785,Base Monetária,Milhares de Unidades Monetarias,"A base monetária corresponde ao passivo monetário do Banco Central, também conhecido como emissão primária de moeda. Inclui a moeda em circulação e as reservas bancárias.",1
01/07/1996,17698808,1785,Base Monetária,Milhares de Unidades Monetarias,"A base monetária corresponde ao passivo monetário do Banco Central, também conhecido como emissão primária de moeda. Inclui a moeda em circulação e as reservas bancárias.",1
01/08/1996,16845765,1785,Base Monetária,Milhares de Unidades Monetarias,"A base monetária corresponde ao passivo monetário do Banco Central, também conhecido como emissão primária de moeda. Inclui a moeda em circulação e as reservas bancárias.",1
01/09/1996,17242777,1785,Base Monetária,Milhares de Unidades Monetarias,"A base monetária corresponde ao passivo monetário do Banco Central, também conhecido como emissão primária de moeda. Inclui a moeda em circulação e as reservas bancárias.",1
01/10/1996,17653153,1785,Base Monetária,Milhares de Unidades Monetarias,"A base monetária corresponde ao passivo monetário do Banco Central, também conhecido como emissão primária de moeda. Inclui a moeda em circulação e as reservas bancárias.",1
01/11/1996,16859022,1785,Base Monetária,Milhares de Unidades Monetarias,"A base monetária corresponde ao passivo monetário do Banco Central, também conhecido como emissão primária de moeda. Inclui a moeda em circulação e as reservas bancárias.",1
01/12/1996,20105817,1785,Base Monetária,Milhares de Unidades Monetarias,"A base monetária corresponde ao passivo monetário do Banco Central, também conhecido como emissão primária de moeda. Inclui a moeda em circulação e as reservas bancárias.",1
01/01/1997,20620060,1785,Base Monetária,Milhares de Unidades Monetarias,"A base monetária corresponde ao passivo monetário do Banco Central, também conhecido como emissão primária de moeda. Inclui a moeda em circulação e as reservas bancárias.",1
01/02/1997,22610062,1785,Base Monetária,Milhares de Unidades Monetarias,"A base monetária corresponde ao passivo monetário do Banco Central, também conhecido como emissão primária de moeda. Inclui a moeda em circulação e as reservas bancárias.",1
01/03/1997,24696983,1785,Base Monetária,Milhares de Unidades Monetarias,"A base monetária corresponde ao passivo monetário do Banco Central, também conhecido como emissão primária de moeda. Inclui a moeda em circulação e as reservas bancárias.",1
01/04/1997,24671794,1785,Base Monetária,Milhares de Unidades Monetarias,"A base monetária corresponde ao passivo monetário do Banco Central, também conhecido como emissão primária de moeda. Inclui a moeda em circulação e as reservas bancárias.",1
01/05/1997,24450310,1785,Base Monetária,Milhares de Unidades Monetarias,"A base monetária corresponde ao passivo monetário do Banco Central, também conhecido como emissão primária de moeda. Inclui a moeda em circulação e as reservas bancárias.",1
01/06/1997,24707245,1785,Base Monetária,Milhares de Unidades Monetarias,"A base monetária corresponde ao passivo monetário do Banco Central, também conhecido como emissão primária de moeda. Inclui a moeda em circulação e as reservas bancárias.",1
01/07/1997,25793893,1785,Base Monetária,Milhares de Unidades Monetarias,"A base monetária corresponde ao passivo monetário do Banco Central, também conhecido como emissão primária de moeda. Inclui a moeda em circulação e as reservas bancárias.",1
01/08/1997,24986155,1785,Base Monetária,Milhares de Unidades Monetarias,"A base monetária corresponde ao passivo monetário do Banco Central, também conhecido como emissão primária de moeda. Inclui a moeda em circulação e as reservas bancárias.",1
01/09/1997,26151489,1785,Base Monetária,Milhares de Unidades Monetarias,"A base monetária corresponde ao passivo monetário do Banco Central, também conhecido como emissão primária de moeda. Inclui a moeda em circulação e as reservas bancárias.",1
01/10/1997,26655813,1785,Base Monetária,Milhares de Unidades Monetarias,"A base monetária corresponde ao passivo monetário do Banco Central, também conhecido como emissão primária de moeda. Inclui a moeda em circulação e as reservas bancárias.",1
01/11/1997,26017065,1785,Base Monetária,Milhares de Unidades Monetarias,"A base monetária corresponde ao passivo monetário do Banco Central, também conhecido como emissão primária de moeda. Inclui a moeda em circulação e as reservas bancárias.",1
01/12/1997,32283073,1785,Base Monetária,Milhares de Unidades Monetarias,"A base monetária corresponde ao passivo monetário do Banco Central, também conhecido como emissão primária de moeda. Inclui a moeda em circulação e as reservas bancárias.",1
01/01/1998,33581444,1785,Base Monetária,Milhares de Unidades Monetarias,"A base monetária corresponde ao passivo monetário do Banco Central, também conhecido como emissão primária de moeda. Inclui a moeda em circulação e as reservas bancárias.",1
01/02/1998,31933702,1785,Base Monetária,Milhares de Unidades Monetarias,"A base monetária corresponde ao passivo monetário do Banco Central, também conhecido como emissão primária de moeda. Inclui a moeda em circulação e as reservas bancárias.",1
01/03/1998,30854706,1785,Base Monetária,Milhares de Unidades Monetarias,"A base monetária corresponde ao passivo monetário do Banco Central, também conhecido como emissão primária de moeda. Inclui a moeda em circulação e as reservas bancárias.",1
01/04/1998,30854245,1785,Base Monetária,Milhares de Unidades Monetarias,"A base monetária corresponde ao passivo monetário do Banco Central, também conhecido como emissão primária de moeda. Inclui a moeda em circulação e as reservas bancárias.",1
01/05/1998,32352734,1785,Base Monetária,Milhares de Unidades Monetarias,"A base monetária corresponde ao passivo monetário do Banco Central, também conhecido como emissão primária de moeda. Inclui a moeda em circulação e as reservas bancárias.",1
01/06/1998,33109211,1785,Base Monetária,Milhares de Unidades Monetarias,"A base monetária corresponde ao passivo monetário do Banco Central, também conhecido como emissão primária de moeda. Inclui a moeda em circulação e as reservas bancárias.",1
01/07/1998,33478989,1785,Base Monetária,Milhares de Unidades Monetarias,"A base monetária corresponde ao passivo monetário do Banco Central, também conhecido como emissão primária de moeda. Inclui a moeda em circulação e as reservas bancárias.",1
01/08/1998,33934758,1785,Base Monetária,Milhares de Unidades Monetarias,"A base monetária corresponde ao passivo monetário do Banco Central, também conhecido como emissão primária de moeda. Inclui a moeda em circulação e as reservas bancárias.",1
01/09/1998,34604118,1785,Base Monetária,Milhares de Unidades Monetarias,"A base monetária corresponde ao passivo monetário do Banco Central, também conhecido como emissão primária de moeda. Inclui a moeda em circulação e as reservas bancárias.",1
01/10/1998,34839756,1785,Base Monetária,Milhares de Unidades Monetarias,"A base monetária corresponde ao passivo monetário do Banco Central, também conhecido como emissão primária de moeda. Inclui a moeda em circulação e as reservas bancárias.",1
01/11/1998,33439736,1785,Base Monetária,Milhares de Unidades Monetarias,"A base monetária corresponde ao passivo monetário do Banco Central, também conhecido como emissão primária de moeda. Inclui a moeda em circulação e as reservas bancárias.",1
01/12/1998,39285393,1785,Base Monetária,Milhares de Unidades Monetarias,"A base monetária corresponde ao passivo monetário do Banco Central, também conhecido como emissão primária de moeda. Inclui a moeda em circulação e as reservas bancárias.",1
01/01/1999,39110776,1785,Base Monetária,Milhares de Unidades Monetarias,"A base monetária corresponde ao passivo monetário do Banco Central, também conhecido como emissão primária de moeda. Inclui a moeda em circulação e as reservas bancárias.",1
01/02/1999,39177623,1785,Base Monetária,Milhares de Unidades Monetarias,"A base monetária corresponde ao passivo monetário do Banco Central, também conhecido como emissão primária de moeda. Inclui a moeda em circulação e as reservas bancárias.",1
01/03/1999,37616515,1785,Base Monetária,Milhares de Unidades Monetarias,"A base monetária corresponde ao passivo monetário do Banco Central, também conhecido como emissão primária de moeda. Inclui a moeda em circulação e as reservas bancárias.",1
01/04/1999,36458639,1785,Base Monetária,Milhares de Unidades Monetarias,"A base monetária corresponde ao passivo monetário do Banco Central, também conhecido como emissão primária de moeda. Inclui a moeda em circulação e as reservas bancárias.",1
01/05/1999,35505720,1785,Base Monetária,Milhares de Unidades Monetarias,"A base monetária corresponde ao passivo monetário do Banco Central, também conhecido como emissão primária de moeda. Inclui a moeda em circulação e as reservas bancárias.",1
01/06/1999,36542714,1785,Base Monetária,Milhares de Unidades Monetarias,"A base monetária corresponde ao passivo monetário do Banco Central, também conhecido como emissão primária de moeda. Inclui a moeda em circulação e as reservas bancárias.",1
01/07/1999,39054392,1785,Base Monetária,Milhares de Unidades Monetarias,"A base monetária corresponde ao passivo monetário do Banco Central, também conhecido como emissão primária de moeda. Inclui a moeda em circulação e as reservas bancárias.",1
01/08/1999,39050940,1785,Base Monetária,Milhares de Unidades Monetarias,"A base monetária corresponde ao passivo monetário do Banco Central, também conhecido como emissão primária de moeda. Inclui a moeda em circulação e as reservas bancárias.",1
01/09/1999,39041169,1785,Base Monetária,Milhares de Unidades Monetarias,"A base monetária corresponde ao passivo monetário do Banco Central, também conhecido como emissão primária de moeda. Inclui a moeda em circulação e as reservas bancárias.",1
01/10/1999,37011937,1785,Base Monetária,Milhares de Unidades Monetarias,"A base monetária corresponde ao passivo monetário do Banco Central, também conhecido como emissão primária de moeda. Inclui a moeda em circulação e as reservas bancárias.",1
01/11/1999,37962124,1785,Base Monetária,Milhares de Unidades Monetarias,"A base monetária corresponde ao passivo monetário do Banco Central, também conhecido como emissão primária de moeda. Inclui a moeda em circulação e as reservas bancárias.",1
01/12/1999,45407325,1785,Base Monetária,Milhares de Unidades Monetarias,"A base monetária corresponde ao passivo monetário do Banco Central, também conhecido como emissão primária de moeda. Inclui a moeda em circulação e as reservas bancárias.",1
01/01/2000,45753259,1785,Base Monetária,Milhares de Unidades Monetarias,"A base monetária corresponde ao passivo monetário do Banco Central, também conhecido como emissão primária de moeda. Inclui a moeda em circulação e as reservas bancárias.",1
01/02/2000,42197143,1785,Base Monetária,Milhares de Unidades Monetarias,"A base monetária corresponde ao passivo monetário do Banco Central, também conhecido como emissão primária de moeda. Inclui a moeda em circulação e as reservas bancárias.",1
01/03/2000,40905821,1785,Base Monetária,Milhares de Unidades Monetarias,"A base monetária corresponde ao passivo monetário do Banco Central, também conhecido como emissão primária de moeda. Inclui a moeda em circulação e as reservas bancárias.",1
01/04/2000,38549248,1785,Base Monetária,Milhares de Unidades Monetarias,"A base monetária corresponde ao passivo monetário do Banco Central, também conhecido como emissão primária de moeda. Inclui a moeda em circulação e as reservas bancárias.",1
01/05/2000,38460371,1785,Base Monetária,Milhares de Unidades Monetarias,"A base monetária corresponde ao passivo monetário do Banco Central, também conhecido como emissão primária de moeda. Inclui a moeda em circulação e as reservas bancárias.",1
01/06/2000,37923705,1785,Base Monetária,Milhares de Unidades Monetarias,"A base monetária corresponde ao passivo monetário do Banco Central, também conhecido como emissão primária de moeda. Inclui a moeda em circulação e as reservas bancárias.",1
01/07/2000,37140782,1785,Base Monetária,Milhares de Unidades Monetarias,"A base monetária corresponde ao passivo monetário do Banco Central, também conhecido como emissão primária de moeda. Inclui a moeda em circulação e as reservas bancárias.",1
01/08/2000,37854681,1785,Base Monetária,Milhares de Unidades Monetarias,"A base monetária corresponde ao passivo monetário do Banco Central, também conhecido como emissão primária de moeda. Inclui a moeda em circulação e as reservas bancárias.",1
01/09/2000,38060397,1785,Base Monetária,Milhares de Unidades Monetarias,"A base monetária corresponde ao passivo monetário do Banco Central, também conhecido como emissão primária de moeda. Inclui a moeda em circulação e as reservas bancárias.",1
01/10/2000,39298729,1785,Base Monetária,Milhares de Unidades Monetarias,"A base monetária corresponde ao passivo monetário do Banco Central, também conhecido como emissão primária de moeda. Inclui a moeda em circulação e as reservas bancárias.",1
01/11/2000,40005562,1785,Base Monetária,Milhares de Unidades Monetarias,"A base monetária corresponde ao passivo monetário do Banco Central, também conhecido como emissão primária de moeda. Inclui a moeda em circulação e as reservas bancárias.",1
01/12/2000,46303526,1785,Base Monetária,Milhares de Unidades Monetarias,"A base monetária corresponde ao passivo monetário do Banco Central, também conhecido como emissão primária de moeda. Inclui a moeda em circulação e as reservas bancárias.",1
01/01/2001,46458537,1785,Base Monetária,Milhares de Unidades Monetarias,"A base monetária corresponde ao passivo monetário do Banco Central, também conhecido como emissão primária de moeda. Inclui a moeda em circulação e as reservas bancárias.",1
01/02/2001,44300228,1785,Base Monetária,Milhares de Unidades Monetarias,"A base monetária corresponde ao passivo monetário do Banco Central, também conhecido como emissão primária de moeda. Inclui a moeda em circulação e as reservas bancárias.",1
01/03/2001,43306025,1785,Base Monetária,Milhares de Unidades Monetarias,"A base monetária corresponde ao passivo monetário do Banco Central, também conhecido como emissão primária de moeda. Inclui a moeda em circulação e as reservas bancárias.",1
01/04/2001,43543390,1785,Base Monetária,Milhares de Unidades Monetarias,"A base monetária corresponde ao passivo monetário do Banco Central, também conhecido como emissão primária de moeda. Inclui a moeda em circulação e as reservas bancárias.",1
01/05/2001,43636046,1785,Base Monetária,Milhares de Unidades Monetarias,"A base monetária corresponde ao passivo monetário do Banco Central, também conhecido como emissão primária de moeda. Inclui a moeda em circulação e as reservas bancárias.",1
01/06/2001,43936119,1785,Base Monetária,Milhares de Unidades Monetarias,"A base monetária corresponde ao passivo monetário do Banco Central, também conhecido como emissão primária de moeda. Inclui a moeda em circulação e as reservas bancárias.",1
01/07/2001,45003752,1785,Base Monetária,Milhares de Unidades Monetarias,"A base monetária corresponde ao passivo monetário do Banco Central, também conhecido como emissão primária de moeda. Inclui a moeda em circulação e as reservas bancárias.",1
01/08/2001,45010319,1785,Base Monetária,Milhares de Unidades Monetarias,"A base monetária corresponde ao passivo monetário do Banco Central, também conhecido como emissão primária de moeda. Inclui a moeda em circulação e as reservas bancárias.",1
01/09/2001,45132802,1785,Base Monetária,Milhares de Unidades Monetarias,"A base monetária corresponde ao passivo monetário do Banco Central, também conhecido como emissão primária de moeda. Inclui a moeda em circulação e as reservas bancárias.",1
01/10/2001,45430376,1785,Base Monetária,Milhares de Unidades Monetarias,"A base monetária corresponde ao passivo monetário do Banco Central, também conhecido como emissão primária de moeda. Inclui a moeda em circulação e as reservas bancárias.",1
01/11/2001,45586687,1785,Base Monetária,Milhares de Unidades Monetarias,"A base monetária corresponde ao passivo monetário do Banco Central, também conhecido como emissão primária de moeda. Inclui a moeda em circulação e as reservas bancárias.",1
01/12/2001,52846221,1785,Base Monetária,Milhares de Unidades Monetarias,"A base monetária corresponde ao passivo monetário do Banco Central, também conhecido como emissão primária de moeda. Inclui a moeda em circulação e as reservas bancárias.",1
01/01/2002,52297704,1785,Base Monetária,Milhares de Unidades Monetarias,"A base monetária corresponde ao passivo monetário do Banco Central, também conhecido como emissão primária de moeda. Inclui a moeda em circulação e as reservas bancárias.",1
01/02/2002,50056190,1785,Base Monetária,Milhares de Unidades Monetarias,"A base monetária corresponde ao passivo monetário do Banco Central, também conhecido como emissão primária de moeda. Inclui a moeda em circulação e as reservas bancárias.",1
01/03/2002,49371487,1785,Base Monetária,Milhares de Unidades Monetarias,"A base monetária corresponde ao passivo monetário do Banco Central, também conhecido como emissão primária de moeda. Inclui a moeda em circulação e as reservas bancárias.",1
01/04/2002,48598453,1785,Base Monetária,Milhares de Unidades Monetarias,"A base monetária corresponde ao passivo monetário do Banco Central, também conhecido como emissão primária de moeda. Inclui a moeda em circulação e as reservas bancárias.",1
01/05/2002,49264504,1785,Base Monetária,Milhares de Unidades Monetarias,"A base monetária corresponde ao passivo monetário do Banco Central, também conhecido como emissão primária de moeda. Inclui a moeda em circulação e as reservas bancárias.",1
01/06/2002,50577170,1785,Base Monetária,Milhares de Unidades Monetarias,"A base monetária corresponde ao passivo monetário do Banco Central, também conhecido como emissão primária de moeda. Inclui a moeda em circulação e as reservas bancárias.",1
01/07/2002,54219591,1785,Base Monetária,Milhares de Unidades Monetarias,"A base monetária corresponde ao passivo monetário do Banco Central, também conhecido como emissão primária de moeda. Inclui a moeda em circulação e as reservas bancárias.",1
01/08/2002,56266117,1785,Base Monetária,Milhares de Unidades Monetarias,"A base monetária corresponde ao passivo monetário do Banco Central, também conhecido como emissão primária de moeda. Inclui a moeda em circulação e as reservas bancárias.",1
01/09/2002,58164776,1785,Base Monetária,Milhares de Unidades Monetarias,"A base monetária corresponde ao passivo monetário do Banco Central, também conhecido como emissão primária de moeda. Inclui a moeda em circulação e as reservas bancárias.",1
01/10/2002,60606831,1785,Base Monetária,Milhares de Unidades Monetarias,"A base monetária corresponde ao passivo monetário do Banco Central, também conhecido como emissão primária de moeda. Inclui a moeda em circulação e as reservas bancárias.",1
01/11/2002,61344327,1785,Base Monetária,Milhares de Unidades Monetarias,"A base monetária corresponde ao passivo monetário do Banco Central, também conhecido como emissão primária de moeda. Inclui a moeda em circulação e as reservas bancárias.",1
01/12/2002,69900577,1785,Base Monetária,Milhares de Unidades Monetarias,"A base monetária corresponde ao passivo monetário do Banco Central, também conhecido como emissão primária de moeda. Inclui a moeda em circulação e as reservas bancárias.",1
01/01/2003,68885958,1785,Base Monetária,Milhares de Unidades Monetarias,"A base monetária corresponde ao passivo monetário do Banco Central, também conhecido como emissão primária de moeda. Inclui a moeda em circulação e as reservas bancárias.",1
01/02/2003,64092374,1785,Base Monetária,Milhares de Unidades Monetarias,"A base monetária corresponde ao passivo monetário do Banco Central, também conhecido como emissão primária de moeda. Inclui a moeda em circulação e as reservas bancárias.",1
01/03/2003,69290133,1785,Base Monetária,Milhares de Unidades Monetarias,"A base monetária corresponde ao passivo monetário do Banco Central, também conhecido como emissão primária de moeda. Inclui a moeda em circulação e as reservas bancárias.",1
01/04/2003,67371609,1785,Base Monetária,Milhares de Unidades Monetarias,"A base monetária corresponde ao passivo monetário do Banco Central, também conhecido como emissão primária de moeda. Inclui a moeda em circulação e as reservas bancárias.",1
01/05/2003,66199137,1785,Base Monetária,Milhares de Unidades Monetarias,"A base monetária corresponde ao passivo monetário do Banco Central, também conhecido como emissão primária de moeda. Inclui a moeda em circulação e as reservas bancárias.",1
01/06/2003,65702551,1785,Base Monetária,Milhares de Unidades Monetarias,"A base monetária corresponde ao passivo monetário do Banco Central, também conhecido como emissão primária de moeda. Inclui a moeda em circulação e as reservas bancárias.",1
01/07/2003,66356958,1785,Base Monetária,Milhares de Unidades Monetarias,"A base monetária corresponde ao passivo monetário do Banco Central, também conhecido como emissão primária de moeda. Inclui a moeda em circulação e as reservas bancárias.",1
01/08/2003,64492540,1785,Base Monetária,Milhares de Unidades Monetarias,"A base monetária corresponde ao passivo monetário do Banco Central, também conhecido como emissão primária de moeda. Inclui a moeda em circulação e as reservas bancárias.",1
01/09/2003,58850685,1785,Base Monetária,Milhares de Unidades Monetarias,"A base monetária corresponde ao passivo monetário do Banco Central, também conhecido como emissão primária de moeda. Inclui a moeda em circulação e as reservas bancárias.",1
01/10/2003,59215531,1785,Base Monetária,Milhares de Unidades Monetarias,"A base monetária corresponde ao passivo monetário do Banco Central, também conhecido como emissão primária de moeda. Inclui a moeda em circulação e as reservas bancárias.",1
01/11/2003,60982751,1785,Base Monetária,Milhares de Unidades Monetarias,"A base monetária corresponde ao passivo monetário do Banco Central, também conhecido como emissão primária de moeda. Inclui a moeda em circulação e as reservas bancárias.",1
01/12/2003,70801557,1785,Base Monetária,Milhares de Unidades Monetarias,"A base monetária corresponde ao passivo monetário do Banco Central, também conhecido como emissão primária de moeda. Inclui a moeda em circulação e as reservas bancárias.",1
01/01/2004,70814643,1785,Base Monetária,Milhares de Unidades Monetarias,"A base monetária corresponde ao passivo monetário do Banco Central, também conhecido como emissão primária de moeda. Inclui a moeda em circulação e as reservas bancárias.",1
01/02/2004,68765803,1785,Base Monetária,Milhares de Unidades Monetarias,"A base monetária corresponde ao passivo monetário do Banco Central, também conhecido como emissão primária de moeda. Inclui a moeda em circulação e as reservas bancárias.",1
01/03/2004,66759470,1785,Base Monetária,Milhares de Unidades Monetarias,"A base monetária corresponde ao passivo monetário do Banco Central, também conhecido como emissão primária de moeda. Inclui a moeda em circulação e as reservas bancárias.",1
01/04/2004,68066959,1785,Base Monetária,Milhares de Unidades Monetarias,"A base monetária corresponde ao passivo monetário do Banco Central, também conhecido como emissão primária de moeda. Inclui a moeda em circulação e as reservas bancárias.",1
01/05/2004,68595174,1785,Base Monetária,Milhares de Unidades Monetarias,"A base monetária corresponde ao passivo monetário do Banco Central, também conhecido como emissão primária de moeda. Inclui a moeda em circulação e as reservas bancárias.",1
01/06/2004,70769103,1785,Base Monetária,Milhares de Unidades Monetarias,"A base monetária corresponde ao passivo monetário do Banco Central, também conhecido como emissão primária de moeda. Inclui a moeda em circulação e as reservas bancárias.",1
01/07/2004,72028669,1785,Base Monetária,Milhares de Unidades Monetarias,"A base monetária corresponde ao passivo monetário do Banco Central, também conhecido como emissão primária de moeda. Inclui a moeda em circulação e as reservas bancárias.",1
01/08/2004,72519510,1785,Base Monetária,Milhares de Unidades Monetarias,"A base monetária corresponde ao passivo monetário do Banco Central, também conhecido como emissão primária de moeda. Inclui a moeda em circulação e as reservas bancárias.",1
01/09/2004,73197910,1785,Base Monetária,Milhares de Unidades Monetarias,"A base monetária corresponde ao passivo monetário do Banco Central, também conhecido como emissão primária de moeda. Inclui a moeda em circulação e as reservas bancárias.",1
01/10/2004,75866183,1785,Base Monetária,Milhares de Unidades Monetarias,"A base monetária corresponde ao passivo monetário do Banco Central, também conhecido como emissão primária de moeda. Inclui a moeda em circulação e as reservas bancárias.",1
01/11/2004,76977791,1785,Base Monetária,Milhares de Unidades Monetarias,"A base monetária corresponde ao passivo monetário do Banco Central, também conhecido como emissão primária de moeda. Inclui a moeda em circulação e as reservas bancárias.",1
01/12/2004,87343874,1785,Base Monetária,Milhares de Unidades Monetarias,"A base monetária corresponde ao passivo monetário do Banco Central, também conhecido como emissão primária de moeda. Inclui a moeda em circulação e as reservas bancárias.",1
01/01/2005,85984255,1785,Base Monetária,Milhares de Unidades Monetarias,"A base monetária corresponde ao passivo monetário do Banco Central, também conhecido como emissão primária de moeda. Inclui a moeda em circulação e as reservas bancárias.",1
01/02/2005,82910776,1785,Base Monetária,Milhares de Unidades Monetarias,"A base monetária corresponde ao passivo monetário do Banco Central, também conhecido como emissão primária de moeda. Inclui a moeda em circulação e as reservas bancárias.",1
01/03/2005,81420998,1785,Base Monetária,Milhares de Unidades Monetarias,"A base monetária corresponde ao passivo monetário do Banco Central, também conhecido como emissão primária de moeda. Inclui a moeda em circulação e as reservas bancárias.",1
01/04/2005,80463962,1785,Base Monetária,Milhares de Unidades Monetarias,"A base monetária corresponde ao passivo monetário do Banco Central, também conhecido como emissão primária de moeda. Inclui a moeda em circulação e as reservas bancárias.",1
01/05/2005,80407772,1785,Base Monetária,Milhares de Unidades Monetarias,"A base monetária corresponde ao passivo monetário do Banco Central, também conhecido como emissão primária de moeda. Inclui a moeda em circulação e as reservas bancárias.",1
01/06/2005,80239414,1785,Base Monetária,Milhares de Unidades Monetarias,"A base monetária corresponde ao passivo monetário do Banco Central, também conhecido como emissão primária de moeda. Inclui a moeda em circulação e as reservas bancárias.",1
01/07/2005,82518935,1785,Base Monetária,Milhares de Unidades Monetarias,"A base monetária corresponde ao passivo monetário do Banco Central, também conhecido como emissão primária de moeda. Inclui a moeda em circulação e as reservas bancárias.",1
01/08/2005,82073782,1785,Base Monetária,Milhares de Unidades Monetarias,"A base monetária corresponde ao passivo monetário do Banco Central, também conhecido como emissão primária de moeda. Inclui a moeda em circulação e as reservas bancárias.",1
01/09/2005,82689592,1785,Base Monetária,Milhares de Unidades Monetarias,"A base monetária corresponde ao passivo monetário do Banco Central, também conhecido como emissão primária de moeda. Inclui a moeda em circulação e as reservas bancárias.",1
01/10/2005,83855189,1785,Base Monetária,Milhares de Unidades Monetarias,"A base monetária corresponde ao passivo monetário do Banco Central, também conhecido como emissão primária de moeda. Inclui a moeda em circulação e as reservas bancárias.",1
01/11/2005,85139078,1785,Base Monetária,Milhares de Unidades Monetarias,"A base monetária corresponde ao passivo monetário do Banco Central, também conhecido como emissão primária de moeda. Inclui a moeda em circulação e as reservas bancárias.",1
01/12/2005,98306431,1785,Base Monetária,Milhares de Unidades Monetarias,"A base monetária corresponde ao passivo monetário do Banco Central, também conhecido como emissão primária de moeda. Inclui a moeda em circulação e as reservas bancárias.",1
01/01/2006,96654680,1785,Base Monetária,Milhares de Unidades Monetarias,"A base monetária corresponde ao passivo monetário do Banco Central, também conhecido como emissão primária de moeda. Inclui a moeda em circulação e as reservas bancárias.",1
01/02/2006,92458052,1785,Base Monetária,Milhares de Unidades Monetarias,"A base monetária corresponde ao passivo monetário do Banco Central, também conhecido como emissão primária de moeda. Inclui a moeda em circulação e as reservas bancárias.",1
01/03/2006,90484082,1785,Base Monetária,Milhares de Unidades Monetarias,"A base monetária corresponde ao passivo monetário do Banco Central, também conhecido como emissão primária de moeda. Inclui a moeda em circulação e as reservas bancárias.",1
01/04/2006,90925662,1785,Base Monetária,Milhares de Unidades Monetarias,"A base monetária corresponde ao passivo monetário do Banco Central, também conhecido como emissão primária de moeda. Inclui a moeda em circulação e as reservas bancárias.",1
01/05/2006,90757357,1785,Base Monetária,Milhares de Unidades Monetarias,"A base monetária corresponde ao passivo monetário do Banco Central, também conhecido como emissão primária de moeda. Inclui a moeda em circulação e as reservas bancárias.",1
01/06/2006,93789636,1785,Base Monetária,Milhares de Unidades Monetarias,"A base monetária corresponde ao passivo monetário do Banco Central, também conhecido como emissão primária de moeda. Inclui a moeda em circulação e as reservas bancárias.",1
01/07/2006,95527911,1785,Base Monetária,Milhares de Unidades Monetarias,"A base monetária corresponde ao passivo monetário do Banco Central, também conhecido como emissão primária de moeda. Inclui a moeda em circulação e as reservas bancárias.",1
01/08/2006,96009219,1785,Base Monetária,Milhares de Unidades Monetarias,"A base monetária corresponde ao passivo monetário do Banco Central, também conhecido como emissão primária de moeda. Inclui a moeda em circulação e as reservas bancárias.",1
01/09/2006,100473756,1785,Base Monetária,Milhares de Unidades Monetarias,"A base monetária corresponde ao passivo monetário do Banco Central, também conhecido como emissão primária de moeda. Inclui a moeda em circulação e as reservas bancárias.",1
01/10/2006,101903222,1785,Base Monetária,Milhares de Unidades Monetarias,"A base monetária corresponde ao passivo monetário do Banco Central, também conhecido como emissão primária de moeda. Inclui a moeda em circulação e as reservas bancárias.",1
01/11/2006,104882265,1785,Base Monetária,Milhares de Unidades Monetarias,"A base monetária corresponde ao passivo monetário do Banco Central, também conhecido como emissão primária de moeda. Inclui a moeda em circulação e as reservas bancárias.",1
01/12/2006,118304485,1785,Base Monetária,Milhares de Unidades Monetarias,"A base monetária corresponde ao passivo monetário do Banco Central, também conhecido como emissão primária de moeda. Inclui a moeda em circulação e as reservas bancárias.",1
01/01/2007,116327953,1785,Base Monetária,Milhares de Unidades Monetarias,"A base monetária corresponde ao passivo monetário do Banco Central, também conhecido como emissão primária de moeda. Inclui a moeda em circulação e as reservas bancárias.",1
01/02/2007,111951118,1785,Base Monetária,Milhares de Unidades Monetarias,"A base monetária corresponde ao passivo monetário do Banco Central, também conhecido como emissão primária de moeda. Inclui a moeda em circulação e as reservas bancárias.",1
01/03/2007,109023124,1785,Base Monetária,Milhares de Unidades Monetarias,"A base monetária corresponde ao passivo monetário do Banco Central, também conhecido como emissão primária de moeda. Inclui a moeda em circulação e as reservas bancárias.",1
01/04/2007,110694050,1785,Base Monetária,Milhares de Unidades Monetarias,"A base monetária corresponde ao passivo monetário do Banco Central, também conhecido como emissão primária de moeda. Inclui a moeda em circulação e as reservas bancárias.",1
01/05/2007,111301277,1785,Base Monetária,Milhares de Unidades Monetarias,"A base monetária corresponde ao passivo monetário do Banco Central, também conhecido como emissão primária de moeda. Inclui a moeda em circulação e as reservas bancárias.",1
01/06/2007,113194939,1785,Base Monetária,Milhares de Unidades Monetarias,"A base monetária corresponde ao passivo monetário do Banco Central, também conhecido como emissão primária de moeda. Inclui a moeda em circulação e as reservas bancárias.",1
01/07/2007,116457837,1785,Base Monetária,Milhares de Unidades Monetarias,"A base monetária corresponde ao passivo monetário do Banco Central, também conhecido como emissão primária de moeda. Inclui a moeda em circulação e as reservas bancárias.",1
01/08/2007,117425227,1785,Base Monetária,Milhares de Unidades Monetarias,"A base monetária corresponde ao passivo monetário do Banco Central, também conhecido como emissão primária de moeda. Inclui a moeda em circulação e as reservas bancárias.",1
01/09/2007,123180629,1785,Base Monetária,Milhares de Unidades Monetarias,"A base monetária corresponde ao passivo monetário do Banco Central, também conhecido como emissão primária de moeda. Inclui a moeda em circulação e as reservas bancárias.",1
01/10/2007,124344973,1785,Base Monetária,Milhares de Unidades Monetarias,"A base monetária corresponde ao passivo monetário do Banco Central, também conhecido como emissão primária de moeda. Inclui a moeda em circulação e as reservas bancárias.",1
01/11/2007,127392938,1785,Base Monetária,Milhares de Unidades Monetarias,"A base monetária corresponde ao passivo monetário do Banco Central, também conhecido como emissão primária de moeda. Inclui a moeda em circulação e as reservas bancárias.",1
01/12/2007,143642044,1785,Base Monetária,Milhares de Unidades Monetarias,"A base monetária corresponde ao passivo monetário do Banco Central, também conhecido como emissão primária de moeda. Inclui a moeda em circulação e as reservas bancárias.",1
01/01/2008,141857783,1785,Base Monetária,Milhares de Unidades Monetarias,"A base monetária corresponde ao passivo monetário do Banco Central, também conhecido como emissão primária de moeda. Inclui a moeda em circulação e as reservas bancárias.",1
01/02/2008,132524250,1785,Base Monetária,Milhares de Unidades Monetarias,"A base monetária corresponde ao passivo monetário do Banco Central, também conhecido como emissão primária de moeda. Inclui a moeda em circulação e as reservas bancárias.",1
01/03/2008,130810977,1785,Base Monetária,Milhares de Unidades Monetarias,"A base monetária corresponde ao passivo monetário do Banco Central, também conhecido como emissão primária de moeda. Inclui a moeda em circulação e as reservas bancárias.",1
01/04/2008,131319717,1785,Base Monetária,Milhares de Unidades Monetarias,"A base monetária corresponde ao passivo monetário do Banco Central, também conhecido como emissão primária de moeda. Inclui a moeda em circulação e as reservas bancárias.",1
01/05/2008,132658230,1785,Base Monetária,Milhares de Unidades Monetarias,"A base monetária corresponde ao passivo monetário do Banco Central, também conhecido como emissão primária de moeda. Inclui a moeda em circulação e as reservas bancárias.",1
01/06/2008,131066791,1785,Base Monetária,Milhares de Unidades Monetarias,"A base monetária corresponde ao passivo monetário do Banco Central, também conhecido como emissão primária de moeda. Inclui a moeda em circulação e as reservas bancárias.",1
01/07/2008,134668890,1785,Base Monetária,Milhares de Unidades Monetarias,"A base monetária corresponde ao passivo monetário do Banco Central, também conhecido como emissão primária de moeda. Inclui a moeda em circulação e as reservas bancárias.",1
01/08/2008,133935197,1785,Base Monetária,Milhares de Unidades Monetarias,"A base monetária corresponde ao passivo monetário do Banco Central, também conhecido como emissão primária de moeda. Inclui a moeda em circulação e as reservas bancárias.",1
01/09/2008,137544332,1785,Base Monetária,Milhares de Unidades Monetarias,"A base monetária corresponde ao passivo monetário do Banco Central, também conhecido como emissão primária de moeda. Inclui a moeda em circulação e as reservas bancárias.",1
01/10/2008,139816251,1785,Base Monetária,Milhares de Unidades Monetarias,"A base monetária corresponde ao passivo monetário do Banco Central, também conhecido como emissão primária de moeda. Inclui a moeda em circulação e as reservas bancárias.",1
01/11/2008,130600225,1785,Base Monetária,Milhares de Unidades Monetarias,"A base monetária corresponde ao passivo monetário do Banco Central, também conhecido como emissão primária de moeda. Inclui a moeda em circulação e as reservas bancárias.",1
01/12/2008,145741666,1785,Base Monetária,Milhares de Unidades Monetarias,"A base monetária corresponde ao passivo monetário do Banco Central, também conhecido como emissão primária de moeda. Inclui a moeda em circulação e as reservas bancárias.",1
01/01/2009,142042290,1785,Base Monetária,Milhares de Unidades Monetarias,"A base monetária corresponde ao passivo monetário do Banco Central, também conhecido como emissão primária de moeda. Inclui a moeda em circulação e as reservas bancárias.",1
01/02/2009,135860956,1785,Base Monetária,Milhares de Unidades Monetarias,"A base monetária corresponde ao passivo monetário do Banco Central, também conhecido como emissão primária de moeda. Inclui a moeda em circulação e as reservas bancárias.",1
01/03/2009,132167815,1785,Base Monetária,Milhares de Unidades Monetarias,"A base monetária corresponde ao passivo monetário do Banco Central, também conhecido como emissão primária de moeda. Inclui a moeda em circulação e as reservas bancárias.",1
01/04/2009,132422172,1785,Base Monetária,Milhares de Unidades Monetarias,"A base monetária corresponde ao passivo monetário do Banco Central, também conhecido como emissão primária de moeda. Inclui a moeda em circulação e as reservas bancárias.",1
01/05/2009,134772221,1785,Base Monetária,Milhares de Unidades Monetarias,"A base monetária corresponde ao passivo monetário do Banco Central, também conhecido como emissão primária de moeda. Inclui a moeda em circulação e as reservas bancárias.",1
01/06/2009,136247294,1785,Base Monetária,Milhares de Unidades Monetarias,"A base monetária corresponde ao passivo monetário do Banco Central, também conhecido como emissão primária de moeda. Inclui a moeda em circulação e as reservas bancárias.",1
01/07/2009,138420910,1785,Base Monetária,Milhares de Unidades Monetarias,"A base monetária corresponde ao passivo monetário do Banco Central, também conhecido como emissão primária de moeda. Inclui a moeda em circulação e as reservas bancárias.",1
01/08/2009,138716549,1785,Base Monetária,Milhares de Unidades Monetarias,"A base monetária corresponde ao passivo monetário do Banco Central, também conhecido como emissão primária de moeda. Inclui a moeda em circulação e as reservas bancárias.",1
01/09/2009,145138231,1785,Base Monetária,Milhares de Unidades Monetarias,"A base monetária corresponde ao passivo monetário do Banco Central, também conhecido como emissão primária de moeda. Inclui a moeda em circulação e as reservas bancárias.",1
01/10/2009,145570813,1785,Base Monetária,Milhares de Unidades Monetarias,"A base monetária corresponde ao passivo monetário do Banco Central, também conhecido como emissão primária de moeda. Inclui a moeda em circulação e as reservas bancárias.",1
01/11/2009,148649026,1785,Base Monetária,Milhares de Unidades Monetarias,"A base monetária corresponde ao passivo monetário do Banco Central, também conhecido como emissão primária de moeda. Inclui a moeda em circulação e as reservas bancárias.",1
01/12/2009,167400479,1785,Base Monetária,Milhares de Unidades Monetarias,"A base monetária corresponde ao passivo monetário do Banco Central, também conhecido como emissão primária de moeda. Inclui a moeda em circulação e as reservas bancárias.",1
01/01/2010,165388038,1785,Base Monetária,Milhares de Unidades Monetarias,"A base monetária corresponde ao passivo monetário do Banco Central, também conhecido como emissão primária de moeda. Inclui a moeda em circulação e as reservas bancárias.",1
01/02/2010,161879063,1785,Base Monetária,Milhares de Unidades Monetarias,"A base monetária corresponde ao passivo monetário do Banco Central, também conhecido como emissão primária de moeda. Inclui a moeda em circulação e as reservas bancárias.",1
01/03/2010,158720653,1785,Base Monetária,Milhares de Unidades Monetarias,"A base monetária corresponde ao passivo monetário do Banco Central, também conhecido como emissão primária de moeda. Inclui a moeda em circulação e as reservas bancárias.",1
01/04/2010,160329327,1785,Base Monetária,Milhares de Unidades Monetarias,"A base monetária corresponde ao passivo monetário do Banco Central, também conhecido como emissão primária de moeda. Inclui a moeda em circulação e as reservas bancárias.",1
01/05/2010,159897072,1785,Base Monetária,Milhares de Unidades Monetarias,"A base monetária corresponde ao passivo monetário do Banco Central, também conhecido como emissão primária de moeda. Inclui a moeda em circulação e as reservas bancárias.",1
01/06/2010,162050904,1785,Base Monetária,Milhares de Unidades Monetarias,"A base monetária corresponde ao passivo monetário do Banco Central, também conhecido como emissão primária de moeda. Inclui a moeda em circulação e as reservas bancárias.",1
01/07/2010,166373525,1785,Base Monetária,Milhares de Unidades Monetarias,"A base monetária corresponde ao passivo monetário do Banco Central, também conhecido como emissão primária de moeda. Inclui a moeda em circulação e as reservas bancárias.",1
01/08/2010,168625377,1785,Base Monetária,Milhares de Unidades Monetarias,"A base monetária corresponde ao passivo monetário do Banco Central, também conhecido como emissão primária de moeda. Inclui a moeda em circulação e as reservas bancárias.",1
01/09/2010,172969214,1785,Base Monetária,Milhares de Unidades Monetarias,"A base monetária corresponde ao passivo monetário do Banco Central, também conhecido como emissão primária de moeda. Inclui a moeda em circulação e as reservas bancárias.",1
01/10/2010,176942359,1785,Base Monetária,Milhares de Unidades Monetarias,"A base monetária corresponde ao passivo monetário do Banco Central, também conhecido como emissão primária de moeda. Inclui a moeda em circulação e as reservas bancárias.",1
01/11/2010,177833565,1785,Base Monetária,Milhares de Unidades Monetarias,"A base monetária corresponde ao passivo monetário do Banco Central, também conhecido como emissão primária de moeda. Inclui a moeda em circulação e as reservas bancárias.",1
01/12/2010,197388288,1785,Base Monetária,Milhares de Unidades Monetarias,"A base monetária corresponde ao passivo monetário do Banco Central, também conhecido como emissão primária de moeda. Inclui a moeda em circulação e as reservas bancárias.",1
01/01/2011,192046875,1785,Base Monetária,Milhares de Unidades Monetarias,"A base monetária corresponde ao passivo monetário do Banco Central, também conhecido como emissão primária de moeda. Inclui a moeda em circulação e as reservas bancárias.",1
01/02/2011,183876931,1785,Base Monetária,Milhares de Unidades Monetarias,"A base monetária corresponde ao passivo monetário do Banco Central, também conhecido como emissão primária de moeda. Inclui a moeda em circulação e as reservas bancárias.",1
01/03/2011,180764802,1785,Base Monetária,Milhares de Unidades Monetarias,"A base monetária corresponde ao passivo monetário do Banco Central, também conhecido como emissão primária de moeda. Inclui a moeda em circulação e as reservas bancárias.",1
01/04/2011,179925547,1785,Base Monetária,Milhares de Unidades Monetarias,"A base monetária corresponde ao passivo monetário do Banco Central, também conhecido como emissão primária de moeda. Inclui a moeda em circulação e as reservas bancárias.",1
01/05/2011,177603406,1785,Base Monetária,Milhares de Unidades Monetarias,"A base monetária corresponde ao passivo monetário do Banco Central, também conhecido como emissão primária de moeda. Inclui a moeda em circulação e as reservas bancárias.",1
01/06/2011,180025717,1785,Base Monetária,Milhares de Unidades Monetarias,"A base monetária corresponde ao passivo monetário do Banco Central, também conhecido como emissão primária de moeda. Inclui a moeda em circulação e as reservas bancárias.",1
01/07/2011,179954773,1785,Base Monetária,Milhares de Unidades Monetarias,"A base monetária corresponde ao passivo monetário do Banco Central, também conhecido como emissão primária de moeda. Inclui a moeda em circulação e as reservas bancárias.",1
01/08/2011,179719736,1785,Base Monetária,Milhares de Unidades Monetarias,"A base monetária corresponde ao passivo monetário do Banco Central, também conhecido como emissão primária de moeda. Inclui a moeda em circulação e as reservas bancárias.",1
01/09/2011,184276398,1785,Base Monetária,Milhares de Unidades Monetarias,"A base monetária corresponde ao passivo monetário do Banco Central, também conhecido como emissão primária de moeda. Inclui a moeda em circulação e as reservas bancárias.",1
01/10/2011,185470716,1785,Base Monetária,Milhares de Unidades Monetarias,"A base monetária corresponde ao passivo monetário do Banco Central, também conhecido como emissão primária de moeda. Inclui a moeda em circulação e as reservas bancárias.",1
01/11/2011,187279197,1785,Base Monetária,Milhares de Unidades Monetarias,"A base monetária corresponde ao passivo monetário do Banco Central, também conhecido como emissão primária de moeda. Inclui a moeda em circulação e as reservas bancárias.",1
01/12/2011,205977180,1785,Base Monetária,Milhares de Unidades Monetarias,"A base monetária corresponde ao passivo monetário do Banco Central, também conhecido como emissão primária de moeda. Inclui a moeda em circulação e as reservas bancárias.",1
01/01/2012,200584542,1785,Base Monetária,Milhares de Unidades Monetarias,"A base monetária corresponde ao passivo monetário do Banco Central, também conhecido como emissão primária de moeda. Inclui a moeda em circulação e as reservas bancárias.",1
01/02/2012,194553012,1785,Base Monetária,Milhares de Unidades Monetarias,"A base monetária corresponde ao passivo monetário do Banco Central, também conhecido como emissão primária de moeda. Inclui a moeda em circulação e as reservas bancárias.",1
01/03/2012,190404220,1785,Base Monetária,Milhares de Unidades Monetarias,"A base monetária corresponde ao passivo monetário do Banco Central, também conhecido como emissão primária de moeda. Inclui a moeda em circulação e as reservas bancárias.",1
01/04/2012,189578149,1785,Base Monetária,Milhares de Unidades Monetarias,"A base monetária corresponde ao passivo monetário do Banco Central, também conhecido como emissão primária de moeda. Inclui a moeda em circulação e as reservas bancárias.",1
01/05/2012,190083861,1785,Base Monetária,Milhares de Unidades Monetarias,"A base monetária corresponde ao passivo monetário do Banco Central, também conhecido como emissão primária de moeda. Inclui a moeda em circulação e as reservas bancárias.",1
01/06/2012,192526427,1785,Base Monetária,Milhares de Unidades Monetarias,"A base monetária corresponde ao passivo monetário do Banco Central, também conhecido como emissão primária de moeda. Inclui a moeda em circulação e as reservas bancárias.",1
01/07/2012,197481613,1785,Base Monetária,Milhares de Unidades Monetarias,"A base monetária corresponde ao passivo monetário do Banco Central, também conhecido como emissão primária de moeda. Inclui a moeda em circulação e as reservas bancárias.",1
01/08/2012,196988272,1785,Base Monetária,Milhares de Unidades Monetarias,"A base monetária corresponde ao passivo monetário do Banco Central, também conhecido como emissão primária de moeda. Inclui a moeda em circulação e as reservas bancárias.",1
01/09/2012,205554893,1785,Base Monetária,Milhares de Unidades Monetarias,"A base monetária corresponde ao passivo monetário do Banco Central, também conhecido como emissão primária de moeda. Inclui a moeda em circulação e as reservas bancárias.",1
01/10/2012,206024936,1785,Base Monetária,Milhares de Unidades Monetarias,"A base monetária corresponde ao passivo monetário do Banco Central, também conhecido como emissão primária de moeda. Inclui a moeda em circulação e as reservas bancárias.",1
01/11/2012,206507508,1785,Base Monetária,Milhares de Unidades Monetarias,"A base monetária corresponde ao passivo monetário do Banco Central, também conhecido como emissão primária de moeda. Inclui a moeda em circulação e as reservas bancárias.",1
01/12/2012,230868943,1785,Base Monetária,Milhares de Unidades Monetarias,"A base monetária corresponde ao passivo monetário do Banco Central, também conhecido como emissão primária de moeda. Inclui a moeda em circulação e as reservas bancárias.",1
01/01/2013,226760492,1785,Base Monetária,Milhares de Unidades Monetarias,"A base monetária corresponde ao passivo monetário do Banco Central, também conhecido como emissão primária de moeda. Inclui a moeda em circulação e as reservas bancárias.",1
01/02/2013,214946577,1785,Base Monetária,Milhares de Unidades Monetarias,"A base monetária corresponde ao passivo monetário do Banco Central, também conhecido como emissão primária de moeda. Inclui a moeda em circulação e as reservas bancárias.",1
01/03/2013,205642375,1785,Base Monetária,Milhares de Unidades Monetarias,"A base monetária corresponde ao passivo monetário do Banco Central, também conhecido como emissão primária de moeda. Inclui a moeda em circulação e as reservas bancárias.",1
01/04/2013,206047994,1785,Base Monetária,Milhares de Unidades Monetarias,"A base monetária corresponde ao passivo monetário do Banco Central, também conhecido como emissão primária de moeda. Inclui a moeda em circulação e as reservas bancárias.",1
01/05/2013,207907751,1785,Base Monetária,Milhares de Unidades Monetarias,"A base monetária corresponde ao passivo monetário do Banco Central, também conhecido como emissão primária de moeda. Inclui a moeda em circulação e as reservas bancárias.",1
01/06/2013,204153238,1785,Base Monetária,Milhares de Unidades Monetarias,"A base monetária corresponde ao passivo monetário do Banco Central, também conhecido como emissão primária de moeda. Inclui a moeda em circulação e as reservas bancárias.",1
01/07/2013,211543777,1785,Base Monetária,Milhares de Unidades Monetarias,"A base monetária corresponde ao passivo monetário do Banco Central, também conhecido como emissão primária de moeda. Inclui a moeda em circulação e as reservas bancárias.",1
01/08/2013,212978046,1785,Base Monetária,Milhares de Unidades Monetarias,"A base monetária corresponde ao passivo monetário do Banco Central, também conhecido como emissão primária de moeda. Inclui a moeda em circulação e as reservas bancárias.",1
01/09/2013,214964511,1785,Base Monetária,Milhares de Unidades Monetarias,"A base monetária corresponde ao passivo monetário do Banco Central, também conhecido como emissão primária de moeda. Inclui a moeda em circulação e as reservas bancárias.",1
01/10/2013,217019194,1785,Base Monetária,Milhares de Unidades Monetarias,"A base monetária corresponde ao passivo monetário do Banco Central, também conhecido como emissão primária de moeda. Inclui a moeda em circulação e as reservas bancárias.",1
01/11/2013,221547350,1785,Base Monetária,Milhares de Unidades Monetarias,"A base monetária corresponde ao passivo monetário do Banco Central, também conhecido como emissão primária de moeda. Inclui a moeda em circulação e as reservas bancárias.",1
01/12/2013,240347230,1785,Base Monetária,Milhares de Unidades Monetarias,"A base monetária corresponde ao passivo monetário do Banco Central, também conhecido como emissão primária de moeda. Inclui a moeda em circulação e as reservas bancárias.",1
01/01/2014,235625338,1785,Base Monetária,Milhares de Unidades Monetarias,"A base monetária corresponde ao passivo monetário do Banco Central, também conhecido como emissão primária de moeda. Inclui a moeda em circulação e as reservas bancárias.",1
01/02/2014,227826681,1785,Base Monetária,Milhares de Unidades Monetarias,"A base monetária corresponde ao passivo monetário do Banco Central, também conhecido como emissão primária de moeda. Inclui a moeda em circulação e as reservas bancárias.",1
01/03/2014,223141949,1785,Base Monetária,Milhares de Unidades Monetarias,"A base monetária corresponde ao passivo monetário do Banco Central, também conhecido como emissão primária de moeda. Inclui a moeda em circulação e as reservas bancárias.",1
01/04/2014,225064836,1785,Base Monetária,Milhares de Unidades Monetarias,"A base monetária corresponde ao passivo monetário do Banco Central, também conhecido como emissão primária de moeda. Inclui a moeda em circulação e as reservas bancárias.",1
01/05/2014,222889174,1785,Base Monetária,Milhares de Unidades Monetarias,"A base monetária corresponde ao passivo monetário do Banco Central, também conhecido como emissão primária de moeda. Inclui a moeda em circulação e as reservas bancárias.",1
01/06/2014,223367049,1785,Base Monetária,Milhares de Unidades Monetarias,"A base monetária corresponde ao passivo monetário do Banco Central, também conhecido como emissão primária de moeda. Inclui a moeda em circulação e as reservas bancárias.",1
01/07/2014,225994071,1785,Base Monetária,Milhares de Unidades Monetarias,"A base monetária corresponde ao passivo monetário do Banco Central, também conhecido como emissão primária de moeda. Inclui a moeda em circulação e as reservas bancárias.",1
01/08/2014,226342864,1785,Base Monetária,Milhares de Unidades Monetarias,"A base monetária corresponde ao passivo monetário do Banco Central, também conhecido como emissão primária de moeda. Inclui a moeda em circulação e as reservas bancárias.",1
01/09/2014,231813871,1785,Base Monetária,Milhares de Unidades Monetarias,"A base monetária corresponde ao passivo monetário do Banco Central, também conhecido como emissão primária de moeda. Inclui a moeda em circulação e as reservas bancárias.",1
01/10/2014,234187883,1785,Base Monetária,Milhares de Unidades Monetarias,"A base monetária corresponde ao passivo monetário do Banco Central, também conhecido como emissão primária de moeda. Inclui a moeda em circulação e as reservas bancárias.",1
01/11/2014,236042054,1785,Base Monetária,Milhares de Unidades Monetarias,"A base monetária corresponde ao passivo monetário do Banco Central, também conhecido como emissão primária de moeda. Inclui a moeda em circulação e as reservas bancárias.",1
01/12/2014,259019072,1785,Base Monetária,Milhares de Unidades Monetarias,"A base monetária corresponde ao passivo monetário do Banco Central, também conhecido como emissão primária de moeda. Inclui a moeda em circulação e as reservas bancárias.",1
01/01/2015,253143092,1785,Base Monetária,Milhares de Unidades Monetarias,"A base monetária corresponde ao passivo monetário do Banco Central, também conhecido como emissão primária de moeda. Inclui a moeda em circulação e as reservas bancárias.",1
01/02/2015,241936239,1785,Base Monetária,Milhares de Unidades Monetarias,"A base monetária corresponde ao passivo monetário do Banco Central, também conhecido como emissão primária de moeda. Inclui a moeda em circulação e as reservas bancárias.",1
01/03/2015,240742528,1785,Base Monetária,Milhares de Unidades Monetarias,"A base monetária corresponde ao passivo monetário do Banco Central, também conhecido como emissão primária de moeda. Inclui a moeda em circulação e as reservas bancárias.",1
01/04/2015,238311480,1785,Base Monetária,Milhares de Unidades Monetarias,"A base monetária corresponde ao passivo monetário do Banco Central, também conhecido como emissão primária de moeda. Inclui a moeda em circulação e as reservas bancárias.",1
01/05/2015,232080485,1785,Base Monetária,Milhares de Unidades Monetarias,"A base monetária corresponde ao passivo monetário do Banco Central, também conhecido como emissão primária de moeda. Inclui a moeda em circulação e as reservas bancárias.",1
01/06/2015,233247557,1785,Base Monetária,Milhares de Unidades Monetarias,"A base monetária corresponde ao passivo monetário do Banco Central, também conhecido como emissão primária de moeda. Inclui a moeda em circulação e as reservas bancárias.",1
01/07/2015,234080416,1785,Base Monetária,Milhares de Unidades Monetarias,"A base monetária corresponde ao passivo monetário do Banco Central, também conhecido como emissão primária de moeda. Inclui a moeda em circulação e as reservas bancárias.",1
01/08/2015,229410329,1785,Base Monetária,Milhares de Unidades Monetarias,"A base monetária corresponde ao passivo monetário do Banco Central, também conhecido como emissão primária de moeda. Inclui a moeda em circulação e as reservas bancárias.",1
01/09/2015,230966801,1785,Base Monetária,Milhares de Unidades Monetarias,"A base monetária corresponde ao passivo monetário do Banco Central, também conhecido como emissão primária de moeda. Inclui a moeda em circulação e as reservas bancárias.",1
01/10/2015,237344387,1785,Base Monetária,Milhares de Unidades Monetarias,"A base monetária corresponde ao passivo monetário do Banco Central, também conhecido como emissão primária de moeda. Inclui a moeda em circulação e as reservas bancárias.",1
01/11/2015,237068635,1785,Base Monetária,Milhares de Unidades Monetarias,"A base monetária corresponde ao passivo monetário do Banco Central, também conhecido como emissão primária de moeda. Inclui a moeda em circulação e as reservas bancárias.",1
01/12/2015,256350359,1785,Base Monetária,Milhares de Unidades Monetarias,"A base monetária corresponde ao passivo monetário do Banco Central, também conhecido como emissão primária de moeda. Inclui a moeda em circulação e as reservas bancárias.",1
01/01/2016,251652820,1785,Base Monetária,Milhares de Unidades Monetarias,"A base monetária corresponde ao passivo monetário do Banco Central, também conhecido como emissão primária de moeda. Inclui a moeda em circulação e as reservas bancárias.",1
01/02/2016,244271149,1785,Base Monetária,Milhares de Unidades Monetarias,"A base monetária corresponde ao passivo monetário do Banco Central, também conhecido como emissão primária de moeda. Inclui a moeda em circulação e as reservas bancárias.",1
01/03/2016,241117782,1785,Base Monetária,Milhares de Unidades Monetarias,"A base monetária corresponde ao passivo monetário do Banco Central, também conhecido como emissão primária de moeda. Inclui a moeda em circulação e as reservas bancárias.",1
01/04/2016,237362700,1785,Base Monetária,Milhares de Unidades Monetarias,"A base monetária corresponde ao passivo monetário do Banco Central, também conhecido como emissão primária de moeda. Inclui a moeda em circulação e as reservas bancárias.",1
01/05/2016,238375730,1785,Base Monetária,Milhares de Unidades Monetarias,"A base monetária corresponde ao passivo monetário do Banco Central, também conhecido como emissão primária de moeda. Inclui a moeda em circulação e as reservas bancárias.",1
01/06/2016,236508935,1785,Base Monetária,Milhares de Unidades Monetarias,"A base monetária corresponde ao passivo monetário do Banco Central, também conhecido como emissão primária de moeda. Inclui a moeda em circulação e as reservas bancárias.",1
01/07/2016,237508676,1785,Base Monetária,Milhares de Unidades Monetarias,"A base monetária corresponde ao passivo monetário do Banco Central, também conhecido como emissão primária de moeda. Inclui a moeda em circulação e as reservas bancárias.",1
01/08/2016,237161461,1785,Base Monetária,Milhares de Unidades Monetarias,"A base monetária corresponde ao passivo monetário do Banco Central, também conhecido como emissão primária de moeda. Inclui a moeda em circulação e as reservas bancárias.",1
01/09/2016,243218284,1785,Base Monetária,Milhares de Unidades Monetarias,"A base monetária corresponde ao passivo monetário do Banco Central, também conhecido como emissão primária de moeda. Inclui a moeda em circulação e as reservas bancárias.",1
01/10/2016,244077449,1785,Base Monetária,Milhares de Unidades Monetarias,"A base monetária corresponde ao passivo monetário do Banco Central, também conhecido como emissão primária de moeda. Inclui a moeda em circulação e as reservas bancárias.",1
01/11/2016,243446509,1785,Base Monetária,Milhares de Unidades Monetarias,"A base monetária corresponde ao passivo monetário do Banco Central, também conhecido como emissão primária de moeda. Inclui a moeda em circulação e as reservas bancárias.",1
01/12/2016,265369719,1785,Base Monetária,Milhares de Unidades Monetarias,"A base monetária corresponde ao passivo monetário do Banco Central, também conhecido como emissão primária de moeda. Inclui a moeda em circulação e as reservas bancárias.",1
01/01/2017,260397372,1785,Base Monetária,Milhares de Unidades Monetarias,"A base monetária corresponde ao passivo monetário do Banco Central, também conhecido como emissão primária de moeda. Inclui a moeda em circulação e as reservas bancárias.",1
01/02/2017,251571268,1785,Base Monetária,Milhares de Unidades Monetarias,"A base monetária corresponde ao passivo monetário do Banco Central, também conhecido como emissão primária de moeda. Inclui a moeda em circulação e as reservas bancárias.",1
01/03/2017,248035925,1785,Base Monetária,Milhares de Unidades Monetarias,"A base monetária corresponde ao passivo monetário do Banco Central, também conhecido como emissão primária de moeda. Inclui a moeda em circulação e as reservas bancárias.",1
01/04/2017,248716917,1785,Base Monetária,Milhares de Unidades Monetarias,"A base monetária corresponde ao passivo monetário do Banco Central, também conhecido como emissão primária de moeda. Inclui a moeda em circulação e as reservas bancárias.",1
01/05/2017,248050620,1785,Base Monetária,Milhares de Unidades Monetarias,"A base monetária corresponde ao passivo monetário do Banco Central, também conhecido como emissão primária de moeda. Inclui a moeda em circulação e as reservas bancárias.",1
01/06/2017,250502233,1785,Base Monetária,Milhares de Unidades Monetarias,"A base monetária corresponde ao passivo monetário do Banco Central, também conhecido como emissão primária de moeda. Inclui a moeda em circulação e as reservas bancárias.",1
01/07/2017,251374098,1785,Base Monetária,Milhares de Unidades Monetarias,"A base monetária corresponde ao passivo monetário do Banco Central, também conhecido como emissão primária de moeda. Inclui a moeda em circulação e as reservas bancárias.",1
01/08/2017,249865509,1785,Base Monetária,Milhares de Unidades Monetarias,"A base monetária corresponde ao passivo monetário do Banco Central, também conhecido como emissão primária de moeda. Inclui a moeda em circulação e as reservas bancárias.",1
01/09/2017,254445013,1785,Base Monetária,Milhares de Unidades Monetarias,"A base monetária corresponde ao passivo monetário do Banco Central, também conhecido como emissão primária de moeda. Inclui a moeda em circulação e as reservas bancárias.",1
01/10/2017,254300762,1785,Base Monetária,Milhares de Unidades Monetarias,"A base monetária corresponde ao passivo monetário do Banco Central, também conhecido como emissão primária de moeda. Inclui a moeda em circulação e as reservas bancárias.",1
01/11/2017,256610962,1785,Base Monetária,Milhares de Unidades Monetarias,"A base monetária corresponde ao passivo monetário do Banco Central, também conhecido como emissão primária de moeda. Inclui a moeda em circulação e as reservas bancárias.",1
01/12/2017,282291930,1785,Base Monetária,Milhares de Unidades Monetarias,"A base monetária corresponde ao passivo monetário do Banco Central, também conhecido como emissão primária de moeda. Inclui a moeda em circulação e as reservas bancárias.",1
01/01/2018,277091473,1785,Base Monetária,Milhares de Unidades Monetarias,"A base monetária corresponde ao passivo monetário do Banco Central, também conhecido como emissão primária de moeda. Inclui a moeda em circulação e as reservas bancárias.",1
01/02/2018,268674457,1785,Base Monetária,Milhares de Unidades Monetarias,"A base monetária corresponde ao passivo monetário do Banco Central, também conhecido como emissão primária de moeda. Inclui a moeda em circulação e as reservas bancárias.",1
01/03/2018,264988299,1785,Base Monetária,Milhares de Unidades Monetarias,"A base monetária corresponde ao passivo monetário do Banco Central, também conhecido como emissão primária de moeda. Inclui a moeda em circulação e as reservas bancárias.",1
01/04/2018,262149570,1785,Base Monetária,Milhares de Unidades Monetarias,"A base monetária corresponde ao passivo monetário do Banco Central, também conhecido como emissão primária de moeda. Inclui a moeda em circulação e as reservas bancárias.",1
01/05/2018,263424071,1785,Base Monetária,Milhares de Unidades Monetarias,"A base monetária corresponde ao passivo monetário do Banco Central, também conhecido como emissão primária de moeda. Inclui a moeda em circulação e as reservas bancárias.",1
01/06/2018,265082605,1785,Base Monetária,Milhares de Unidades Monetarias,"A base monetária corresponde ao passivo monetário do Banco Central, também conhecido como emissão primária de moeda. Inclui a moeda em circulação e as reservas bancárias.",1
01/07/2018,267340246,1785,Base Monetária,Milhares de Unidades Monetarias,"A base monetária corresponde ao passivo monetário do Banco Central, também conhecido como emissão primária de moeda. Inclui a moeda em circulação e as reservas bancárias.",1
01/08/2018,267917708,1785,Base Monetária,Milhares de Unidades Monetarias,"A base monetária corresponde ao passivo monetário do Banco Central, também conhecido como emissão primária de moeda. Inclui a moeda em circulação e as reservas bancárias.",1
01/09/2018,275233403,1785,Base Monetária,Milhares de Unidades Monetarias,"A base monetária corresponde ao passivo monetário do Banco Central, também conhecido como emissão primária de moeda. Inclui a moeda em circulação e as reservas bancárias.",1
01/10/2018,277461939,1785,Base Monetária,Milhares de Unidades Monetarias,"A base monetária corresponde ao passivo monetário do Banco Central, também conhecido como emissão primária de moeda. Inclui a moeda em circulação e as reservas bancárias.",1
01/11/2018,275490392,1785,Base Monetária,Milhares de Unidades Monetarias,"A base monetária corresponde ao passivo monetário do Banco Central, também conhecido como emissão primária de moeda. Inclui a moeda em circulação e as reservas bancárias.",1
01/12/2018,298416099,1785,Base Monetária,Milhares de Unidades Monetarias,"A base monetária corresponde ao passivo monetário do Banco Central, também conhecido como emissão primária de moeda. Inclui a moeda em circulação e as reservas bancárias.",1
01/01/2019,288827411,1785,Base Monetária,Milhares de Unidades Monetarias,"A base monetária corresponde ao passivo monetário do Banco Central, também conhecido como emissão primária de moeda. Inclui a moeda em circulação e as reservas bancárias.",1
01/02/2019,278807479,1785,Base Monetária,Milhares de Unidades Monetarias,"A base monetária corresponde ao passivo monetário do Banco Central, também conhecido como emissão primária de moeda. Inclui a moeda em circulação e as reservas bancárias.",1
01/03/2019,277602465,1785,Base Monetária,Milhares de Unidades Monetarias,"A base monetária corresponde ao passivo monetário do Banco Central, também conhecido como emissão primária de moeda. Inclui a moeda em circulação e as reservas bancárias.",1
01/04/2019,275178211,1785,Base Monetária,Milhares de Unidades Monetarias,"A base monetária corresponde ao passivo monetário do Banco Central, também conhecido como emissão primária de moeda. Inclui a moeda em circulação e as reservas bancárias.",1
01/05/2019,271843885,1785,Base Monetária,Milhares de Unidades Monetarias,"A base monetária corresponde ao passivo monetário do Banco Central, também conhecido como emissão primária de moeda. Inclui a moeda em circulação e as reservas bancárias.",1
01/06/2019,274001077,1785,Base Monetária,Milhares de Unidades Monetarias,"A base monetária corresponde ao passivo monetário do Banco Central, também conhecido como emissão primária de moeda. Inclui a moeda em circulação e as reservas bancárias.",1
01/07/2019,273466549,1785,Base Monetária,Milhares de Unidades Monetarias,"A base monetária corresponde ao passivo monetário do Banco Central, também conhecido como emissão primária de moeda. Inclui a moeda em circulação e as reservas bancárias.",1
01/08/2019,275518402,1785,Base Monetária,Milhares de Unidades Monetarias,"A base monetária corresponde ao passivo monetário do Banco Central, também conhecido como emissão primária de moeda. Inclui a moeda em circulação e as reservas bancárias.",1
01/09/2019,281284398,1785,Base Monetária,Milhares de Unidades Monetarias,"A base monetária corresponde ao passivo monetário do Banco Central, também conhecido como emissão primária de moeda. Inclui a moeda em circulação e as reservas bancárias.",1
01/10/2019,283725360,1785,Base Monetária,Milhares de Unidades Monetarias,"A base monetária corresponde ao passivo monetário do Banco Central, também conhecido como emissão primária de moeda. Inclui a moeda em circulação e as reservas bancárias.",1
01/11/2019,289250788,1785,Base Monetária,Milhares de Unidades Monetarias,"A base monetária corresponde ao passivo monetário do Banco Central, também conhecido como emissão primária de moeda. Inclui a moeda em circulação e as reservas bancárias.",1
01/12/2019,315031079,1785,Base Monetária,Milhares de Unidades Monetarias,"A base monetária corresponde ao passivo monetário do Banco Central, também conhecido como emissão primária de moeda. Inclui a moeda em circulação e as reservas bancárias.",1
01/01/2020,309794865,1785,Base Monetária,Milhares de Unidades Monetarias,"A base monetária corresponde ao passivo monetário do Banco Central, também conhecido como emissão primária de moeda. Inclui a moeda em circulação e as reservas bancárias.",1
01/02/2020,302521740,1785,Base Monetária,Milhares de Unidades Monetarias,"A base monetária corresponde ao passivo monetário do Banco Central, também conhecido como emissão primária de moeda. Inclui a moeda em circulação e as reservas bancárias.",1
01/03/2020,299183977,1785,Base Monetária,Milhares de Unidades Monetarias,"A base monetária corresponde ao passivo monetário do Banco Central, também conhecido como emissão primária de moeda. Inclui a moeda em circulação e as reservas bancárias.",1
01/04/2020,315351135,1785,Base Monetária,Milhares de Unidades Monetarias,"A base monetária corresponde ao passivo monetário do Banco Central, também conhecido como emissão primária de moeda. Inclui a moeda em circulação e as reservas bancárias.",1
01/05/2020,354968825,1785,Base Monetária,Milhares de Unidades Monetarias,"A base monetária corresponde ao passivo monetário do Banco Central, também conhecido como emissão primária de moeda. Inclui a moeda em circulação e as reservas bancárias.",1
01/06/2020,374594200,1785,Base Monetária,Milhares de Unidades Monetarias,"A base monetária corresponde ao passivo monetário do Banco Central, também conhecido como emissão primária de moeda. Inclui a moeda em circulação e as reservas bancárias.",1
01/07/2020,391972486,1785,Base Monetária,Milhares de Unidades Monetarias,"A base monetária corresponde ao passivo monetário do Banco Central, também conhecido como emissão primária de moeda. Inclui a moeda em circulação e as reservas bancárias.",1
01/08/2020,400306446,1785,Base Monetária,Milhares de Unidades Monetarias,"A base monetária corresponde ao passivo monetário do Banco Central, também conhecido como emissão primária de moeda. Inclui a moeda em circulação e as reservas bancárias.",1
01/09/2020,407541550,1785,Base Monetária,Milhares de Unidades Monetarias,"A base monetária corresponde ao passivo monetário do Banco Central, também conhecido como emissão primária de moeda. Inclui a moeda em circulação e as reservas bancárias.",1
01/10/2020,412083255,1785,Base Monetária,Milhares de Unidades Monetarias,"A base monetária corresponde ao passivo monetário do Banco Central, também conhecido como emissão primária de moeda. Inclui a moeda em circulação e as reservas bancárias.",1
01/11/2020,415484637,1785,Base Monetária,Milhares de Unidades Monetarias,"A base monetária corresponde ao passivo monetário do Banco Central, também conhecido como emissão primária de moeda. Inclui a moeda em circulação e as reservas bancárias.",1
01/12/2020,428351152,1785,Base Monetária,Milhares de Unidades Monetarias,"A base monetária corresponde ao passivo monetário do Banco Central, também conhecido como emissão primária de moeda. Inclui a moeda em circulação e as reservas bancárias.",1
01/01/2021,433440319,1785,Base Monetária,Milhares de Unidades Monetarias,"A base monetária corresponde ao passivo monetário do Banco Central, também conhecido como emissão primária de moeda. Inclui a moeda em circulação e as reservas bancárias.",1
01/02/2021,418386143,1785,Base Monetária,Milhares de Unidades Monetarias,"A base monetária corresponde ao passivo monetário do Banco Central, também conhecido como emissão primária de moeda. Inclui a moeda em circulação e as reservas bancárias.",1
01/03/2021,407067483,1785,Base Monetária,Milhares de Unidades Monetarias,"A base monetária corresponde ao passivo monetário do Banco Central, também conhecido como emissão primária de moeda. Inclui a moeda em circulação e as reservas bancárias.",1
01/04/2021,402056149,1785,Base Monetária,Milhares de Unidades Monetarias,"A base monetária corresponde ao passivo monetário do Banco Central, também conhecido como emissão primária de moeda. Inclui a moeda em circulação e as reservas bancárias.",1
01/05/2021,400492834,1785,Base Monetária,Milhares de Unidades Monetarias,"A base monetária corresponde ao passivo monetário do Banco Central, também conhecido como emissão primária de moeda. Inclui a moeda em circulação e as reservas bancárias.",1
01/06/2021,402914464,1785,Base Monetária,Milhares de Unidades Monetarias,"A base monetária corresponde ao passivo monetário do Banco Central, também conhecido como emissão primária de moeda. Inclui a moeda em circulação e as reservas bancárias.",1
01/07/2021,409819792,1785,Base Monetária,Milhares de Unidades Monetarias,"A base monetária corresponde ao passivo monetário do Banco Central, também conhecido como emissão primária de moeda. Inclui a moeda em circulação e as reservas bancárias.",1
01/08/2021,412689327,1785,Base Monetária,Milhares de Unidades Monetarias,"A base monetária corresponde ao passivo monetário do Banco Central, também conhecido como emissão primária de moeda. Inclui a moeda em circulação e as reservas bancárias.",1
01/09/2021,409472596,1785,Base Monetária,Milhares de Unidades Monetarias,"A base monetária corresponde ao passivo monetário do Banco Central, também conhecido como emissão primária de moeda. Inclui a moeda em circulação e as reservas bancárias.",1
01/10/2021,403592971,1785,Base Monetária,Milhares de Unidades Monetarias,"A base monetária corresponde ao passivo monetário do Banco Central, também conhecido como emissão primária de moeda. Inclui a moeda em circulação e as reservas bancárias.",1
01/11/2021,399463622,1785,Base Monetária,Milhares de Unidades Monetarias,"A base monetária corresponde ao passivo monetário do Banco Central, também conhecido como emissão primária de moeda. Inclui a moeda em circulação e as reservas bancárias.",1
01/12/2021,406997942,1785,Base Monetária,Milhares de Unidades Monetarias,"A base monetária corresponde ao passivo monetário do Banco Central, também conhecido como emissão primária de moeda. Inclui a moeda em circulação e as reservas bancárias.",1
01/01/2022,408685827,1785,Base Monetária,Milhares de Unidades Monetarias,"A base monetária corresponde ao passivo monetário do Banco Central, também conhecido como emissão primária de moeda. Inclui a moeda em circulação e as reservas bancárias.",1
01/02/2022,394010779,1785,Base Monetária,Milhares de Unidades Monetarias,"A base monetária corresponde ao passivo monetário do Banco Central, também conhecido como emissão primária de moeda. Inclui a moeda em circulação e as reservas bancárias.",1
01/03/2022,391055272,1785,Base Monetária,Milhares de Unidades Monetarias,"A base monetária corresponde ao passivo monetário do Banco Central, também conhecido como emissão primária de moeda. Inclui a moeda em circulação e as reservas bancárias.",1
01/04/2022,387964969,1785,Base Monetária,Milhares de Unidades Monetarias,"A base monetária corresponde ao passivo monetário do Banco Central, também conhecido como emissão primária de moeda. Inclui a moeda em circulação e as reservas bancárias.",1
01/05/2022,392180718,1785,Base Monetária,Milhares de Unidades Monetarias,"A base monetária corresponde ao passivo monetário do Banco Central, também conhecido como emissão primária de moeda. Inclui a moeda em circulação e as reservas bancárias.",1
01/06/2022,396583898,1785,Base Monetária,Milhares de Unidades Monetarias,"A base monetária corresponde ao passivo monetário do Banco Central, também conhecido como emissão primária de moeda. Inclui a moeda em circulação e as reservas bancárias.",1
01/07/2022,395335201,1785,Base Monetária,Milhares de Unidades Monetarias,"A base monetária corresponde ao passivo monetário do Banco Central, também conhecido como emissão primária de moeda. Inclui a moeda em circulação e as reservas bancárias.",1
01/08/2022,391342492,1785,Base Monetária,Milhares de Unidades Monetarias,"A base monetária corresponde ao passivo monetário do Banco Central, também conhecido como emissão primária de moeda. Inclui a moeda em circulação e as reservas bancárias.",1
01/09/2022,390140792,1785,Base Monetária,Milhares de Unidades Monetarias,"A base monetária corresponde ao passivo monetário do Banco Central, também conhecido como emissão primária de moeda. Inclui a moeda em circulação e as reservas bancárias.",1
01/10/2022,393177079,1785,Base Monetária,Milhares de Unidades Monetarias,"A base monetária corresponde ao passivo monetário do Banco Central, também conhecido como emissão primária de moeda. Inclui a moeda em circulação e as reservas bancárias.",1
01/11/2022,394384849,1785,Base Monetária,Milhares de Unidades Monetarias,"A base monetária corresponde ao passivo monetário do Banco Central, também conhecido como emissão primária de moeda. Inclui a moeda em circulação e as reservas bancárias.",1
01/12/2022,407026123,1785,Base Monetária,Milhares de Unidades Monetarias,"A base monetária corresponde ao passivo monetário do Banco Central, também conhecido como emissão primária de moeda. Inclui a moeda em circulação e as reservas bancárias.",1
01/01/2023,415205831,1785,Base Monetária,Milhares de Unidades Monetarias,"A base monetária corresponde ao passivo monetário do Banco Central, também conhecido como emissão primária de moeda. Inclui a moeda em circulação e as reservas bancárias.",1
01/02/2023,407607488,1785,Base Monetária,Milhares de Unidades Monetarias,"A base monetária corresponde ao passivo monetário do Banco Central, também conhecido como emissão primária de moeda. Inclui a moeda em circulação e as reservas bancárias.",1
01/03/2023,403820481,1785,Base Monetária,Milhares de Unidades Monetarias,"A base monetária corresponde ao passivo monetário do Banco Central, também conhecido como emissão primária de moeda. Inclui a moeda em circulação e as reservas bancárias.",1
01/04/2023,396092965,1785,Base Monetária,Milhares de Unidades Monetarias,"A base monetária corresponde ao passivo monetário do Banco Central, também conhecido como emissão primária de moeda. Inclui a moeda em circulação e as reservas bancárias.",1
01/05/2023,395505903,1785,Base Monetária,Milhares de Unidades Monetarias,"A base monetária corresponde ao passivo monetário do Banco Central, também conhecido como emissão primária de moeda. Inclui a moeda em circulação e as reservas bancárias.",1
01/06/2023,397422360,1785,Base Monetária,Milhares de Unidades Monetarias,"A base monetária corresponde ao passivo monetário do Banco Central, também conhecido como emissão primária de moeda. Inclui a moeda em circulação e as reservas bancárias.",1
01/07/2023,402700636,1785,Base Monetária,Milhares de Unidades Monetarias,"A base monetária corresponde ao passivo monetário do Banco Central, também conhecido como emissão primária de moeda. Inclui a moeda em circulação e as reservas bancárias.",1
01/08/2023,402746313,1785,Base Monetária,Milhares de Unidades Monetarias,"A base monetária corresponde ao passivo monetário do Banco Central, também conhecido como emissão primária de moeda. Inclui a moeda em circulação e as reservas bancárias.",1
01/09/2023,400051972,1785,Base Monetária,Milhares de Unidades Monetarias,"A base monetária corresponde ao passivo monetário do Banco Central, também conhecido como emissão primária de moeda. Inclui a moeda em circulação e as reservas bancárias.",1
01/10/2023,398986805,1785,Base Monetária,Milhares de Unidades Monetarias,"A base monetária corresponde ao passivo monetário do Banco Central, também conhecido como emissão primária de moeda. Inclui a moeda em circulação e as reservas bancárias.",1
01/11/2023,409947053,1785,Base Monetária,Milhares de Unidades Monetarias,"A base monetária corresponde ao passivo monetário do Banco Central, também conhecido como emissão primária de moeda. Inclui a moeda em circulação e as reservas bancárias.",1
01/12/2023,418589557,1785,Base Monetária,Milhares de Unidades Monetarias,"A base monetária corresponde ao passivo monetário do Banco Central, também conhecido como emissão primária de moeda. Inclui a moeda em circulação e as reservas bancárias.",1
01/01/2024,421432901,1785,Base Monetária,Milhares de Unidades Monetarias,"A base monetária corresponde ao passivo monetário do Banco Central, também conhecido como emissão primária de moeda. Inclui a moeda em circulação e as reservas bancárias.",1
01/02/2024,416570177,1785,Base Monetária,Milhares de Unidades Monetarias,"A base monetária corresponde ao passivo monetário do Banco Central, também conhecido como emissão primária de moeda. Inclui a moeda em circulação e as reservas bancárias.",1
01/03/2024,412553867,1785,Base Monetária,Milhares de Unidades Monetarias,"A base monetária corresponde ao passivo monetário do Banco Central, também conhecido como emissão primária de moeda. Inclui a moeda em circulação e as reservas bancárias.",1
01/04/2024,412789911,1785,Base Monetária,Milhares de Unidades Monetarias,"A base monetária corresponde ao passivo monetário do Banco Central, também conhecido como emissão primária de moeda. Inclui a moeda em circulação e as reservas bancárias.",1
01/05/2024,422076679,1785,Base Monetária,Milhares de Unidades Monetarias,"A base monetária corresponde ao passivo monetário do Banco Central, também conhecido como emissão primária de moeda. Inclui a moeda em circulação e as reservas bancárias.",1
01/06/2024,430613704,1785,Base Monetária,Milhares de Unidades Monetarias,"A base monetária corresponde ao passivo monetário do Banco Central, também conhecido como emissão primária de moeda. Inclui a moeda em circulação e as reservas bancárias.",1
01/07/2024,433937918,1785,Base Monetária,Milhares de Unidades Monetarias,"A base monetária corresponde ao passivo monetário do Banco Central, também conhecido como emissão primária de moeda. Inclui a moeda em circulação e as reservas bancárias.",1
01/08/2024,431708061,1785,Base Monetária,Milhares de Unidades Monetarias,"A base monetária corresponde ao passivo monetário do Banco Central, também conhecido como emissão primária de moeda. Inclui a moeda em circulação e as reservas bancárias.",1
01/09/2024,431104239,1785,Base Monetária,Milhares de Unidades Monetarias,"A base monetária corresponde ao passivo monetário do Banco Central, também conhecido como emissão primária de moeda. Inclui a moeda em circulação e as reservas bancárias.",1
01/10/2024,439507281,1785,Base Monetária,Milhares de Unidades Monetarias,"A base monetária corresponde ao passivo monetário do Banco Central, também conhecido como emissão primária de moeda. Inclui a moeda em circulação e as reservas bancárias.",1
01/11/2024,437162694,1785,Base Monetária,Milhares de Unidades Monetarias,"A base monetária corresponde ao passivo monetário do Banco Central, também conhecido como emissão primária de moeda. Inclui a moeda em circulação e as reservas bancárias.",1
01/12/2024,445844085,1785,Base Monetária,Milhares de Unidades Monetarias,"A base monetária corresponde ao passivo monetário do Banco Central, também conhecido como emissão primária de moeda. Inclui a moeda em circulação e as reservas bancárias.",1
01/01/2025,452884576,1785,Base Monetária,Milhares de Unidades Monetarias,"A base monetária corresponde ao passivo monetário do Banco Central, também conhecido como emissão primária de moeda. Inclui a moeda em circulação e as reservas bancárias.",1
01/02/2025,441713882,1785,Base Monetária,Milhares de Unidades Monetarias,"A base monetária corresponde ao passivo monetário do Banco Central, também conhecido como emissão primária de moeda. Inclui a moeda em circulação e as reservas bancárias.",1
01/03/2025,441881838,1785,Base Monetária,Milhares de Unidades Monetarias,"A base monetária corresponde ao passivo monetário do Banco Central, também conhecido como emissão primária de moeda. Inclui a moeda em circulação e as reservas bancárias.",1
01/04/2025,437110448,1785,Base Monetária,Milhares de Unidades Monetarias,"A base monetária corresponde ao passivo monetário do Banco Central, também conhecido como emissão primária de moeda. Inclui a moeda em circulação e as reservas bancárias.",1
01/05/2025,443043153,1785,Base Monetária,Milhares de Unidades Monetarias,"A base monetária corresponde ao passivo monetário do Banco Central, também conhecido como emissão primária de moeda. Inclui a moeda em circulação e as reservas bancárias.",1
01/06/2025,446192069,1785,Base Monetária,Milhares de Unidades Monetarias,"A base monetária corresponde ao passivo monetário do Banco Central, também conhecido como emissão primária de moeda. Inclui a moeda em circulação e as reservas bancárias.",1
01/07/2025,442674919,1785,Base Monetária,Milhares de Unidades Monetarias,"A base monetária corresponde ao passivo monetário do Banco Central, também conhecido como emissão primária de moeda. Inclui a moeda em circulação e as reservas bancárias.",1
01/08/2025,437234648,1785,Base Monetária,Milhares de Unidades Monetarias,"A base monetária corresponde ao passivo monetário do Banco Central, também conhecido como emissão primária de moeda. Inclui a moeda em circulação e as reservas bancárias.",1
01/09/2025,430731132,1785,Base Monetária,Milhares de Unidades Monetarias,"A base monetária corresponde ao passivo monetário do Banco Central, também conhecido como emissão primária de moeda. Inclui a moeda em circulação e as reservas bancárias.",1
01/10/2025,429447252,1785,Base Monetária,Milhares de Unidades Monetarias,"A base monetária corresponde ao passivo monetário do Banco Central, também conhecido como emissão primária de moeda. Inclui a moeda em circulação e as reservas bancárias.",1
01/11/2025,429180764,1785,Base Monetária,Milhares de Unidades Monetarias,"A base monetária corresponde ao passivo monetário do Banco Central, também conhecido como emissão primária de moeda. Inclui a moeda em circulação e as reservas bancárias.",1
01/12/2025,440866763,1785,Base Monetária,Milhares de Unidades Monetarias,"A base monetária corresponde ao passivo monetário do Banco Central, também conhecido como emissão primária de moeda. Inclui a moeda em circulação e as reservas bancárias.",1
01/01/2026,448317100,1785,Base Monetária,Milhares de Unidades Monetarias,"A base monetária corresponde ao passivo monetário do Banco Central, também conhecido como emissão primária de moeda. Inclui a moeda em circulação e as reservas bancárias.",1
01/02/2026,443131081,1785,Base Monetária,Milhares de Unidades Monetarias,"A base monetária corresponde ao passivo monetário do Banco Central, também conhecido como emissão primária de moeda. Inclui a moeda em circulação e as reservas bancárias.",1
01/03/2026,443323247,1785,Base Monetária,Milhares de Unidades Monetarias,"A base monetária corresponde ao passivo monetário do Banco Central, também conhecido como emissão primária de moeda. Inclui a moeda em circulação e as reservas bancárias.",1
01/07/1994,10075566,1824,M1,Milhares de Reais,Papel-moeda em poder do público e depósitos à vista,1
01/08/1994,12198708,1824,M1,Milhares de Reais,Papel-moeda em poder do público e depósitos à vista,1
01/09/1994,14658327,1824,M1,Milhares de Reais,Papel-moeda em poder do público e depósitos à vista,1
01/10/1994,16265205,1824,M1,Milhares de Reais,Papel-moeda em poder do público e depósitos à vista,1
01/11/1994,16820550,1824,M1,Milhares de Reais,Papel-moeda em poder do público e depósitos à vista,1
01/12/1994,20860337,1824,M1,Milhares de Reais,Papel-moeda em poder do público e depósitos à vista,1
01/01/1995,19497961,1824,M1,Milhares de Reais,Papel-moeda em poder do público e depósitos à vista,1
01/02/1995,18904637,1824,M1,Milhares de Reais,Papel-moeda em poder do público e depósitos à vista,1
01/03/1995,18063764,1824,M1,Milhares de Reais,Papel-moeda em poder do público e depósitos à vista,1
01/04/1995,17604172,1824,M1,Milhares de Reais,Papel-moeda em poder do público e depósitos à vista,1
01/05/1995,17105339,1824,M1,Milhares de Reais,Papel-moeda em poder do público e depósitos à vista,1
01/06/1995,17689904,1824,M1,Milhares de Reais,Papel-moeda em poder do público e depósitos à vista,1
01/07/1995,18583165,1824,M1,Milhares de Reais,Papel-moeda em poder do público e depósitos à vista,1
01/08/1995,18445696,1824,M1,Milhares de Reais,Papel-moeda em poder do público e depósitos à vista,1
01/09/1995,19154300,1824,M1,Milhares de Reais,Papel-moeda em poder do público e depósitos à vista,1
01/10/1995,20448285,1824,M1,Milhares de Reais,Papel-moeda em poder do público e depósitos à vista,1
01/11/1995,21250450,1824,M1,Milhares de Reais,Papel-moeda em poder do público e depósitos à vista,1
01/12/1995,26584750,1824,M1,Milhares de Reais,Papel-moeda em poder do público e depósitos à vista,1
01/01/1996,25244772,1824,M1,Milhares de Reais,Papel-moeda em poder do público e depósitos à vista,1
01/02/1996,24106421,1824,M1,Milhares de Reais,Papel-moeda em poder do público e depósitos à vista,1
01/03/1996,23443000,1824,M1,Milhares de Reais,Papel-moeda em poder do público e depósitos à vista,1
01/04/1996,23844600,1824,M1,Milhares de Reais,Papel-moeda em poder do público e depósitos à vista,1
01/05/1996,23433227,1824,M1,Milhares de Reais,Papel-moeda em poder do público e depósitos à vista,1
01/06/1996,23924474,1824,M1,Milhares de Reais,Papel-moeda em poder do público e depósitos à vista,1
01/07/1996,24305672,1824,M1,Milhares de Reais,Papel-moeda em poder do público e depósitos à vista,1
01/08/1996,23520576,1824,M1,Milhares de Reais,Papel-moeda em poder do público e depósitos à vista,1
01/09/1996,24269489,1824,M1,Milhares de Reais,Papel-moeda em poder do público e depósitos à vista,1
01/10/1996,25039401,1824,M1,Milhares de Reais,Papel-moeda em poder do público e depósitos à vista,1
01/11/1996,24333068,1824,M1,Milhares de Reais,Papel-moeda em poder do público e depósitos à vista,1
01/12/1996,28992562,1824,M1,Milhares de Reais,Papel-moeda em poder do público e depósitos à vista,1
01/01/1997,30153076,1824,M1,Milhares de Reais,Papel-moeda em poder do público e depósitos à vista,1
01/02/1997,36141606,1824,M1,Milhares de Reais,Papel-moeda em poder do público e depósitos à vista,1
01/03/1997,36905254,1824,M1,Milhares de Reais,Papel-moeda em poder do público e depósitos à vista,1
01/04/1997,36422876,1824,M1,Milhares de Reais,Papel-moeda em poder do público e depósitos à vista,1
01/05/1997,36579202,1824,M1,Milhares de Reais,Papel-moeda em poder do público e depósitos à vista,1
01/06/1997,36776431,1824,M1,Milhares de Reais,Papel-moeda em poder do público e depósitos à vista,1
01/07/1997,37000275,1824,M1,Milhares de Reais,Papel-moeda em poder do público e depósitos à vista,1
01/08/1997,37885489,1824,M1,Milhares de Reais,Papel-moeda em poder do público e depósitos à vista,1
01/09/1997,38786181,1824,M1,Milhares de Reais,Papel-moeda em poder do público e depósitos à vista,1
01/10/1997,39758708,1824,M1,Milhares de Reais,Papel-moeda em poder do público e depósitos à vista,1
01/11/1997,39214679,1824,M1,Milhares de Reais,Papel-moeda em poder do público e depósitos à vista,1
01/12/1997,45611716,1824,M1,Milhares de Reais,Papel-moeda em poder do público e depósitos à vista,1
01/01/1998,44540978,1824,M1,Milhares de Reais,Papel-moeda em poder do público e depósitos à vista,1
01/02/1998,42600240,1824,M1,Milhares de Reais,Papel-moeda em poder do público e depósitos à vista,1
01/03/1998,41458164,1824,M1,Milhares de Reais,Papel-moeda em poder do público e depósitos à vista,1
01/04/1998,41628935,1824,M1,Milhares de Reais,Papel-moeda em poder do público e depósitos à vista,1
01/05/1998,41611346,1824,M1,Milhares de Reais,Papel-moeda em poder do público e depósitos à vista,1
01/06/1998,42411964,1824,M1,Milhares de Reais,Papel-moeda em poder do público e depósitos à vista,1
01/07/1998,43061779,1824,M1,Milhares de Reais,Papel-moeda em poder do público e depósitos à vista,1
01/08/1998,43388736,1824,M1,Milhares de Reais,Papel-moeda em poder do público e depósitos à vista,1
01/09/1998,43446754,1824,M1,Milhares de Reais,Papel-moeda em poder do público e depósitos à vista,1
01/10/1998,43016820,1824,M1,Milhares de Reais,Papel-moeda em poder do público e depósitos à vista,1
01/11/1998,42679888,1824,M1,Milhares de Reais,Papel-moeda em poder do público e depósitos à vista,1
01/12/1998,48980910,1824,M1,Milhares de Reais,Papel-moeda em poder do público e depósitos à vista,1
01/01/1999,47983348,1824,M1,Milhares de Reais,Papel-moeda em poder do público e depósitos à vista,1
01/02/1999,48385599,1824,M1,Milhares de Reais,Papel-moeda em poder do público e depósitos à vista,1
01/03/1999,46572290,1824,M1,Milhares de Reais,Papel-moeda em poder do público e depósitos à vista,1
01/04/1999,44980179,1824,M1,Milhares de Reais,Papel-moeda em poder do público e depósitos à vista,1
01/05/1999,44227692,1824,M1,Milhares de Reais,Papel-moeda em poder do público e depósitos à vista,1
01/06/1999,45366351,1824,M1,Milhares de Reais,Papel-moeda em poder do público e depósitos à vista,1
01/07/1999,47822543,1824,M1,Milhares de Reais,Papel-moeda em poder do público e depósitos à vista,1
01/08/1999,48033539,1824,M1,Milhares de Reais,Papel-moeda em poder do público e depósitos à vista,1
01/09/1999,47542490,1824,M1,Milhares de Reais,Papel-moeda em poder do público e depósitos à vista,1
01/10/1999,49046451,1824,M1,Milhares de Reais,Papel-moeda em poder do público e depósitos à vista,1
01/11/1999,50079021,1824,M1,Milhares de Reais,Papel-moeda em poder do público e depósitos à vista,1
01/12/1999,59032070,1824,M1,Milhares de Reais,Papel-moeda em poder do público e depósitos à vista,1
01/01/2000,58091807,1824,M1,Milhares de Reais,Papel-moeda em poder do público e depósitos à vista,1
01/02/2000,54458123,1824,M1,Milhares de Reais,Papel-moeda em poder do público e depósitos à vista,1
01/03/2000,53464760,1824,M1,Milhares de Reais,Papel-moeda em poder do público e depósitos à vista,1
01/04/2000,53758826,1824,M1,Milhares de Reais,Papel-moeda em poder do público e depósitos à vista,1
01/05/2000,54017915,1824,M1,Milhares de Reais,Papel-moeda em poder do público e depósitos à vista,1
01/06/2000,54693453,1824,M1,Milhares de Reais,Papel-moeda em poder do público e depósitos à vista,1
01/07/2000,56624600,1824,M1,Milhares de Reais,Papel-moeda em poder do público e depósitos à vista,1
01/08/2000,56966191,1824,M1,Milhares de Reais,Papel-moeda em poder do público e depósitos à vista,1
01/09/2000,58116924,1824,M1,Milhares de Reais,Papel-moeda em poder do público e depósitos à vista,1
01/10/2000,59871470,1824,M1,Milhares de Reais,Papel-moeda em poder do público e depósitos à vista,1
01/11/2000,61053115,1824,M1,Milhares de Reais,Papel-moeda em poder do público e depósitos à vista,1
01/12/2000,70375068,1824,M1,Milhares de Reais,Papel-moeda em poder do público e depósitos à vista,1
01/01/2001,69568907,1824,M1,Milhares de Reais,Papel-moeda em poder do público e depósitos à vista,1
01/02/2001,67466029,1824,M1,Milhares de Reais,Papel-moeda em poder do público e depósitos à vista,1
01/03/2001,66737221,1824,M1,Milhares de Reais,Papel-moeda em poder do público e depósitos à vista,1
01/04/2001,66299077,1824,M1,Milhares de Reais,Papel-moeda em poder do público e depósitos à vista,1
01/05/2001,66166991,1824,M1,Milhares de Reais,Papel-moeda em poder do público e depósitos à vista,1
01/06/2001,67070017,1824,M1,Milhares de Reais,Papel-moeda em poder do público e depósitos à vista,1
01/07/2001,68671676,1824,M1,Milhares de Reais,Papel-moeda em poder do público e depósitos à vista,1
01/08/2001,67792452,1824,M1,Milhares de Reais,Papel-moeda em poder do público e depósitos à vista,1
01/09/2001,68405125,1824,M1,Milhares de Reais,Papel-moeda em poder do público e depósitos à vista,1
01/10/2001,68343586,1824,M1,Milhares de Reais,Papel-moeda em poder do público e depósitos à vista,1
01/11/2001,68583586,1824,M1,Milhares de Reais,Papel-moeda em poder do público e depósitos à vista,1
01/12/2001,78942544,1824,M1,Milhares de Reais,Papel-moeda em poder do público e depósitos à vista,1
01/01/2002,77396051,1824,M1,Milhares de Reais,Papel-moeda em poder do público e depósitos à vista,1
01/02/2002,74445742,1824,M1,Milhares de Reais,Papel-moeda em poder do público e depósitos à vista,1
01/03/2002,73380970,1824,M1,Milhares de Reais,Papel-moeda em poder do público e depósitos à vista,1
01/04/2002,73074705,1824,M1,Milhares de Reais,Papel-moeda em poder do público e depósitos à vista,1
01/05/2002,73651997,1824,M1,Milhares de Reais,Papel-moeda em poder do público e depósitos à vista,1
01/06/2002,78350341,1824,M1,Milhares de Reais,Papel-moeda em poder do público e depósitos à vista,1
01/07/2002,82024673,1824,M1,Milhares de Reais,Papel-moeda em poder do público e depósitos à vista,1
01/08/2002,84563510,1824,M1,Milhares de Reais,Papel-moeda em poder do público e depósitos à vista,1
01/09/2002,87010084,1824,M1,Milhares de Reais,Papel-moeda em poder do público e depósitos à vista,1
01/10/2002,90011005,1824,M1,Milhares de Reais,Papel-moeda em poder do público e depósitos à vista,1
01/11/2002,91321775,1824,M1,Milhares de Reais,Papel-moeda em poder do público e depósitos à vista,1
01/12/2002,102307771,1824,M1,Milhares de Reais,Papel-moeda em poder do público e depósitos à vista,1
01/01/2003,98718606,1824,M1,Milhares de Reais,Papel-moeda em poder do público e depósitos à vista,1
01/02/2003,91910883,1824,M1,Milhares de Reais,Papel-moeda em poder do público e depósitos à vista,1
01/03/2003,89412781,1824,M1,Milhares de Reais,Papel-moeda em poder do público e depósitos à vista,1
01/04/2003,87484657,1824,M1,Milhares de Reais,Papel-moeda em poder do público e depósitos à vista,1
01/05/2003,85088833,1824,M1,Milhares de Reais,Papel-moeda em poder do público e depósitos à vista,1
01/06/2003,85397763,1824,M1,Milhares de Reais,Papel-moeda em poder do público e depósitos à vista,1
01/07/2003,86080738,1824,M1,Milhares de Reais,Papel-moeda em poder do público e depósitos à vista,1
01/08/2003,85746150,1824,M1,Milhares de Reais,Papel-moeda em poder do público e depósitos à vista,1
01/09/2003,86147351,1824,M1,Milhares de Reais,Papel-moeda em poder do público e depósitos à vista,1
01/10/2003,87242559,1824,M1,Milhares de Reais,Papel-moeda em poder do público e depósitos à vista,1
01/11/2003,90084124,1824,M1,Milhares de Reais,Papel-moeda em poder do público e depósitos à vista,1
01/12/2003,104892154,1824,M1,Milhares de Reais,Papel-moeda em poder do público e depósitos à vista,1
01/01/2004,102742455,1824,M1,Milhares de Reais,Papel-moeda em poder do público e depósitos à vista,1
01/02/2004,100294792,1824,M1,Milhares de Reais,Papel-moeda em poder do público e depósitos à vista,1
01/03/2004,98888986,1824,M1,Milhares de Reais,Papel-moeda em poder do público e depósitos à vista,1
01/04/2004,100188536,1824,M1,Milhares de Reais,Papel-moeda em poder do público e depósitos à vista,1
01/05/2004,102575770,1824,M1,Milhares de Reais,Papel-moeda em poder do público e depósitos à vista,1
01/06/2004,103957883,1824,M1,Milhares de Reais,Papel-moeda em poder do público e depósitos à vista,1
01/07/2004,106565273,1824,M1,Milhares de Reais,Papel-moeda em poder do público e depósitos à vista,1
01/08/2004,106280033,1824,M1,Milhares de Reais,Papel-moeda em poder do público e depósitos à vista,1
01/09/2004,109474103,1824,M1,Milhares de Reais,Papel-moeda em poder do público e depósitos à vista,1
01/10/2004,113211557,1824,M1,Milhares de Reais,Papel-moeda em poder do público e depósitos à vista,1
01/11/2004,113156261,1824,M1,Milhares de Reais,Papel-moeda em poder do público e depósitos à vista,1
01/12/2004,127129425,1824,M1,Milhares de Reais,Papel-moeda em poder do público e depósitos à vista,1
01/01/2005,124389026,1824,M1,Milhares de Reais,Papel-moeda em poder do público e depósitos à vista,1
01/02/2005,120657457,1824,M1,Milhares de Reais,Papel-moeda em poder do público e depósitos à vista,1
01/03/2005,119752957,1824,M1,Milhares de Reais,Papel-moeda em poder do público e depósitos à vista,1
01/04/2005,117665104,1824,M1,Milhares de Reais,Papel-moeda em poder do público e depósitos à vista,1
01/05/2005,116328187,1824,M1,Milhares de Reais,Papel-moeda em poder do público e depósitos à vista,1
01/06/2005,118158791,1824,M1,Milhares de Reais,Papel-moeda em poder do público e depósitos à vista,1
01/07/2005,120504056,1824,M1,Milhares de Reais,Papel-moeda em poder do público e depósitos à vista,1
01/08/2005,120157992,1824,M1,Milhares de Reais,Papel-moeda em poder do público e depósitos à vista,1
01/09/2005,119954074,1824,M1,Milhares de Reais,Papel-moeda em poder do público e depósitos à vista,1
01/10/2005,122159104,1824,M1,Milhares de Reais,Papel-moeda em poder do público e depósitos à vista,1
01/11/2005,124480407,1824,M1,Milhares de Reais,Papel-moeda em poder do público e depósitos à vista,1
01/12/2005,142451039,1824,M1,Milhares de Reais,Papel-moeda em poder do público e depósitos à vista,1
01/01/2006,137900471,1824,M1,Milhares de Reais,Papel-moeda em poder do público e depósitos à vista,1
01/02/2006,131734078,1824,M1,Milhares de Reais,Papel-moeda em poder do público e depósitos à vista,1
01/03/2006,131993421,1824,M1,Milhares de Reais,Papel-moeda em poder do público e depósitos à vista,1
01/04/2006,131053940,1824,M1,Milhares de Reais,Papel-moeda em poder do público e depósitos à vista,1
01/05/2006,131998765,1824,M1,Milhares de Reais,Papel-moeda em poder do público e depósitos à vista,1
01/06/2006,133796671,1824,M1,Milhares de Reais,Papel-moeda em poder do público e depósitos à vista,1
01/07/2006,137132118,1824,M1,Milhares de Reais,Papel-moeda em poder do público e depósitos à vista,1
01/08/2006,137927956,1824,M1,Milhares de Reais,Papel-moeda em poder do público e depósitos à vista,1
01/09/2006,143497899,1824,M1,Milhares de Reais,Papel-moeda em poder do público e depósitos à vista,1
01/10/2006,146230024,1824,M1,Milhares de Reais,Papel-moeda em poder do público e depósitos à vista,1
01/11/2006,150128401,1824,M1,Milhares de Reais,Papel-moeda em poder do público e depósitos à vista,1
01/12/2006,167189616,1824,M1,Milhares de Reais,Papel-moeda em poder do público e depósitos à vista,1
01/01/2007,164116698,1824,M1,Milhares de Reais,Papel-moeda em poder do público e depósitos à vista,1
01/02/2007,157614919,1824,M1,Milhares de Reais,Papel-moeda em poder do público e depósitos à vista,1
01/03/2007,157126296,1824,M1,Milhares de Reais,Papel-moeda em poder do público e depósitos à vista,1
01/04/2007,158835865,1824,M1,Milhares de Reais,Papel-moeda em poder do público e depósitos à vista,1
01/05/2007,158563701,1824,M1,Milhares de Reais,Papel-moeda em poder do público e depósitos à vista,1
01/06/2007,162610140,1824,M1,Milhares de Reais,Papel-moeda em poder do público e depósitos à vista,1
01/07/2007,167678029,1824,M1,Milhares de Reais,Papel-moeda em poder do público e depósitos à vista,1
01/08/2007,170697538,1824,M1,Milhares de Reais,Papel-moeda em poder do público e depósitos à vista,1
01/09/2007,175789172,1824,M1,Milhares de Reais,Papel-moeda em poder do público e depósitos à vista,1
01/10/2007,179277608,1824,M1,Milhares de Reais,Papel-moeda em poder do público e depósitos à vista,1
01/11/2007,183724919,1824,M1,Milhares de Reais,Papel-moeda em poder do público e depósitos à vista,1
01/12/2007,210510018,1824,M1,Milhares de Reais,Papel-moeda em poder do público e depósitos à vista,1
01/01/2008,199488867,1824,M1,Milhares de Reais,Papel-moeda em poder do público e depósitos à vista,1
01/02/2008,187310763,1824,M1,Milhares de Reais,Papel-moeda em poder do público e depósitos à vista,1
01/03/2008,185502888,1824,M1,Milhares de Reais,Papel-moeda em poder do público e depósitos à vista,1
01/04/2008,186885261,1824,M1,Milhares de Reais,Papel-moeda em poder do público e depósitos à vista,1
01/05/2008,187611979,1824,M1,Milhares de Reais,Papel-moeda em poder do público e depósitos à vista,1
01/06/2008,186296932,1824,M1,Milhares de Reais,Papel-moeda em poder do público e depósitos à vista,1
01/07/2008,189954538,1824,M1,Milhares de Reais,Papel-moeda em poder do público e depósitos à vista,1
01/08/2008,187957685,1824,M1,Milhares de Reais,Papel-moeda em poder do público e depósitos à vista,1
01/09/2008,193432280,1824,M1,Milhares de Reais,Papel-moeda em poder do público e depósitos à vista,1
01/10/2008,195907980,1824,M1,Milhares de Reais,Papel-moeda em poder do público e depósitos à vista,1
01/11/2008,195354073,1824,M1,Milhares de Reais,Papel-moeda em poder do público e depósitos à vista,1
01/12/2008,218282061,1824,M1,Milhares de Reais,Papel-moeda em poder do público e depósitos à vista,1
01/01/2009,209027734,1824,M1,Milhares de Reais,Papel-moeda em poder do público e depósitos à vista,1
01/02/2009,198852020,1824,M1,Milhares de Reais,Papel-moeda em poder do público e depósitos à vista,1
01/03/2009,194334825,1824,M1,Milhares de Reais,Papel-moeda em poder do público e depósitos à vista,1
01/04/2009,195994468,1824,M1,Milhares de Reais,Papel-moeda em poder do público e depósitos à vista,1
01/05/2009,197687921,1824,M1,Milhares de Reais,Papel-moeda em poder do público e depósitos à vista,1
01/06/2009,200348621,1824,M1,Milhares de Reais,Papel-moeda em poder do público e depósitos à vista,1
01/07/2009,203488530,1824,M1,Milhares de Reais,Papel-moeda em poder do público e depósitos à vista,1
01/08/2009,202436508,1824,M1,Milhares de Reais,Papel-moeda em poder do público e depósitos à vista,1
01/09/2009,208138398,1824,M1,Milhares de Reais,Papel-moeda em poder do público e depósitos à vista,1
01/10/2009,211267710,1824,M1,Milhares de Reais,Papel-moeda em poder do público e depósitos à vista,1
01/11/2009,215059376,1824,M1,Milhares de Reais,Papel-moeda em poder do público e depósitos à vista,1
01/12/2009,240417177,1824,M1,Milhares de Reais,Papel-moeda em poder do público e depósitos à vista,1
01/01/2010,235648675,1824,M1,Milhares de Reais,Papel-moeda em poder do público e depósitos à vista,1
01/02/2010,229808301,1824,M1,Milhares de Reais,Papel-moeda em poder do público e depósitos à vista,1
01/03/2010,227433713,1824,M1,Milhares de Reais,Papel-moeda em poder do público e depósitos à vista,1
01/04/2010,229211751,1824,M1,Milhares de Reais,Papel-moeda em poder do público e depósitos à vista,1
01/05/2010,231478451,1824,M1,Milhares de Reais,Papel-moeda em poder do público e depósitos à vista,1
01/06/2010,234275442,1824,M1,Milhares de Reais,Papel-moeda em poder do público e depósitos à vista,1
01/07/2010,238572957,1824,M1,Milhares de Reais,Papel-moeda em poder do público e depósitos à vista,1
01/08/2010,240415734,1824,M1,Milhares de Reais,Papel-moeda em poder do público e depósitos à vista,1
01/09/2010,247153612,1824,M1,Milhares de Reais,Papel-moeda em poder do público e depósitos à vista,1
01/10/2010,251908981,1824,M1,Milhares de Reais,Papel-moeda em poder do público e depósitos à vista,1
01/11/2010,253268257,1824,M1,Milhares de Reais,Papel-moeda em poder do público e depósitos à vista,1
01/12/2010,279631792,1824,M1,Milhares de Reais,Papel-moeda em poder do público e depósitos à vista,1
01/01/2011,268234158,1824,M1,Milhares de Reais,Papel-moeda em poder do público e depósitos à vista,1
01/02/2011,257217495,1824,M1,Milhares de Reais,Papel-moeda em poder do público e depósitos à vista,1
01/03/2011,252665706,1824,M1,Milhares de Reais,Papel-moeda em poder do público e depósitos à vista,1
01/04/2011,251340127,1824,M1,Milhares de Reais,Papel-moeda em poder do público e depósitos à vista,1
01/05/2011,249822899,1824,M1,Milhares de Reais,Papel-moeda em poder do público e depósitos à vista,1
01/06/2011,251283051,1824,M1,Milhares de Reais,Papel-moeda em poder do público e depósitos à vista,1
01/07/2011,253452103,1824,M1,Milhares de Reais,Papel-moeda em poder do público e depósitos à vista,1
01/08/2011,250472863,1824,M1,Milhares de Reais,Papel-moeda em poder do público e depósitos à vista,1
01/09/2011,253371295,1824,M1,Milhares de Reais,Papel-moeda em poder do público e depósitos à vista,1
01/10/2011,255713766,1824,M1,Milhares de Reais,Papel-moeda em poder do público e depósitos à vista,1
01/11/2011,255234291,1824,M1,Milhares de Reais,Papel-moeda em poder do público e depósitos à vista,1
01/12/2011,280491345,1824,M1,Milhares de Reais,Papel-moeda em poder do público e depósitos à vista,1
01/01/2012,269348018,1824,M1,Milhares de Reais,Papel-moeda em poder do público e depósitos à vista,1
01/02/2012,261349865,1824,M1,Milhares de Reais,Papel-moeda em poder do público e depósitos à vista,1
01/03/2012,257323622,1824,M1,Milhares de Reais,Papel-moeda em poder do público e depósitos à vista,1
01/04/2012,258151408,1824,M1,Milhares de Reais,Papel-moeda em poder do público e depósitos à vista,1
01/05/2012,258893559,1824,M1,Milhares de Reais,Papel-moeda em poder do público e depósitos à vista,1
01/06/2012,262711091,1824,M1,Milhares de Reais,Papel-moeda em poder do público e depósitos à vista,1
01/07/2012,268554899,1824,M1,Milhares de Reais,Papel-moeda em poder do público e depósitos à vista,1
01/08/2012,266027221,1824,M1,Milhares de Reais,Papel-moeda em poder do público e depósitos à vista,1
01/09/2012,274538837,1824,M1,Milhares de Reais,Papel-moeda em poder do público e depósitos à vista,1
01/10/2012,275755561,1824,M1,Milhares de Reais,Papel-moeda em poder do público e depósitos à vista,1
01/11/2012,278129681,1824,M1,Milhares de Reais,Papel-moeda em poder do público e depósitos à vista,1
01/12/2012,313081320,1824,M1,Milhares de Reais,Papel-moeda em poder do público e depósitos à vista,1
01/01/2013,300493436,1824,M1,Milhares de Reais,Papel-moeda em poder do público e depósitos à vista,1
01/02/2013,290517868,1824,M1,Milhares de Reais,Papel-moeda em poder do público e depósitos à vista,1
01/03/2013,290006185,1824,M1,Milhares de Reais,Papel-moeda em poder do público e depósitos à vista,1
01/04/2013,290208607,1824,M1,Milhares de Reais,Papel-moeda em poder do público e depósitos à vista,1
01/05/2013,290617082,1824,M1,Milhares de Reais,Papel-moeda em poder do público e depósitos à vista,1
01/06/2013,296194075,1824,M1,Milhares de Reais,Papel-moeda em poder do público e depósitos à vista,1
01/07/2013,300919748,1824,M1,Milhares de Reais,Papel-moeda em poder do público e depósitos à vista,1
01/08/2013,297719073,1824,M1,Milhares de Reais,Papel-moeda em poder do público e depósitos à vista,1
01/09/2013,303449756,1824,M1,Milhares de Reais,Papel-moeda em poder do público e depósitos à vista,1
01/10/2013,302565723,1824,M1,Milhares de Reais,Papel-moeda em poder do público e depósitos à vista,1
01/11/2013,306448306,1824,M1,Milhares de Reais,Papel-moeda em poder do público e depósitos à vista,1
01/12/2013,338981671,1824,M1,Milhares de Reais,Papel-moeda em poder do público e depósitos à vista,1
01/01/2014,323212140,1824,M1,Milhares de Reais,Papel-moeda em poder do público e depósitos à vista,1
01/02/2014,311859892,1824,M1,Milhares de Reais,Papel-moeda em poder do público e depósitos à vista,1
01/03/2014,310364027,1824,M1,Milhares de Reais,Papel-moeda em poder do público e depósitos à vista,1
01/04/2014,312333805,1824,M1,Milhares de Reais,Papel-moeda em poder do público e depósitos à vista,1
01/05/2014,306151785,1824,M1,Milhares de Reais,Papel-moeda em poder do público e depósitos à vista,1
01/06/2014,307324305,1824,M1,Milhares de Reais,Papel-moeda em poder do público e depósitos à vista,1
01/07/2014,308890362,1824,M1,Milhares de Reais,Papel-moeda em poder do público e depósitos à vista,1
01/08/2014,306487317,1824,M1,Milhares de Reais,Papel-moeda em poder do público e depósitos à vista,1
01/09/2014,315946225,1824,M1,Milhares de Reais,Papel-moeda em poder do público e depósitos à vista,1
01/10/2014,317055061,1824,M1,Milhares de Reais,Papel-moeda em poder do público e depósitos à vista,1
01/11/2014,319279523,1824,M1,Milhares de Reais,Papel-moeda em poder do público e depósitos à vista,1
01/12/2014,350394295,1824,M1,Milhares de Reais,Papel-moeda em poder do público e depósitos à vista,1
01/01/2015,332038557,1824,M1,Milhares de Reais,Papel-moeda em poder do público e depósitos à vista,1
01/02/2015,322332271,1824,M1,Milhares de Reais,Papel-moeda em poder do público e depósitos à vista,1
01/03/2015,316233646,1824,M1,Milhares de Reais,Papel-moeda em poder do público e depósitos à vista,1
01/04/2015,311343649,1824,M1,Milhares de Reais,Papel-moeda em poder do público e depósitos à vista,1
01/05/2015,306345771,1824,M1,Milhares de Reais,Papel-moeda em poder do público e depósitos à vista,1
01/06/2015,304271401,1824,M1,Milhares de Reais,Papel-moeda em poder do público e depósitos à vista,1
01/07/2015,305622414,1824,M1,Milhares de Reais,Papel-moeda em poder do público e depósitos à vista,1
01/08/2015,299636812,1824,M1,Milhares de Reais,Papel-moeda em poder do público e depósitos à vista,1
01/09/2015,297705893,1824,M1,Milhares de Reais,Papel-moeda em poder do público e depósitos à vista,1
01/10/2015,302717979,1824,M1,Milhares de Reais,Papel-moeda em poder do público e depósitos à vista,1
01/11/2015,302524232,1824,M1,Milhares de Reais,Papel-moeda em poder do público e depósitos à vista,1
01/12/2015,332347134,1824,M1,Milhares de Reais,Papel-moeda em poder do público e depósitos à vista,1
01/01/2016,318698304,1824,M1,Milhares de Reais,Papel-moeda em poder do público e depósitos à vista,1
01/02/2016,310357514,1824,M1,Milhares de Reais,Papel-moeda em poder do público e depósitos à vista,1
01/03/2016,304474892,1824,M1,Milhares de Reais,Papel-moeda em poder do público e depósitos à vista,1
01/04/2016,303410179,1824,M1,Milhares de Reais,Papel-moeda em poder do público e depósitos à vista,1
01/05/2016,302770863,1824,M1,Milhares de Reais,Papel-moeda em poder do público e depósitos à vista,1
01/06/2016,299139201,1824,M1,Milhares de Reais,Papel-moeda em poder do público e depósitos à vista,1
01/07/2016,304232007,1824,M1,Milhares de Reais,Papel-moeda em poder do público e depósitos à vista,1
01/08/2016,301487362,1824,M1,Milhares de Reais,Papel-moeda em poder do público e depósitos à vista,1
01/09/2016,307704179,1824,M1,Milhares de Reais,Papel-moeda em poder do público e depósitos à vista,1
01/10/2016,311446106,1824,M1,Milhares de Reais,Papel-moeda em poder do público e depósitos à vista,1
01/11/2016,310510355,1824,M1,Milhares de Reais,Papel-moeda em poder do público e depósitos à vista,1
01/12/2016,340889519,1824,M1,Milhares de Reais,Papel-moeda em poder do público e depósitos à vista,1
01/01/2017,325363978,1824,M1,Milhares de Reais,Papel-moeda em poder do público e depósitos à vista,1
01/02/2017,315822945,1824,M1,Milhares de Reais,Papel-moeda em poder do público e depósitos à vista,1
01/03/2017,311266274,1824,M1,Milhares de Reais,Papel-moeda em poder do público e depósitos à vista,1
01/04/2017,314540875,1824,M1,Milhares de Reais,Papel-moeda em poder do público e depósitos à vista,1
01/05/2017,312558263,1824,M1,Milhares de Reais,Papel-moeda em poder do público e depósitos à vista,1
01/06/2017,314961004,1824,M1,Milhares de Reais,Papel-moeda em poder do público e depósitos à vista,1
01/07/2017,319668076,1824,M1,Milhares de Reais,Papel-moeda em poder do público e depósitos à vista,1
01/08/2017,313822808,1824,M1,Milhares de Reais,Papel-moeda em poder do público e depósitos à vista,1
01/09/2017,318982221,1824,M1,Milhares de Reais,Papel-moeda em poder do público e depósitos à vista,1
01/10/2017,318926812,1824,M1,Milhares de Reais,Papel-moeda em poder do público e depósitos à vista,1
01/11/2017,321837131,1824,M1,Milhares de Reais,Papel-moeda em poder do público e depósitos à vista,1
01/12/2017,358014320,1824,M1,Milhares de Reais,Papel-moeda em poder do público e depósitos à vista,1
01/01/2018,341215493,1824,M1,Milhares de Reais,Papel-moeda em poder do público e depósitos à vista,1
01/02/2018,333273039,1824,M1,Milhares de Reais,Papel-moeda em poder do público e depósitos à vista,1
01/03/2018,332137871,1824,M1,Milhares de Reais,Papel-moeda em poder do público e depósitos à vista,1
01/04/2018,332801860,1824,M1,Milhares de Reais,Papel-moeda em poder do público e depósitos à vista,1
01/05/2018,331682423,1824,M1,Milhares de Reais,Papel-moeda em poder do público e depósitos à vista,1
01/06/2018,335104235,1824,M1,Milhares de Reais,Papel-moeda em poder do público e depósitos à vista,1
01/07/1994,100694127,1837,M2,Milhares de Reais,M1 acrescido de Depósito de poupança e os Títulos privados emitidos pelas instituições depositárias,1
01/08/1994,106837649,1837,M2,Milhares de Reais,M1 acrescido de Depósito de poupança e os Títulos privados emitidos pelas instituições depositárias,1
01/09/1994,111761262,1837,M2,Milhares de Reais,M1 acrescido de Depósito de poupança e os Títulos privados emitidos pelas instituições depositárias,1
01/10/1994,118862514,1837,M2,Milhares de Reais,M1 acrescido de Depósito de poupança e os Títulos privados emitidos pelas instituições depositárias,1
01/11/1994,124425301,1837,M2,Milhares de Reais,M1 acrescido de Depósito de poupança e os Títulos privados emitidos pelas instituições depositárias,1
01/12/1994,132560545,1837,M2,Milhares de Reais,M1 acrescido de Depósito de poupança e os Títulos privados emitidos pelas instituições depositárias,1
01/01/1995,139850454,1837,M2,Milhares de Reais,M1 acrescido de Depósito de poupança e os Títulos privados emitidos pelas instituições depositárias,1
01/02/1995,143811901,1837,M2,Milhares de Reais,M1 acrescido de Depósito de poupança e os Títulos privados emitidos pelas instituições depositárias,1
01/03/1995,145943548,1837,M2,Milhares de Reais,M1 acrescido de Depósito de poupança e os Títulos privados emitidos pelas instituições depositárias,1
01/04/1995,147295324,1837,M2,Milhares de Reais,M1 acrescido de Depósito de poupança e os Títulos privados emitidos pelas instituições depositárias,1
01/05/1995,147327440,1837,M2,Milhares de Reais,M1 acrescido de Depósito de poupança e os Títulos privados emitidos pelas instituições depositárias,1
01/06/1995,151293207,1837,M2,Milhares de Reais,M1 acrescido de Depósito de poupança e os Títulos privados emitidos pelas instituições depositárias,1
01/07/1995,156021148,1837,M2,Milhares de Reais,M1 acrescido de Depósito de poupança e os Títulos privados emitidos pelas instituições depositárias,1
01/08/1995,162112288,1837,M2,Milhares de Reais,M1 acrescido de Depósito de poupança e os Títulos privados emitidos pelas instituições depositárias,1
01/09/1995,165951630,1837,M2,Milhares de Reais,M1 acrescido de Depósito de poupança e os Títulos privados emitidos pelas instituições depositárias,1
01/10/1995,168632941,1837,M2,Milhares de Reais,M1 acrescido de Depósito de poupança e os Títulos privados emitidos pelas instituições depositárias,1
01/11/1995,171861277,1837,M2,Milhares de Reais,M1 acrescido de Depósito de poupança e os Títulos privados emitidos pelas instituições depositárias,1
01/12/1995,178751575,1837,M2,Milhares de Reais,M1 acrescido de Depósito de poupança e os Títulos privados emitidos pelas instituições depositárias,1
01/01/1996,175037084,1837,M2,Milhares de Reais,M1 acrescido de Depósito de poupança e os Títulos privados emitidos pelas instituições depositárias,1
01/02/1996,174828178,1837,M2,Milhares de Reais,M1 acrescido de Depósito de poupança e os Títulos privados emitidos pelas instituições depositárias,1
01/03/1996,175383395,1837,M2,Milhares de Reais,M1 acrescido de Depósito de poupança e os Títulos privados emitidos pelas instituições depositárias,1
01/04/1996,173647972,1837,M2,Milhares de Reais,M1 acrescido de Depósito de poupança e os Títulos privados emitidos pelas instituições depositárias,1
01/05/1996,172226628,1837,M2,Milhares de Reais,M1 acrescido de Depósito de poupança e os Títulos privados emitidos pelas instituições depositárias,1
01/06/1996,173468300,1837,M2,Milhares de Reais,M1 acrescido de Depósito de poupança e os Títulos privados emitidos pelas instituições depositárias,1
01/07/1996,172412324,1837,M2,Milhares de Reais,M1 acrescido de Depósito de poupança e os Títulos privados emitidos pelas instituições depositárias,1
01/08/1996,173006068,1837,M2,Milhares de Reais,M1 acrescido de Depósito de poupança e os Títulos privados emitidos pelas instituições depositárias,1
01/09/1996,176993375,1837,M2,Milhares de Reais,M1 acrescido de Depósito de poupança e os Títulos privados emitidos pelas instituições depositárias,1
01/10/1996,179182481,1837,M2,Milhares de Reais,M1 acrescido de Depósito de poupança e os Títulos privados emitidos pelas instituições depositárias,1
01/11/1996,182157237,1837,M2,Milhares de Reais,M1 acrescido de Depósito de poupança e os Títulos privados emitidos pelas instituições depositárias,1
01/12/1996,188734369,1837,M2,Milhares de Reais,M1 acrescido de Depósito de poupança e os Títulos privados emitidos pelas instituições depositárias,1
01/01/1997,189274171,1837,M2,Milhares de Reais,M1 acrescido de Depósito de poupança e os Títulos privados emitidos pelas instituições depositárias,1
01/02/1997,192906132,1837,M2,Milhares de Reais,M1 acrescido de Depósito de poupança e os Títulos privados emitidos pelas instituições depositárias,1
01/03/1997,195738732,1837,M2,Milhares de Reais,M1 acrescido de Depósito de poupança e os Títulos privados emitidos pelas instituições depositárias,1
01/04/1997,195848416,1837,M2,Milhares de Reais,M1 acrescido de Depósito de poupança e os Títulos privados emitidos pelas instituições depositárias,1
01/05/1997,198244959,1837,M2,Milhares de Reais,M1 acrescido de Depósito de poupança e os Títulos privados emitidos pelas instituições depositárias,1
01/06/1997,205191931,1837,M2,Milhares de Reais,M1 acrescido de Depósito de poupança e os Títulos privados emitidos pelas instituições depositárias,1
01/07/1997,204296617,1837,M2,Milhares de Reais,M1 acrescido de Depósito de poupança e os Títulos privados emitidos pelas instituições depositárias,1
01/08/1997,209695447,1837,M2,Milhares de Reais,M1 acrescido de Depósito de poupança e os Títulos privados emitidos pelas instituições depositárias,1
01/09/1997,217061918,1837,M2,Milhares de Reais,M1 acrescido de Depósito de poupança e os Títulos privados emitidos pelas instituições depositárias,1
01/10/1997,222660888,1837,M2,Milhares de Reais,M1 acrescido de Depósito de poupança e os Títulos privados emitidos pelas instituições depositárias,1
01/11/1997,230699363,1837,M2,Milhares de Reais,M1 acrescido de Depósito de poupança e os Títulos privados emitidos pelas instituições depositárias,1
01/12/1997,239775207,1837,M2,Milhares de Reais,M1 acrescido de Depósito de poupança e os Títulos privados emitidos pelas instituições depositárias,1
01/01/1998,241755357,1837,M2,Milhares de Reais,M1 acrescido de Depósito de poupança e os Títulos privados emitidos pelas instituições depositárias,1
01/02/1998,243452578,1837,M2,Milhares de Reais,M1 acrescido de Depósito de poupança e os Títulos privados emitidos pelas instituições depositárias,1
01/03/1998,244425419,1837,M2,Milhares de Reais,M1 acrescido de Depósito de poupança e os Títulos privados emitidos pelas instituições depositárias,1
01/04/1998,242189887,1837,M2,Milhares de Reais,M1 acrescido de Depósito de poupança e os Títulos privados emitidos pelas instituições depositárias,1
01/05/1998,243612653,1837,M2,Milhares de Reais,M1 acrescido de Depósito de poupança e os Títulos privados emitidos pelas instituições depositárias,1
01/06/1998,247305992,1837,M2,Milhares de Reais,M1 acrescido de Depósito de poupança e os Títulos privados emitidos pelas instituições depositárias,1
01/07/1998,247646602,1837,M2,Milhares de Reais,M1 acrescido de Depósito de poupança e os Títulos privados emitidos pelas instituições depositárias,1
01/08/1998,248168301,1837,M2,Milhares de Reais,M1 acrescido de Depósito de poupança e os Títulos privados emitidos pelas instituições depositárias,1
01/09/1998,245774199,1837,M2,Milhares de Reais,M1 acrescido de Depósito de poupança e os Títulos privados emitidos pelas instituições depositárias,1
01/10/1998,247229516,1837,M2,Milhares de Reais,M1 acrescido de Depósito de poupança e os Títulos privados emitidos pelas instituições depositárias,1
01/11/1998,251309991,1837,M2,Milhares de Reais,M1 acrescido de Depósito de poupança e os Títulos privados emitidos pelas instituições depositárias,1
01/12/1998,254965130,1837,M2,Milhares de Reais,M1 acrescido de Depósito de poupança e os Títulos privados emitidos pelas instituições depositárias,1
01/01/1999,254930105,1837,M2,Milhares de Reais,M1 acrescido de Depósito de poupança e os Títulos privados emitidos pelas instituições depositárias,1
01/02/1999,259568056,1837,M2,Milhares de Reais,M1 acrescido de Depósito de poupança e os Títulos privados emitidos pelas instituições depositárias,1
01/03/1999,260900171,1837,M2,Milhares de Reais,M1 acrescido de Depósito de poupança e os Títulos privados emitidos pelas instituições depositárias,1
01/04/1999,257075021,1837,M2,Milhares de Reais,M1 acrescido de Depósito de poupança e os Títulos privados emitidos pelas instituições depositárias,1
01/05/1999,258344677,1837,M2,Milhares de Reais,M1 acrescido de Depósito de poupança e os Títulos privados emitidos pelas instituições depositárias,1
01/06/1999,260973090,1837,M2,Milhares de Reais,M1 acrescido de Depósito de poupança e os Títulos privados emitidos pelas instituições depositárias,1
01/07/1999,260036100,1837,M2,Milhares de Reais,M1 acrescido de Depósito de poupança e os Títulos privados emitidos pelas instituições depositárias,1
01/08/1999,259187285,1837,M2,Milhares de Reais,M1 acrescido de Depósito de poupança e os Títulos privados emitidos pelas instituições depositárias,1
01/09/1999,257450042,1837,M2,Milhares de Reais,M1 acrescido de Depósito de poupança e os Títulos privados emitidos pelas instituições depositárias,1
01/10/1999,259628490,1837,M2,Milhares de Reais,M1 acrescido de Depósito de poupança e os Títulos privados emitidos pelas instituições depositárias,1
01/11/1999,262754640,1837,M2,Milhares de Reais,M1 acrescido de Depósito de poupança e os Títulos privados emitidos pelas instituições depositárias,1
01/12/1999,274769738,1837,M2,Milhares de Reais,M1 acrescido de Depósito de poupança e os Títulos privados emitidos pelas instituições depositárias,1
01/01/2000,269834203,1837,M2,Milhares de Reais,M1 acrescido de Depósito de poupança e os Títulos privados emitidos pelas instituições depositárias,1
01/02/2000,261493972,1837,M2,Milhares de Reais,M1 acrescido de Depósito de poupança e os Títulos privados emitidos pelas instituições depositárias,1
01/03/2000,261426958,1837,M2,Milhares de Reais,M1 acrescido de Depósito de poupança e os Títulos privados emitidos pelas instituições depositárias,1
01/04/2000,259792946,1837,M2,Milhares de Reais,M1 acrescido de Depósito de poupança e os Títulos privados emitidos pelas instituições depositárias,1
01/05/2000,259849804,1837,M2,Milhares de Reais,M1 acrescido de Depósito de poupança e os Títulos privados emitidos pelas instituições depositárias,1
01/06/2000,260097175,1837,M2,Milhares de Reais,M1 acrescido de Depósito de poupança e os Títulos privados emitidos pelas instituições depositárias,1
01/07/2000,262669758,1837,M2,Milhares de Reais,M1 acrescido de Depósito de poupança e os Títulos privados emitidos pelas instituições depositárias,1
01/08/2000,264098974,1837,M2,Milhares de Reais,M1 acrescido de Depósito de poupança e os Títulos privados emitidos pelas instituições depositárias,1
01/09/2000,264758892,1837,M2,Milhares de Reais,M1 acrescido de Depósito de poupança e os Títulos privados emitidos pelas instituições depositárias,1
01/10/2000,265690888,1837,M2,Milhares de Reais,M1 acrescido de Depósito de poupança e os Títulos privados emitidos pelas instituições depositárias,1
01/11/2000,271618418,1837,M2,Milhares de Reais,M1 acrescido de Depósito de poupança e os Títulos privados emitidos pelas instituições depositárias,1
01/12/2000,283784809,1837,M2,Milhares de Reais,M1 acrescido de Depósito de poupança e os Títulos privados emitidos pelas instituições depositárias,1
01/01/2001,276497688,1837,M2,Milhares de Reais,M1 acrescido de Depósito de poupança e os Títulos privados emitidos pelas instituições depositárias,1
01/02/2001,279762508,1837,M2,Milhares de Reais,M1 acrescido de Depósito de poupança e os Títulos privados emitidos pelas instituições depositárias,1
01/03/2001,278378236,1837,M2,Milhares de Reais,M1 acrescido de Depósito de poupança e os Títulos privados emitidos pelas instituições depositárias,1
01/04/2001,279598547,1837,M2,Milhares de Reais,M1 acrescido de Depósito de poupança e os Títulos privados emitidos pelas instituições depositárias,1
01/05/2001,283478495,1837,M2,Milhares de Reais,M1 acrescido de Depósito de poupança e os Títulos privados emitidos pelas instituições depositárias,1
01/06/2001,289058653,1837,M2,Milhares de Reais,M1 acrescido de Depósito de poupança e os Títulos privados emitidos pelas instituições depositárias,1
01/07/2001,290466494,1837,M2,Milhares de Reais,M1 acrescido de Depósito de poupança e os Títulos privados emitidos pelas instituições depositárias,1
01/08/2001,295618891,1837,M2,Milhares de Reais,M1 acrescido de Depósito de poupança e os Títulos privados emitidos pelas instituições depositárias,1
01/09/2001,296574994,1837,M2,Milhares de Reais,M1 acrescido de Depósito de poupança e os Títulos privados emitidos pelas instituições depositárias,1
01/10/2001,295900745,1837,M2,Milhares de Reais,M1 acrescido de Depósito de poupança e os Títulos privados emitidos pelas instituições depositárias,1
01/11/2001,301950848,1837,M2,Milhares de Reais,M1 acrescido de Depósito de poupança e os Títulos privados emitidos pelas instituições depositárias,1
01/12/2001,321612169,1837,M2,Milhares de Reais,M1 acrescido de Depósito de poupança e os Títulos privados emitidos pelas instituições depositárias,1
01/01/2002,314518503,1837,M2,Milhares de Reais,M1 acrescido de Depósito de poupança e os Títulos privados emitidos pelas instituições depositárias,1
01/02/2002,316188984,1837,M2,Milhares de Reais,M1 acrescido de Depósito de poupança e os Títulos privados emitidos pelas instituições depositárias,1
01/03/2002,323975113,1837,M2,Milhares de Reais,M1 acrescido de Depósito de poupança e os Títulos privados emitidos pelas instituições depositárias,1
01/04/2002,322667891,1837,M2,Milhares de Reais,M1 acrescido de Depósito de poupança e os Títulos privados emitidos pelas instituições depositárias,1
01/05/2002,324541851,1837,M2,Milhares de Reais,M1 acrescido de Depósito de poupança e os Títulos privados emitidos pelas instituições depositárias,1
01/06/2002,342029281,1837,M2,Milhares de Reais,M1 acrescido de Depósito de poupança e os Títulos privados emitidos pelas instituições depositárias,1
01/07/2002,353510430,1837,M2,Milhares de Reais,M1 acrescido de Depósito de poupança e os Títulos privados emitidos pelas instituições depositárias,1
01/08/2002,369202497,1837,M2,Milhares de Reais,M1 acrescido de Depósito de poupança e os Títulos privados emitidos pelas instituições depositárias,1
01/09/2002,375894369,1837,M2,Milhares de Reais,M1 acrescido de Depósito de poupança e os Títulos privados emitidos pelas instituições depositárias,1
01/10/2002,382186726,1837,M2,Milhares de Reais,M1 acrescido de Depósito de poupança e os Títulos privados emitidos pelas instituições depositárias,1
01/11/2002,385610075,1837,M2,Milhares de Reais,M1 acrescido de Depósito de poupança e os Títulos privados emitidos pelas instituições depositárias,1
01/12/2002,397502950,1837,M2,Milhares de Reais,M1 acrescido de Depósito de poupança e os Títulos privados emitidos pelas instituições depositárias,1
01/01/2003,388505575,1837,M2,Milhares de Reais,M1 acrescido de Depósito de poupança e os Títulos privados emitidos pelas instituições depositárias,1
01/02/2003,391101065,1837,M2,Milhares de Reais,M1 acrescido de Depósito de poupança e os Títulos privados emitidos pelas instituições depositárias,1
01/03/2003,385238154,1837,M2,Milhares de Reais,M1 acrescido de Depósito de poupança e os Títulos privados emitidos pelas instituições depositárias,1
01/04/2003,382254765,1837,M2,Milhares de Reais,M1 acrescido de Depósito de poupança e os Títulos privados emitidos pelas instituições depositárias,1
01/05/2003,385368449,1837,M2,Milhares de Reais,M1 acrescido de Depósito de poupança e os Títulos privados emitidos pelas instituições depositárias,1
01/06/2003,383247962,1837,M2,Milhares de Reais,M1 acrescido de Depósito de poupança e os Títulos privados emitidos pelas instituições depositárias,1
01/07/2003,385673744,1837,M2,Milhares de Reais,M1 acrescido de Depósito de poupança e os Títulos privados emitidos pelas instituições depositárias,1
01/08/2003,387611181,1837,M2,Milhares de Reais,M1 acrescido de Depósito de poupança e os Títulos privados emitidos pelas instituições depositárias,1
01/09/2003,388097266,1837,M2,Milhares de Reais,M1 acrescido de Depósito de poupança e os Títulos privados emitidos pelas instituições depositárias,1
01/10/2003,386023071,1837,M2,Milhares de Reais,M1 acrescido de Depósito de poupança e os Títulos privados emitidos pelas instituições depositárias,1
01/11/2003,398425403,1837,M2,Milhares de Reais,M1 acrescido de Depósito de poupança e os Títulos privados emitidos pelas instituições depositárias,1
01/12/2003,412894706,1837,M2,Milhares de Reais,M1 acrescido de Depósito de poupança e os Títulos privados emitidos pelas instituições depositárias,1
01/01/2004,405055550,1837,M2,Milhares de Reais,M1 acrescido de Depósito de poupança e os Títulos privados emitidos pelas instituições depositárias,1
01/02/2004,408095681,1837,M2,Milhares de Reais,M1 acrescido de Depósito de poupança e os Títulos privados emitidos pelas instituições depositárias,1
01/03/2004,409758044,1837,M2,Milhares de Reais,M1 acrescido de Depósito de poupança e os Títulos privados emitidos pelas instituições depositárias,1
01/04/2004,410978137,1837,M2,Milhares de Reais,M1 acrescido de Depósito de poupança e os Títulos privados emitidos pelas instituições depositárias,1
01/05/2004,427761539,1837,M2,Milhares de Reais,M1 acrescido de Depósito de poupança e os Títulos privados emitidos pelas instituições depositárias,1
01/06/2004,436468893,1837,M2,Milhares de Reais,M1 acrescido de Depósito de poupança e os Títulos privados emitidos pelas instituições depositárias,1
01/07/2004,441903867,1837,M2,Milhares de Reais,M1 acrescido de Depósito de poupança e os Títulos privados emitidos pelas instituições depositárias,1
01/08/2004,450248035,1837,M2,Milhares de Reais,M1 acrescido de Depósito de poupança e os Títulos privados emitidos pelas instituições depositárias,1
01/09/2004,457263750,1837,M2,Milhares de Reais,M1 acrescido de Depósito de poupança e os Títulos privados emitidos pelas instituições depositárias,1
01/10/2004,463011719,1837,M2,Milhares de Reais,M1 acrescido de Depósito de poupança e os Títulos privados emitidos pelas instituições depositárias,1
01/11/2004,470778193,1837,M2,Milhares de Reais,M1 acrescido de Depósito de poupança e os Títulos privados emitidos pelas instituições depositárias,1
01/12/2004,493496745,1837,M2,Milhares de Reais,M1 acrescido de Depósito de poupança e os Títulos privados emitidos pelas instituições depositárias,1
01/01/2005,489051624,1837,M2,Milhares de Reais,M1 acrescido de Depósito de poupança e os Títulos privados emitidos pelas instituições depositárias,1
01/02/2005,492621330,1837,M2,Milhares de Reais,M1 acrescido de Depósito de poupança e os Títulos privados emitidos pelas instituições depositárias,1
01/03/2005,502561717,1837,M2,Milhares de Reais,M1 acrescido de Depósito de poupança e os Títulos privados emitidos pelas instituições depositárias,1
01/04/2005,503109309,1837,M2,Milhares de Reais,M1 acrescido de Depósito de poupança e os Títulos privados emitidos pelas instituições depositárias,1
01/05/2005,504302367,1837,M2,Milhares de Reais,M1 acrescido de Depósito de poupança e os Títulos privados emitidos pelas instituições depositárias,1
01/06/2005,512485028,1837,M2,Milhares de Reais,M1 acrescido de Depósito de poupança e os Títulos privados emitidos pelas instituições depositárias,1
01/07/2005,518084803,1837,M2,Milhares de Reais,M1 acrescido de Depósito de poupança e os Títulos privados emitidos pelas instituições depositárias,1
01/08/2005,526645435,1837,M2,Milhares de Reais,M1 acrescido de Depósito de poupança e os Títulos privados emitidos pelas instituições depositárias,1
01/09/2005,532469413,1837,M2,Milhares de Reais,M1 acrescido de Depósito de poupança e os Títulos privados emitidos pelas instituições depositárias,1
01/10/2005,539183005,1837,M2,Milhares de Reais,M1 acrescido de Depósito de poupança e os Títulos privados emitidos pelas instituições depositárias,1
01/11/2005,549488595,1837,M2,Milhares de Reais,M1 acrescido de Depósito de poupança e os Títulos privados emitidos pelas instituições depositárias,1
01/12/2005,582463581,1837,M2,Milhares de Reais,M1 acrescido de Depósito de poupança e os Títulos privados emitidos pelas instituições depositárias,1
01/01/2006,567252738,1837,M2,Milhares de Reais,M1 acrescido de Depósito de poupança e os Títulos privados emitidos pelas instituições depositárias,1
01/02/2006,574854769,1837,M2,Milhares de Reais,M1 acrescido de Depósito de poupança e os Títulos privados emitidos pelas instituições depositárias,1
01/03/2006,578794752,1837,M2,Milhares de Reais,M1 acrescido de Depósito de poupança e os Títulos privados emitidos pelas instituições depositárias,1
01/04/2006,579656895,1837,M2,Milhares de Reais,M1 acrescido de Depósito de poupança e os Títulos privados emitidos pelas instituições depositárias,1
01/05/2006,593980605,1837,M2,Milhares de Reais,M1 acrescido de Depósito de poupança e os Títulos privados emitidos pelas instituições depositárias,1
01/06/2006,600442057,1837,M2,Milhares de Reais,M1 acrescido de Depósito de poupança e os Títulos privados emitidos pelas instituições depositárias,1
01/07/2006,604812698,1837,M2,Milhares de Reais,M1 acrescido de Depósito de poupança e os Títulos privados emitidos pelas instituições depositárias,1
01/08/2006,607032661,1837,M2,Milhares de Reais,M1 acrescido de Depósito de poupança e os Títulos privados emitidos pelas instituições depositárias,1
01/09/2006,611874556,1837,M2,Milhares de Reais,M1 acrescido de Depósito de poupança e os Títulos privados emitidos pelas instituições depositárias,1
01/10/2006,622409389,1837,M2,Milhares de Reais,M1 acrescido de Depósito de poupança e os Títulos privados emitidos pelas instituições depositárias,1
01/11/2006,637723544,1837,M2,Milhares de Reais,M1 acrescido de Depósito de poupança e os Títulos privados emitidos pelas instituições depositárias,1
01/12/2006,661499645,1837,M2,Milhares de Reais,M1 acrescido de Depósito de poupança e os Títulos privados emitidos pelas instituições depositárias,1
01/01/2007,645751549,1837,M2,Milhares de Reais,M1 acrescido de Depósito de poupança e os Títulos privados emitidos pelas instituições depositárias,1
01/02/2007,646966126,1837,M2,Milhares de Reais,M1 acrescido de Depósito de poupança e os Títulos privados emitidos pelas instituições depositárias,1
01/03/2007,650733953,1837,M2,Milhares de Reais,M1 acrescido de Depósito de poupança e os Títulos privados emitidos pelas instituições depositárias,1
01/04/2007,657129977,1837,M2,Milhares de Reais,M1 acrescido de Depósito de poupança e os Títulos privados emitidos pelas instituições depositárias,1
01/05/2007,663899803,1837,M2,Milhares de Reais,M1 acrescido de Depósito de poupança e os Títulos privados emitidos pelas instituições depositárias,1
01/06/2007,677220438,1837,M2,Milhares de Reais,M1 acrescido de Depósito de poupança e os Títulos privados emitidos pelas instituições depositárias,1
01/07/2007,682624102,1837,M2,Milhares de Reais,M1 acrescido de Depósito de poupança e os Títulos privados emitidos pelas instituições depositárias,1
01/08/2007,698087344,1837,M2,Milhares de Reais,M1 acrescido de Depósito de poupança e os Títulos privados emitidos pelas instituições depositárias,1
01/09/2007,711705989,1837,M2,Milhares de Reais,M1 acrescido de Depósito de poupança e os Títulos privados emitidos pelas instituições depositárias,1
01/10/2007,722310549,1837,M2,Milhares de Reais,M1 acrescido de Depósito de poupança e os Títulos privados emitidos pelas instituições depositárias,1
01/11/2007,735188526,1837,M2,Milhares de Reais,M1 acrescido de Depósito de poupança e os Títulos privados emitidos pelas instituições depositárias,1
01/12/2007,781280049,1837,M2,Milhares de Reais,M1 acrescido de Depósito de poupança e os Títulos privados emitidos pelas instituições depositárias,1
01/01/2008,756004378,1837,M2,Milhares de Reais,M1 acrescido de Depósito de poupança e os Títulos privados emitidos pelas instituições depositárias,1
01/02/2008,758407731,1837,M2,Milhares de Reais,M1 acrescido de Depósito de poupança e os Títulos privados emitidos pelas instituições depositárias,1
01/03/2008,778446487,1837,M2,Milhares de Reais,M1 acrescido de Depósito de poupança e os Títulos privados emitidos pelas instituições depositárias,1
01/04/2008,812326582,1837,M2,Milhares de Reais,M1 acrescido de Depósito de poupança e os Títulos privados emitidos pelas instituições depositárias,1
01/05/2008,840670357,1837,M2,Milhares de Reais,M1 acrescido de Depósito de poupança e os Títulos privados emitidos pelas instituições depositárias,1
01/06/2008,864451130,1837,M2,Milhares de Reais,M1 acrescido de Depósito de poupança e os Títulos privados emitidos pelas instituições depositárias,1
01/07/2008,905716750,1837,M2,Milhares de Reais,M1 acrescido de Depósito de poupança e os Títulos privados emitidos pelas instituições depositárias,1
01/08/2008,949813624,1837,M2,Milhares de Reais,M1 acrescido de Depósito de poupança e os Títulos privados emitidos pelas instituições depositárias,1
01/09/2008,988582930,1837,M2,Milhares de Reais,M1 acrescido de Depósito de poupança e os Títulos privados emitidos pelas instituições depositárias,1
01/10/2008,1013415208,1837,M2,Milhares de Reais,M1 acrescido de Depósito de poupança e os Títulos privados emitidos pelas instituições depositárias,1
01/11/2008,1029770107,1837,M2,Milhares de Reais,M1 acrescido de Depósito de poupança e os Títulos privados emitidos pelas instituições depositárias,1
01/12/2008,1072986066,1837,M2,Milhares de Reais,M1 acrescido de Depósito de poupança e os Títulos privados emitidos pelas instituições depositárias,1
01/01/2009,1054280418,1837,M2,Milhares de Reais,M1 acrescido de Depósito de poupança e os Títulos privados emitidos pelas instituições depositárias,1
01/02/2009,1060217922,1837,M2,Milhares de Reais,M1 acrescido de Depósito de poupança e os Títulos privados emitidos pelas instituições depositárias,1
01/03/2009,1058016601,1837,M2,Milhares de Reais,M1 acrescido de Depósito de poupança e os Títulos privados emitidos pelas instituições depositárias,1
01/04/2009,1062112823,1837,M2,Milhares de Reais,M1 acrescido de Depósito de poupança e os Títulos privados emitidos pelas instituições depositárias,1
01/05/2009,1074877025,1837,M2,Milhares de Reais,M1 acrescido de Depósito de poupança e os Títulos privados emitidos pelas instituições depositárias,1
01/06/2009,1095141404,1837,M2,Milhares de Reais,M1 acrescido de Depósito de poupança e os Títulos privados emitidos pelas instituições depositárias,1
01/07/2009,1098611974,1837,M2,Milhares de Reais,M1 acrescido de Depósito de poupança e os Títulos privados emitidos pelas instituições depositárias,1
01/08/2009,1104712956,1837,M2,Milhares de Reais,M1 acrescido de Depósito de poupança e os Títulos privados emitidos pelas instituições depositárias,1
01/09/2009,1119857997,1837,M2,Milhares de Reais,M1 acrescido de Depósito de poupança e os Títulos privados emitidos pelas instituições depositárias,1
01/10/2009,1116305791,1837,M2,Milhares de Reais,M1 acrescido de Depósito de poupança e os Títulos privados emitidos pelas instituições depositárias,1
01/11/2009,1131999714,1837,M2,Milhares de Reais,M1 acrescido de Depósito de poupança e os Títulos privados emitidos pelas instituições depositárias,1
01/12/2009,1167424297,1837,M2,Milhares de Reais,M1 acrescido de Depósito de poupança e os Títulos privados emitidos pelas instituições depositárias,1
01/01/2010,1146428588,1837,M2,Milhares de Reais,M1 acrescido de Depósito de poupança e os Títulos privados emitidos pelas instituições depositárias,1
01/02/2010,1149968048,1837,M2,Milhares de Reais,M1 acrescido de Depósito de poupança e os Títulos privados emitidos pelas instituições depositárias,1
01/03/2010,1162640012,1837,M2,Milhares de Reais,M1 acrescido de Depósito de poupança e os Títulos privados emitidos pelas instituições depositárias,1
01/04/2010,1158508716,1837,M2,Milhares de Reais,M1 acrescido de Depósito de poupança e os Títulos privados emitidos pelas instituições depositárias,1
01/05/2010,1172262354,1837,M2,Milhares de Reais,M1 acrescido de Depósito de poupança e os Títulos privados emitidos pelas instituições depositárias,1
01/06/2010,1191152965,1837,M2,Milhares de Reais,M1 acrescido de Depósito de poupança e os Títulos privados emitidos pelas instituições depositárias,1
01/07/2010,1202007838,1837,M2,Milhares de Reais,M1 acrescido de Depósito de poupança e os Títulos privados emitidos pelas instituições depositárias,1
01/08/2010,1226483557,1837,M2,Milhares de Reais,M1 acrescido de Depósito de poupança e os Títulos privados emitidos pelas instituições depositárias,1
01/09/2010,1255626526,1837,M2,Milhares de Reais,M1 acrescido de Depósito de poupança e os Títulos privados emitidos pelas instituições depositárias,1
01/10/2010,1268275905,1837,M2,Milhares de Reais,M1 acrescido de Depósito de poupança e os Títulos privados emitidos pelas instituições depositárias,1
01/11/2010,1300275955,1837,M2,Milhares de Reais,M1 acrescido de Depósito de poupança e os Títulos privados emitidos pelas instituições depositárias,1
01/12/2010,1362388713,1837,M2,Milhares de Reais,M1 acrescido de Depósito de poupança e os Títulos privados emitidos pelas instituições depositárias,1
01/01/2011,1347857182,1837,M2,Milhares de Reais,M1 acrescido de Depósito de poupança e os Títulos privados emitidos pelas instituições depositárias,1
01/02/2011,1367105652,1837,M2,Milhares de Reais,M1 acrescido de Depósito de poupança e os Títulos privados emitidos pelas instituições depositárias,1
01/03/2011,1393939107,1837,M2,Milhares de Reais,M1 acrescido de Depósito de poupança e os Títulos privados emitidos pelas instituições depositárias,1
01/04/2011,1401819806,1837,M2,Milhares de Reais,M1 acrescido de Depósito de poupança e os Títulos privados emitidos pelas instituições depositárias,1
01/05/2011,1427174141,1837,M2,Milhares de Reais,M1 acrescido de Depósito de poupança e os Títulos privados emitidos pelas instituições depositárias,1
01/06/2011,1453997748,1837,M2,Milhares de Reais,M1 acrescido de Depósito de poupança e os Títulos privados emitidos pelas instituições depositárias,1
01/07/2011,1474643875,1837,M2,Milhares de Reais,M1 acrescido de Depósito de poupança e os Títulos privados emitidos pelas instituições depositárias,1
01/08/2011,1500838516,1837,M2,Milhares de Reais,M1 acrescido de Depósito de poupança e os Títulos privados emitidos pelas instituições depositárias,1
01/09/2011,1531092115,1837,M2,Milhares de Reais,M1 acrescido de Depósito de poupança e os Títulos privados emitidos pelas instituições depositárias,1
01/10/2011,1538019377,1837,M2,Milhares de Reais,M1 acrescido de Depósito de poupança e os Títulos privados emitidos pelas instituições depositárias,1
01/11/2011,1569029499,1837,M2,Milhares de Reais,M1 acrescido de Depósito de poupança e os Títulos privados emitidos pelas instituições depositárias,1
01/12/2011,1617479557,1837,M2,Milhares de Reais,M1 acrescido de Depósito de poupança e os Títulos privados emitidos pelas instituições depositárias,1
01/01/2012,1591802789,1837,M2,Milhares de Reais,M1 acrescido de Depósito de poupança e os Títulos privados emitidos pelas instituições depositárias,1
01/02/2012,1599649389,1837,M2,Milhares de Reais,M1 acrescido de Depósito de poupança e os Títulos privados emitidos pelas instituições depositárias,1
01/03/2012,1614347323,1837,M2,Milhares de Reais,M1 acrescido de Depósito de poupança e os Títulos privados emitidos pelas instituições depositárias,1
01/04/2012,1610857200,1837,M2,Milhares de Reais,M1 acrescido de Depósito de poupança e os Títulos privados emitidos pelas instituições depositárias,1
01/05/2012,1637111216,1837,M2,Milhares de Reais,M1 acrescido de Depósito de poupança e os Títulos privados emitidos pelas instituições depositárias,1
01/06/2012,1660339682,1837,M2,Milhares de Reais,M1 acrescido de Depósito de poupança e os Títulos privados emitidos pelas instituições depositárias,1
01/07/2012,1668505243,1837,M2,Milhares de Reais,M1 acrescido de Depósito de poupança e os Títulos privados emitidos pelas instituições depositárias,1
01/08/2012,1685548585,1837,M2,Milhares de Reais,M1 acrescido de Depósito de poupança e os Títulos privados emitidos pelas instituições depositárias,1
01/09/2012,1702277330,1837,M2,Milhares de Reais,M1 acrescido de Depósito de poupança e os Títulos privados emitidos pelas instituições depositárias,1
01/10/2012,1706898049,1837,M2,Milhares de Reais,M1 acrescido de Depósito de poupança e os Títulos privados emitidos pelas instituições depositárias,1
01/11/2012,1724637270,1837,M2,Milhares de Reais,M1 acrescido de Depósito de poupança e os Títulos privados emitidos pelas instituições depositárias,1
01/12/2012,1764644740,1837,M2,Milhares de Reais,M1 acrescido de Depósito de poupança e os Títulos privados emitidos pelas instituições depositárias,1
01/01/2013,1721819113,1837,M2,Milhares de Reais,M1 acrescido de Depósito de poupança e os Títulos privados emitidos pelas instituições depositárias,1
01/02/2013,1722232564,1837,M2,Milhares de Reais,M1 acrescido de Depósito de poupança e os Títulos privados emitidos pelas instituições depositárias,1
01/03/2013,1755986200,1837,M2,Milhares de Reais,M1 acrescido de Depósito de poupança e os Títulos privados emitidos pelas instituições depositárias,1
01/04/2013,1752360489,1837,M2,Milhares de Reais,M1 acrescido de Depósito de poupança e os Títulos privados emitidos pelas instituições depositárias,1
01/05/2013,1780263166,1837,M2,Milhares de Reais,M1 acrescido de Depósito de poupança e os Títulos privados emitidos pelas instituições depositárias,1
01/06/2013,1816626861,1837,M2,Milhares de Reais,M1 acrescido de Depósito de poupança e os Títulos privados emitidos pelas instituições depositárias,1
01/07/2013,1822959180,1837,M2,Milhares de Reais,M1 acrescido de Depósito de poupança e os Títulos privados emitidos pelas instituições depositárias,1
01/08/2013,1844371951,1837,M2,Milhares de Reais,M1 acrescido de Depósito de poupança e os Títulos privados emitidos pelas instituições depositárias,1
01/09/2013,1861085764,1837,M2,Milhares de Reais,M1 acrescido de Depósito de poupança e os Títulos privados emitidos pelas instituições depositárias,1
01/10/2013,1871626060,1837,M2,Milhares de Reais,M1 acrescido de Depósito de poupança e os Títulos privados emitidos pelas instituições depositárias,1
01/11/2013,1909101906,1837,M2,Milhares de Reais,M1 acrescido de Depósito de poupança e os Títulos privados emitidos pelas instituições depositárias,1
01/12/2013,1956838075,1837,M2,Milhares de Reais,M1 acrescido de Depósito de poupança e os Títulos privados emitidos pelas instituições depositárias,1
01/01/2014,1941730916,1837,M2,Milhares de Reais,M1 acrescido de Depósito de poupança e os Títulos privados emitidos pelas instituições depositárias,1
01/02/2014,1960711415,1837,M2,Milhares de Reais,M1 acrescido de Depósito de poupança e os Títulos privados emitidos pelas instituições depositárias,1
01/03/2014,1972553099,1837,M2,Milhares de Reais,M1 acrescido de Depósito de poupança e os Títulos privados emitidos pelas instituições depositárias,1
01/04/2014,1983442701,1837,M2,Milhares de Reais,M1 acrescido de Depósito de poupança e os Títulos privados emitidos pelas instituições depositárias,1
01/05/2014,2002401959,1837,M2,Milhares de Reais,M1 acrescido de Depósito de poupança e os Títulos privados emitidos pelas instituições depositárias,1
01/06/2014,2022879777,1837,M2,Milhares de Reais,M1 acrescido de Depósito de poupança e os Títulos privados emitidos pelas instituições depositárias,1
01/07/2014,2031557894,1837,M2,Milhares de Reais,M1 acrescido de Depósito de poupança e os Títulos privados emitidos pelas instituições depositárias,1
01/08/2014,2048171066,1837,M2,Milhares de Reais,M1 acrescido de Depósito de poupança e os Títulos privados emitidos pelas instituições depositárias,1
01/09/2014,2072342009,1837,M2,Milhares de Reais,M1 acrescido de Depósito de poupança e os Títulos privados emitidos pelas instituições depositárias,1
01/10/2014,2081008364,1837,M2,Milhares de Reais,M1 acrescido de Depósito de poupança e os Títulos privados emitidos pelas instituições depositárias,1
01/11/2014,2107505461,1837,M2,Milhares de Reais,M1 acrescido de Depósito de poupança e os Títulos privados emitidos pelas instituições depositárias,1
01/12/2014,2150683632,1837,M2,Milhares de Reais,M1 acrescido de Depósito de poupança e os Títulos privados emitidos pelas instituições depositárias,1
01/01/2015,2127290700,1837,M2,Milhares de Reais,M1 acrescido de Depósito de poupança e os Títulos privados emitidos pelas instituições depositárias,1
01/02/2015,2130760374,1837,M2,Milhares de Reais,M1 acrescido de Depósito de poupança e os Títulos privados emitidos pelas instituições depositárias,1
01/03/2015,2127134051,1837,M2,Milhares de Reais,M1 acrescido de Depósito de poupança e os Títulos privados emitidos pelas instituições depositárias,1
01/04/2015,2135910116,1837,M2,Milhares de Reais,M1 acrescido de Depósito de poupança e os Títulos privados emitidos pelas instituições depositárias,1
01/05/2015,2151857157,1837,M2,Milhares de Reais,M1 acrescido de Depósito de poupança e os Títulos privados emitidos pelas instituições depositárias,1
01/06/2015,2154232444,1837,M2,Milhares de Reais,M1 acrescido de Depósito de poupança e os Títulos privados emitidos pelas instituições depositárias,1
01/07/2015,2161920644,1837,M2,Milhares de Reais,M1 acrescido de Depósito de poupança e os Títulos privados emitidos pelas instituições depositárias,1
01/08/2015,2163406036,1837,M2,Milhares de Reais,M1 acrescido de Depósito de poupança e os Títulos privados emitidos pelas instituições depositárias,1
01/09/2015,2167463562,1837,M2,Milhares de Reais,M1 acrescido de Depósito de poupança e os Títulos privados emitidos pelas instituições depositárias,1
01/10/2015,2200853919,1837,M2,Milhares de Reais,M1 acrescido de Depósito de poupança e os Títulos privados emitidos pelas instituições depositárias,1
01/11/2015,2220285504,1837,M2,Milhares de Reais,M1 acrescido de Depósito de poupança e os Títulos privados emitidos pelas instituições depositárias,1
01/12/2015,2285721020,1837,M2,Milhares de Reais,M1 acrescido de Depósito de poupança e os Títulos privados emitidos pelas instituições depositárias,1
01/01/2016,2248923086,1837,M2,Milhares de Reais,M1 acrescido de Depósito de poupança e os Títulos privados emitidos pelas instituições depositárias,1
01/02/2016,2247636028,1837,M2,Milhares de Reais,M1 acrescido de Depósito de poupança e os Títulos privados emitidos pelas instituições depositárias,1
01/03/2016,2245379836,1837,M2,Milhares de Reais,M1 acrescido de Depósito de poupança e os Títulos privados emitidos pelas instituições depositárias,1
01/04/2016,2241550818,1837,M2,Milhares de Reais,M1 acrescido de Depósito de poupança e os Títulos privados emitidos pelas instituições depositárias,1
01/05/2016,2253794325,1837,M2,Milhares de Reais,M1 acrescido de Depósito de poupança e os Títulos privados emitidos pelas instituições depositárias,1
01/06/2016,2267104141,1837,M2,Milhares de Reais,M1 acrescido de Depósito de poupança e os Títulos privados emitidos pelas instituições depositárias,1
01/07/2016,2271113017,1837,M2,Milhares de Reais,M1 acrescido de Depósito de poupança e os Títulos privados emitidos pelas instituições depositárias,1
01/08/2016,2281970742,1837,M2,Milhares de Reais,M1 acrescido de Depósito de poupança e os Títulos privados emitidos pelas instituições depositárias,1
01/09/2016,2282046091,1837,M2,Milhares de Reais,M1 acrescido de Depósito de poupança e os Títulos privados emitidos pelas instituições depositárias,1
01/10/2016,2286437191,1837,M2,Milhares de Reais,M1 acrescido de Depósito de poupança e os Títulos privados emitidos pelas instituições depositárias,1
01/11/2016,2314068169,1837,M2,Milhares de Reais,M1 acrescido de Depósito de poupança e os Títulos privados emitidos pelas instituições depositárias,1
01/12/2016,2371654898,1837,M2,Milhares de Reais,M1 acrescido de Depósito de poupança e os Títulos privados emitidos pelas instituições depositárias,1
01/01/2017,2313409311,1837,M2,Milhares de Reais,M1 acrescido de Depósito de poupança e os Títulos privados emitidos pelas instituições depositárias,1
01/02/2017,2321604756,1837,M2,Milhares de Reais,M1 acrescido de Depósito de poupança e os Títulos privados emitidos pelas instituições depositárias,1
01/03/2017,2329610928,1837,M2,Milhares de Reais,M1 acrescido de Depósito de poupança e os Títulos privados emitidos pelas instituições depositárias,1
01/04/2017,2344027199,1837,M2,Milhares de Reais,M1 acrescido de Depósito de poupança e os Títulos privados emitidos pelas instituições depositárias,1
01/05/2017,2374702267,1837,M2,Milhares de Reais,M1 acrescido de Depósito de poupança e os Títulos privados emitidos pelas instituições depositárias,1
01/06/2017,2408340861,1837,M2,Milhares de Reais,M1 acrescido de Depósito de poupança e os Títulos privados emitidos pelas instituições depositárias,1
01/07/2017,2400768505,1837,M2,Milhares de Reais,M1 acrescido de Depósito de poupança e os Títulos privados emitidos pelas instituições depositárias,1
01/08/2017,2417312249,1837,M2,Milhares de Reais,M1 acrescido de Depósito de poupança e os Títulos privados emitidos pelas instituições depositárias,1
01/09/2017,2432791381,1837,M2,Milhares de Reais,M1 acrescido de Depósito de poupança e os Títulos privados emitidos pelas instituições depositárias,1
01/10/2017,2428148431,1837,M2,Milhares de Reais,M1 acrescido de Depósito de poupança e os Títulos privados emitidos pelas instituições depositárias,1
01/11/2017,2445520650,1837,M2,Milhares de Reais,M1 acrescido de Depósito de poupança e os Títulos privados emitidos pelas instituições depositárias,1
01/12/2017,2485582665,1837,M2,Milhares de Reais,M1 acrescido de Depósito de poupança e os Títulos privados emitidos pelas instituições depositárias,1
01/01/2018,2445321381,1837,M2,Milhares de Reais,M1 acrescido de Depósito de poupança e os Títulos privados emitidos pelas instituições depositárias,1
01/02/2018,2459871787,1837,M2,Milhares de Reais,M1 acrescido de Depósito de poupança e os Títulos privados emitidos pelas instituições depositárias,1
01/03/2018,2510971682,1837,M2,Milhares de Reais,M1 acrescido de Depósito de poupança e os Títulos privados emitidos pelas instituições depositárias,1
01/04/2018,2504335238,1837,M2,Milhares de Reais,M1 acrescido de Depósito de poupança e os Títulos privados emitidos pelas instituições depositárias,1
01/05/2018,2529902788,1837,M2,Milhares de Reais,M1 acrescido de Depósito de poupança e os Títulos privados emitidos pelas instituições depositárias,1
01/06/2018,2556074458,1837,M2,Milhares de Reais,M1 acrescido de Depósito de poupança e os Títulos privados emitidos pelas instituições depositárias,1
01/07/1994,119511432,1840,M3,Milhares de Reais,M2 acrescido das as quotas de fundos de investimento depositários e as Operações compromissadas com títulos públicos e privados,1
01/08/1994,126343267,1840,M3,Milhares de Reais,M2 acrescido das as quotas de fundos de investimento depositários e as Operações compromissadas com títulos públicos e privados,1
01/09/1994,133795538,1840,M3,Milhares de Reais,M2 acrescido das as quotas de fundos de investimento depositários e as Operações compromissadas com títulos públicos e privados,1
01/10/1994,140081862,1840,M3,Milhares de Reais,M2 acrescido das as quotas de fundos de investimento depositários e as Operações compromissadas com títulos públicos e privados,1
01/11/1994,145347947,1840,M3,Milhares de Reais,M2 acrescido das as quotas de fundos de investimento depositários e as Operações compromissadas com títulos públicos e privados,1
01/12/1994,154544078,1840,M3,Milhares de Reais,M2 acrescido das as quotas de fundos de investimento depositários e as Operações compromissadas com títulos públicos e privados,1
01/01/1995,161110753,1840,M3,Milhares de Reais,M2 acrescido das as quotas de fundos de investimento depositários e as Operações compromissadas com títulos públicos e privados,1
01/02/1995,167087425,1840,M3,Milhares de Reais,M2 acrescido das as quotas de fundos de investimento depositários e as Operações compromissadas com títulos públicos e privados,1
01/03/1995,166214947,1840,M3,Milhares de Reais,M2 acrescido das as quotas de fundos de investimento depositários e as Operações compromissadas com títulos públicos e privados,1
01/04/1995,168827036,1840,M3,Milhares de Reais,M2 acrescido das as quotas de fundos de investimento depositários e as Operações compromissadas com títulos públicos e privados,1
01/05/1995,171253277,1840,M3,Milhares de Reais,M2 acrescido das as quotas de fundos de investimento depositários e as Operações compromissadas com títulos públicos e privados,1
01/06/1995,175434543,1840,M3,Milhares de Reais,M2 acrescido das as quotas de fundos de investimento depositários e as Operações compromissadas com títulos públicos e privados,1
01/07/1995,182953424,1840,M3,Milhares de Reais,M2 acrescido das as quotas de fundos de investimento depositários e as Operações compromissadas com títulos públicos e privados,1
01/08/1995,192892642,1840,M3,Milhares de Reais,M2 acrescido das as quotas de fundos de investimento depositários e as Operações compromissadas com títulos públicos e privados,1
01/09/1995,198375606,1840,M3,Milhares de Reais,M2 acrescido das as quotas de fundos de investimento depositários e as Operações compromissadas com títulos públicos e privados,1
01/10/1995,205542472,1840,M3,Milhares de Reais,M2 acrescido das as quotas de fundos de investimento depositários e as Operações compromissadas com títulos públicos e privados,1
01/11/1995,213814629,1840,M3,Milhares de Reais,M2 acrescido das as quotas de fundos de investimento depositários e as Operações compromissadas com títulos públicos e privados,1
01/12/1995,225000550,1840,M3,Milhares de Reais,M2 acrescido das as quotas de fundos de investimento depositários e as Operações compromissadas com títulos públicos e privados,1
01/01/1996,229464396,1840,M3,Milhares de Reais,M2 acrescido das as quotas de fundos de investimento depositários e as Operações compromissadas com títulos públicos e privados,1
01/02/1996,234712106,1840,M3,Milhares de Reais,M2 acrescido das as quotas de fundos de investimento depositários e as Operações compromissadas com títulos públicos e privados,1
01/03/1996,238417508,1840,M3,Milhares de Reais,M2 acrescido das as quotas de fundos de investimento depositários e as Operações compromissadas com títulos públicos e privados,1
01/04/1996,242204509,1840,M3,Milhares de Reais,M2 acrescido das as quotas de fundos de investimento depositários e as Operações compromissadas com títulos públicos e privados,1
01/05/1996,245323028,1840,M3,Milhares de Reais,M2 acrescido das as quotas de fundos de investimento depositários e as Operações compromissadas com títulos públicos e privados,1
01/06/1996,248689457,1840,M3,Milhares de Reais,M2 acrescido das as quotas de fundos de investimento depositários e as Operações compromissadas com títulos públicos e privados,1
01/07/1996,252013714,1840,M3,Milhares de Reais,M2 acrescido das as quotas de fundos de investimento depositários e as Operações compromissadas com títulos públicos e privados,1
01/08/1996,256606576,1840,M3,Milhares de Reais,M2 acrescido das as quotas de fundos de investimento depositários e as Operações compromissadas com títulos públicos e privados,1
01/09/1996,263598547,1840,M3,Milhares de Reais,M2 acrescido das as quotas de fundos de investimento depositários e as Operações compromissadas com títulos públicos e privados,1
01/10/1996,267417886,1840,M3,Milhares de Reais,M2 acrescido das as quotas de fundos de investimento depositários e as Operações compromissadas com títulos públicos e privados,1
01/11/1996,275551680,1840,M3,Milhares de Reais,M2 acrescido das as quotas de fundos de investimento depositários e as Operações compromissadas com títulos públicos e privados,1
01/12/1996,285941487,1840,M3,Milhares de Reais,M2 acrescido das as quotas de fundos de investimento depositários e as Operações compromissadas com títulos públicos e privados,1
01/01/1997,295590950,1840,M3,Milhares de Reais,M2 acrescido das as quotas de fundos de investimento depositários e as Operações compromissadas com títulos públicos e privados,1
01/02/1997,298739635,1840,M3,Milhares de Reais,M2 acrescido das as quotas de fundos de investimento depositários e as Operações compromissadas com títulos públicos e privados,1
01/03/1997,302128765,1840,M3,Milhares de Reais,M2 acrescido das as quotas de fundos de investimento depositários e as Operações compromissadas com títulos públicos e privados,1
01/04/1997,304140814,1840,M3,Milhares de Reais,M2 acrescido das as quotas de fundos de investimento depositários e as Operações compromissadas com títulos públicos e privados,1
01/05/1997,306638414,1840,M3,Milhares de Reais,M2 acrescido das as quotas de fundos de investimento depositários e as Operações compromissadas com títulos públicos e privados,1
01/06/1997,312206566,1840,M3,Milhares de Reais,M2 acrescido das as quotas de fundos de investimento depositários e as Operações compromissadas com títulos públicos e privados,1
01/07/1997,315577805,1840,M3,Milhares de Reais,M2 acrescido das as quotas de fundos de investimento depositários e as Operações compromissadas com títulos públicos e privados,1
01/08/1997,320394346,1840,M3,Milhares de Reais,M2 acrescido das as quotas de fundos de investimento depositários e as Operações compromissadas com títulos públicos e privados,1
01/09/1997,328034314,1840,M3,Milhares de Reais,M2 acrescido das as quotas de fundos de investimento depositários e as Operações compromissadas com títulos públicos e privados,1
01/10/1997,333409855,1840,M3,Milhares de Reais,M2 acrescido das as quotas de fundos de investimento depositários e as Operações compromissadas com títulos públicos e privados,1
01/11/1997,335474374,1840,M3,Milhares de Reais,M2 acrescido das as quotas de fundos de investimento depositários e as Operações compromissadas com títulos públicos e privados,1
01/12/1997,340207789,1840,M3,Milhares de Reais,M2 acrescido das as quotas de fundos de investimento depositários e as Operações compromissadas com títulos públicos e privados,1
01/01/1998,342309547,1840,M3,Milhares de Reais,M2 acrescido das as quotas de fundos de investimento depositários e as Operações compromissadas com títulos públicos e privados,1
01/02/1998,347318026,1840,M3,Milhares de Reais,M2 acrescido das as quotas de fundos de investimento depositários e as Operações compromissadas com títulos públicos e privados,1
01/03/1998,355059697,1840,M3,Milhares de Reais,M2 acrescido das as quotas de fundos de investimento depositários e as Operações compromissadas com títulos públicos e privados,1
01/04/1998,356912763,1840,M3,Milhares de Reais,M2 acrescido das as quotas de fundos de investimento depositários e as Operações compromissadas com títulos públicos e privados,1
01/05/1998,360800030,1840,M3,Milhares de Reais,M2 acrescido das as quotas de fundos de investimento depositários e as Operações compromissadas com títulos públicos e privados,1
01/06/1998,365836441,1840,M3,Milhares de Reais,M2 acrescido das as quotas de fundos de investimento depositários e as Operações compromissadas com títulos públicos e privados,1
01/07/1998,370759757,1840,M3,Milhares de Reais,M2 acrescido das as quotas de fundos de investimento depositários e as Operações compromissadas com títulos públicos e privados,1
01/08/1998,372056294,1840,M3,Milhares de Reais,M2 acrescido das as quotas de fundos de investimento depositários e as Operações compromissadas com títulos públicos e privados,1
01/09/1998,362409222,1840,M3,Milhares de Reais,M2 acrescido das as quotas de fundos de investimento depositários e as Operações compromissadas com títulos públicos e privados,1
01/10/1998,361779933,1840,M3,Milhares de Reais,M2 acrescido das as quotas de fundos de investimento depositários e as Operações compromissadas com títulos públicos e privados,1
01/11/1998,369953772,1840,M3,Milhares de Reais,M2 acrescido das as quotas de fundos de investimento depositários e as Operações compromissadas com títulos públicos e privados,1
01/12/1998,376014554,1840,M3,Milhares de Reais,M2 acrescido das as quotas de fundos de investimento depositários e as Operações compromissadas com títulos públicos e privados,1
01/01/1999,382744959,1840,M3,Milhares de Reais,M2 acrescido das as quotas de fundos de investimento depositários e as Operações compromissadas com títulos públicos e privados,1
01/02/1999,390762149,1840,M3,Milhares de Reais,M2 acrescido das as quotas de fundos de investimento depositários e as Operações compromissadas com títulos públicos e privados,1
01/03/1999,395691366,1840,M3,Milhares de Reais,M2 acrescido das as quotas de fundos de investimento depositários e as Operações compromissadas com títulos públicos e privados,1
01/04/1999,398999161,1840,M3,Milhares de Reais,M2 acrescido das as quotas de fundos de investimento depositários e as Operações compromissadas com títulos públicos e privados,1
01/05/1999,402944352,1840,M3,Milhares de Reais,M2 acrescido das as quotas de fundos de investimento depositários e as Operações compromissadas com títulos públicos e privados,1
01/06/1999,409710296,1840,M3,Milhares de Reais,M2 acrescido das as quotas de fundos de investimento depositários e as Operações compromissadas com títulos públicos e privados,1
01/07/1999,416482115,1840,M3,Milhares de Reais,M2 acrescido das as quotas de fundos de investimento depositários e as Operações compromissadas com títulos públicos e privados,1
01/08/1999,420137706,1840,M3,Milhares de Reais,M2 acrescido das as quotas de fundos de investimento depositários e as Operações compromissadas com títulos públicos e privados,1
01/09/1999,430713745,1840,M3,Milhares de Reais,M2 acrescido das as quotas de fundos de investimento depositários e as Operações compromissadas com títulos públicos e privados,1
01/10/1999,438220864,1840,M3,Milhares de Reais,M2 acrescido das as quotas de fundos de investimento depositários e as Operações compromissadas com títulos públicos e privados,1
01/11/1999,446063920,1840,M3,Milhares de Reais,M2 acrescido das as quotas de fundos de investimento depositários e as Operações compromissadas com títulos públicos e privados,1
01/12/1999,468728479,1840,M3,Milhares de Reais,M2 acrescido das as quotas de fundos de investimento depositários e as Operações compromissadas com títulos públicos e privados,1
01/01/2000,475779608,1840,M3,Milhares de Reais,M2 acrescido das as quotas de fundos de investimento depositários e as Operações compromissadas com títulos públicos e privados,1
01/02/2000,485838071,1840,M3,Milhares de Reais,M2 acrescido das as quotas de fundos de investimento depositários e as Operações compromissadas com títulos públicos e privados,1
01/03/2000,488779471,1840,M3,Milhares de Reais,M2 acrescido das as quotas de fundos de investimento depositários e as Operações compromissadas com títulos públicos e privados,1
01/04/2000,492621171,1840,M3,Milhares de Reais,M2 acrescido das as quotas de fundos de investimento depositários e as Operações compromissadas com títulos públicos e privados,1
01/05/2000,500273945,1840,M3,Milhares de Reais,M2 acrescido das as quotas de fundos de investimento depositários e as Operações compromissadas com títulos públicos e privados,1
01/06/2000,521330506,1840,M3,Milhares de Reais,M2 acrescido das as quotas de fundos de investimento depositários e as Operações compromissadas com títulos públicos e privados,1
01/07/2000,523731242,1840,M3,Milhares de Reais,M2 acrescido das as quotas de fundos de investimento depositários e as Operações compromissadas com títulos públicos e privados,1
01/08/2000,526772367,1840,M3,Milhares de Reais,M2 acrescido das as quotas de fundos de investimento depositários e as Operações compromissadas com títulos públicos e privados,1
01/09/2000,532149561,1840,M3,Milhares de Reais,M2 acrescido das as quotas de fundos de investimento depositários e as Operações compromissadas com títulos públicos e privados,1
01/10/2000,540101974,1840,M3,Milhares de Reais,M2 acrescido das as quotas de fundos de investimento depositários e as Operações compromissadas com títulos públicos e privados,1
01/11/2000,548717462,1840,M3,Milhares de Reais,M2 acrescido das as quotas de fundos de investimento depositários e as Operações compromissadas com títulos públicos e privados,1
01/12/2000,556577046,1840,M3,Milhares de Reais,M2 acrescido das as quotas de fundos de investimento depositários e as Operações compromissadas com títulos públicos e privados,1
01/01/2001,562914902,1840,M3,Milhares de Reais,M2 acrescido das as quotas de fundos de investimento depositários e as Operações compromissadas com títulos públicos e privados,1
01/02/2001,570211449,1840,M3,Milhares de Reais,M2 acrescido das as quotas de fundos de investimento depositários e as Operações compromissadas com títulos públicos e privados,1
01/03/2001,571148495,1840,M3,Milhares de Reais,M2 acrescido das as quotas de fundos de investimento depositários e as Operações compromissadas com títulos públicos e privados,1
01/04/2001,573777729,1840,M3,Milhares de Reais,M2 acrescido das as quotas de fundos de investimento depositários e as Operações compromissadas com títulos públicos e privados,1
01/05/2001,581883922,1840,M3,Milhares de Reais,M2 acrescido das as quotas de fundos de investimento depositários e as Operações compromissadas com títulos públicos e privados,1
01/06/2001,590938601,1840,M3,Milhares de Reais,M2 acrescido das as quotas de fundos de investimento depositários e as Operações compromissadas com títulos públicos e privados,1
01/07/2001,601009368,1840,M3,Milhares de Reais,M2 acrescido das as quotas de fundos de investimento depositários e as Operações compromissadas com títulos públicos e privados,1
01/08/2001,607027826,1840,M3,Milhares de Reais,M2 acrescido das as quotas de fundos de investimento depositários e as Operações compromissadas com títulos públicos e privados,1
01/09/2001,610227242,1840,M3,Milhares de Reais,M2 acrescido das as quotas de fundos de investimento depositários e as Operações compromissadas com títulos públicos e privados,1
01/10/2001,612464005,1840,M3,Milhares de Reais,M2 acrescido das as quotas de fundos de investimento depositários e as Operações compromissadas com títulos públicos e privados,1
01/11/2001,614423980,1840,M3,Milhares de Reais,M2 acrescido das as quotas de fundos de investimento depositários e as Operações compromissadas com títulos públicos e privados,1
01/12/2001,625057058,1840,M3,Milhares de Reais,M2 acrescido das as quotas de fundos de investimento depositários e as Operações compromissadas com títulos públicos e privados,1
01/01/2002,625847397,1840,M3,Milhares de Reais,M2 acrescido das as quotas de fundos de investimento depositários e as Operações compromissadas com títulos públicos e privados,1
01/02/2002,628537286,1840,M3,Milhares de Reais,M2 acrescido das as quotas de fundos de investimento depositários e as Operações compromissadas com títulos públicos e privados,1
01/03/2002,639015659,1840,M3,Milhares de Reais,M2 acrescido das as quotas de fundos de investimento depositários e as Operações compromissadas com títulos públicos e privados,1
01/04/2002,638630456,1840,M3,Milhares de Reais,M2 acrescido das as quotas de fundos de investimento depositários e as Operações compromissadas com títulos públicos e privados,1
01/05/2002,638272335,1840,M3,Milhares de Reais,M2 acrescido das as quotas de fundos de investimento depositários e as Operações compromissadas com títulos públicos e privados,1
01/06/2002,638514546,1840,M3,Milhares de Reais,M2 acrescido das as quotas de fundos de investimento depositários e as Operações compromissadas com títulos públicos e privados,1
01/07/2002,640851354,1840,M3,Milhares de Reais,M2 acrescido das as quotas de fundos de investimento depositários e as Operações compromissadas com títulos públicos e privados,1
01/08/2002,648650648,1840,M3,Milhares de Reais,M2 acrescido das as quotas de fundos de investimento depositários e as Operações compromissadas com títulos públicos e privados,1
01/09/2002,658617597,1840,M3,Milhares de Reais,M2 acrescido das as quotas de fundos de investimento depositários e as Operações compromissadas com títulos públicos e privados,1
01/10/2002,665956342,1840,M3,Milhares de Reais,M2 acrescido das as quotas de fundos de investimento depositários e as Operações compromissadas com títulos públicos e privados,1
01/11/2002,675384390,1840,M3,Milhares de Reais,M2 acrescido das as quotas de fundos de investimento depositários e as Operações compromissadas com títulos públicos e privados,1
01/12/2002,688268777,1840,M3,Milhares de Reais,M2 acrescido das as quotas de fundos de investimento depositários e as Operações compromissadas com títulos públicos e privados,1
01/01/2003,693322989,1840,M3,Milhares de Reais,M2 acrescido das as quotas de fundos de investimento depositários e as Operações compromissadas com títulos públicos e privados,1
01/02/2003,703913443,1840,M3,Milhares de Reais,M2 acrescido das as quotas de fundos de investimento depositários e as Operações compromissadas com títulos públicos e privados,1
01/03/2003,707807710,1840,M3,Milhares de Reais,M2 acrescido das as quotas de fundos de investimento depositários e as Operações compromissadas com títulos públicos e privados,1
01/04/2003,709587232,1840,M3,Milhares de Reais,M2 acrescido das as quotas de fundos de investimento depositários e as Operações compromissadas com títulos públicos e privados,1
01/05/2003,718199093,1840,M3,Milhares de Reais,M2 acrescido das as quotas de fundos de investimento depositários e as Operações compromissadas com títulos públicos e privados,1
01/06/2003,728440040,1840,M3,Milhares de Reais,M2 acrescido das as quotas de fundos de investimento depositários e as Operações compromissadas com títulos públicos e privados,1
01/07/2003,745964838,1840,M3,Milhares de Reais,M2 acrescido das as quotas de fundos de investimento depositários e as Operações compromissadas com títulos públicos e privados,1
01/08/2003,762889942,1840,M3,Milhares de Reais,M2 acrescido das as quotas de fundos de investimento depositários e as Operações compromissadas com títulos públicos e privados,1
01/09/2003,775905951,1840,M3,Milhares de Reais,M2 acrescido das as quotas de fundos de investimento depositários e as Operações compromissadas com títulos públicos e privados,1
01/10/2003,787768401,1840,M3,Milhares de Reais,M2 acrescido das as quotas de fundos de investimento depositários e as Operações compromissadas com títulos públicos e privados,1
01/11/2003,811571160,1840,M3,Milhares de Reais,M2 acrescido das as quotas de fundos de investimento depositários e as Operações compromissadas com títulos públicos e privados,1
01/12/2003,838385576,1840,M3,Milhares de Reais,M2 acrescido das as quotas de fundos de investimento depositários e as Operações compromissadas com títulos públicos e privados,1
01/01/2004,847182754,1840,M3,Milhares de Reais,M2 acrescido das as quotas de fundos de investimento depositários e as Operações compromissadas com títulos públicos e privados,1
01/02/2004,857016848,1840,M3,Milhares de Reais,M2 acrescido das as quotas de fundos de investimento depositários e as Operações compromissadas com títulos públicos e privados,1
01/03/2004,867056100,1840,M3,Milhares de Reais,M2 acrescido das as quotas de fundos de investimento depositários e as Operações compromissadas com títulos públicos e privados,1
01/04/2004,872295387,1840,M3,Milhares de Reais,M2 acrescido das as quotas de fundos de investimento depositários e as Operações compromissadas com títulos públicos e privados,1
01/05/2004,886941888,1840,M3,Milhares de Reais,M2 acrescido das as quotas de fundos de investimento depositários e as Operações compromissadas com títulos públicos e privados,1
01/06/2004,899639274,1840,M3,Milhares de Reais,M2 acrescido das as quotas de fundos de investimento depositários e as Operações compromissadas com títulos públicos e privados,1
01/07/2004,910413695,1840,M3,Milhares de Reais,M2 acrescido das as quotas de fundos de investimento depositários e as Operações compromissadas com títulos públicos e privados,1
01/08/2004,924652815,1840,M3,Milhares de Reais,M2 acrescido das as quotas de fundos de investimento depositários e as Operações compromissadas com títulos públicos e privados,1
01/09/2004,938982385,1840,M3,Milhares de Reais,M2 acrescido das as quotas de fundos de investimento depositários e as Operações compromissadas com títulos públicos e privados,1
01/10/2004,948866721,1840,M3,Milhares de Reais,M2 acrescido das as quotas de fundos de investimento depositários e as Operações compromissadas com títulos públicos e privados,1
01/11/2004,966450015,1840,M3,Milhares de Reais,M2 acrescido das as quotas de fundos de investimento depositários e as Operações compromissadas com títulos públicos e privados,1
01/12/2004,988621605,1840,M3,Milhares de Reais,M2 acrescido das as quotas de fundos de investimento depositários e as Operações compromissadas com títulos públicos e privados,1
01/01/2005,992577232,1840,M3,Milhares de Reais,M2 acrescido das as quotas de fundos de investimento depositários e as Operações compromissadas com títulos públicos e privados,1
01/02/2005,1005751770,1840,M3,Milhares de Reais,M2 acrescido das as quotas de fundos de investimento depositários e as Operações compromissadas com títulos públicos e privados,1
01/03/2005,1024241687,1840,M3,Milhares de Reais,M2 acrescido das as quotas de fundos de investimento depositários e as Operações compromissadas com títulos públicos e privados,1
01/04/2005,1031306891,1840,M3,Milhares de Reais,M2 acrescido das as quotas de fundos de investimento depositários e as Operações compromissadas com títulos públicos e privados,1
01/05/2005,1036353005,1840,M3,Milhares de Reais,M2 acrescido das as quotas de fundos de investimento depositários e as Operações compromissadas com títulos públicos e privados,1
01/06/2005,1046780946,1840,M3,Milhares de Reais,M2 acrescido das as quotas de fundos de investimento depositários e as Operações compromissadas com títulos públicos e privados,1
01/07/2005,1067315937,1840,M3,Milhares de Reais,M2 acrescido das as quotas de fundos de investimento depositários e as Operações compromissadas com títulos públicos e privados,1
01/08/2005,1083747201,1840,M3,Milhares de Reais,M2 acrescido das as quotas de fundos de investimento depositários e as Operações compromissadas com títulos públicos e privados,1
01/09/2005,1101296006,1840,M3,Milhares de Reais,M2 acrescido das as quotas de fundos de investimento depositários e as Operações compromissadas com títulos públicos e privados,1
01/10/2005,1112999943,1840,M3,Milhares de Reais,M2 acrescido das as quotas de fundos de investimento depositários e as Operações compromissadas com títulos públicos e privados,1
01/11/2005,1136132640,1840,M3,Milhares de Reais,M2 acrescido das as quotas de fundos de investimento depositários e as Operações compromissadas com títulos públicos e privados,1
01/12/2005,1166502052,1840,M3,Milhares de Reais,M2 acrescido das as quotas de fundos de investimento depositários e as Operações compromissadas com títulos públicos e privados,1
01/01/2006,1179463295,1840,M3,Milhares de Reais,M2 acrescido das as quotas de fundos de investimento depositários e as Operações compromissadas com títulos públicos e privados,1
01/02/2006,1202176004,1840,M3,Milhares de Reais,M2 acrescido das as quotas de fundos de investimento depositários e as Operações compromissadas com títulos públicos e privados,1
01/03/2006,1217825580,1840,M3,Milhares de Reais,M2 acrescido das as quotas de fundos de investimento depositários e as Operações compromissadas com títulos públicos e privados,1
01/04/2006,1225525281,1840,M3,Milhares de Reais,M2 acrescido das as quotas de fundos de investimento depositários e as Operações compromissadas com títulos públicos e privados,1
01/05/2006,1245879597,1840,M3,Milhares de Reais,M2 acrescido das as quotas de fundos de investimento depositários e as Operações compromissadas com títulos públicos e privados,1
01/06/2006,1252540809,1840,M3,Milhares de Reais,M2 acrescido das as quotas de fundos de investimento depositários e as Operações compromissadas com títulos públicos e privados,1
01/07/2006,1271609106,1840,M3,Milhares de Reais,M2 acrescido das as quotas de fundos de investimento depositários e as Operações compromissadas com títulos públicos e privados,1
01/08/2006,1283460548,1840,M3,Milhares de Reais,M2 acrescido das as quotas de fundos de investimento depositários e as Operações compromissadas com títulos públicos e privados,1
01/09/2006,1301861163,1840,M3,Milhares de Reais,M2 acrescido das as quotas de fundos de investimento depositários e as Operações compromissadas com títulos públicos e privados,1
01/10/2006,1320164898,1840,M3,Milhares de Reais,M2 acrescido das as quotas de fundos de investimento depositários e as Operações compromissadas com títulos públicos e privados,1
01/11/2006,1348123482,1840,M3,Milhares de Reais,M2 acrescido das as quotas de fundos de investimento depositários e as Operações compromissadas com títulos públicos e privados,1
01/12/2006,1377704062,1840,M3,Milhares de Reais,M2 acrescido das as quotas de fundos de investimento depositários e as Operações compromissadas com títulos públicos e privados,1
01/01/2007,1391527616,1840,M3,Milhares de Reais,M2 acrescido das as quotas de fundos de investimento depositários e as Operações compromissadas com títulos públicos e privados,1
01/02/2007,1406497699,1840,M3,Milhares de Reais,M2 acrescido das as quotas de fundos de investimento depositários e as Operações compromissadas com títulos públicos e privados,1
01/03/2007,1413816317,1840,M3,Milhares de Reais,M2 acrescido das as quotas de fundos de investimento depositários e as Operações compromissadas com títulos públicos e privados,1
01/04/2007,1441028247,1840,M3,Milhares de Reais,M2 acrescido das as quotas de fundos de investimento depositários e as Operações compromissadas com títulos públicos e privados,1
01/05/2007,1459029586,1840,M3,Milhares de Reais,M2 acrescido das as quotas de fundos de investimento depositários e as Operações compromissadas com títulos públicos e privados,1
01/06/2007,1478752556,1840,M3,Milhares de Reais,M2 acrescido das as quotas de fundos de investimento depositários e as Operações compromissadas com títulos públicos e privados,1
01/07/2007,1499129748,1840,M3,Milhares de Reais,M2 acrescido das as quotas de fundos de investimento depositários e as Operações compromissadas com títulos públicos e privados,1
01/08/2007,1509396903,1840,M3,Milhares de Reais,M2 acrescido das as quotas de fundos de investimento depositários e as Operações compromissadas com títulos públicos e privados,1
01/09/2007,1545045069,1840,M3,Milhares de Reais,M2 acrescido das as quotas de fundos de investimento depositários e as Operações compromissadas com títulos públicos e privados,1
01/10/2007,1569569859,1840,M3,Milhares de Reais,M2 acrescido das as quotas de fundos de investimento depositários e as Operações compromissadas com títulos públicos e privados,1
01/11/2007,1585577434,1840,M3,Milhares de Reais,M2 acrescido das as quotas de fundos de investimento depositários e as Operações compromissadas com títulos públicos e privados,1
01/12/2007,1617617291,1840,M3,Milhares de Reais,M2 acrescido das as quotas de fundos de investimento depositários e as Operações compromissadas com títulos públicos e privados,1
01/01/2008,1617342540,1840,M3,Milhares de Reais,M2 acrescido das as quotas de fundos de investimento depositários e as Operações compromissadas com títulos públicos e privados,1
01/02/2008,1633770803,1840,M3,Milhares de Reais,M2 acrescido das as quotas de fundos de investimento depositários e as Operações compromissadas com títulos públicos e privados,1
01/03/2008,1649721583,1840,M3,Milhares de Reais,M2 acrescido das as quotas de fundos de investimento depositários e as Operações compromissadas com títulos públicos e privados,1
01/04/2008,1687206100,1840,M3,Milhares de Reais,M2 acrescido das as quotas de fundos de investimento depositários e as Operações compromissadas com títulos públicos e privados,1
01/05/2008,1714724128,1840,M3,Milhares de Reais,M2 acrescido das as quotas de fundos de investimento depositários e as Operações compromissadas com títulos públicos e privados,1
01/06/2008,1727624327,1840,M3,Milhares de Reais,M2 acrescido das as quotas de fundos de investimento depositários e as Operações compromissadas com títulos públicos e privados,1
01/07/2008,1766585948,1840,M3,Milhares de Reais,M2 acrescido das as quotas de fundos de investimento depositários e as Operações compromissadas com títulos públicos e privados,1
01/08/2008,1801307751,1840,M3,Milhares de Reais,M2 acrescido das as quotas de fundos de investimento depositários e as Operações compromissadas com títulos públicos e privados,1
01/09/2008,1823297469,1840,M3,Milhares de Reais,M2 acrescido das as quotas de fundos de investimento depositários e as Operações compromissadas com títulos públicos e privados,1
01/10/2008,1829286890,1840,M3,Milhares de Reais,M2 acrescido das as quotas de fundos de investimento depositários e as Operações compromissadas com títulos públicos e privados,1
01/11/2008,1859517885,1840,M3,Milhares de Reais,M2 acrescido das as quotas de fundos de investimento depositários e as Operações compromissadas com títulos públicos e privados,1
01/12/2008,1905613750,1840,M3,Milhares de Reais,M2 acrescido das as quotas de fundos de investimento depositários e as Operações compromissadas com títulos públicos e privados,1
01/01/2009,1905694754,1840,M3,Milhares de Reais,M2 acrescido das as quotas de fundos de investimento depositários e as Operações compromissadas com títulos públicos e privados,1
01/02/2009,1920396370,1840,M3,Milhares de Reais,M2 acrescido das as quotas de fundos de investimento depositários e as Operações compromissadas com títulos públicos e privados,1
01/03/2009,1933786325,1840,M3,Milhares de Reais,M2 acrescido das as quotas de fundos de investimento depositários e as Operações compromissadas com títulos públicos e privados,1
01/04/2009,1958244240,1840,M3,Milhares de Reais,M2 acrescido das as quotas de fundos de investimento depositários e as Operações compromissadas com títulos públicos e privados,1
01/05/2009,1989065704,1840,M3,Milhares de Reais,M2 acrescido das as quotas de fundos de investimento depositários e as Operações compromissadas com títulos públicos e privados,1
01/06/2009,2009821353,1840,M3,Milhares de Reais,M2 acrescido das as quotas de fundos de investimento depositários e as Operações compromissadas com títulos públicos e privados,1
01/07/2009,2037664511,1840,M3,Milhares de Reais,M2 acrescido das as quotas de fundos de investimento depositários e as Operações compromissadas com títulos públicos e privados,1
01/08/2009,2072365243,1840,M3,Milhares de Reais,M2 acrescido das as quotas de fundos de investimento depositários e as Operações compromissadas com títulos públicos e privados,1
01/09/2009,2114278069,1840,M3,Milhares de Reais,M2 acrescido das as quotas de fundos de investimento depositários e as Operações compromissadas com títulos públicos e privados,1
01/10/2009,2130224225,1840,M3,Milhares de Reais,M2 acrescido das as quotas de fundos de investimento depositários e as Operações compromissadas com títulos públicos e privados,1
01/11/2009,2160941561,1840,M3,Milhares de Reais,M2 acrescido das as quotas de fundos de investimento depositários e as Operações compromissadas com títulos públicos e privados,1
01/12/2009,2206319201,1840,M3,Milhares de Reais,M2 acrescido das as quotas de fundos de investimento depositários e as Operações compromissadas com títulos públicos e privados,1
01/01/2010,2194984313,1840,M3,Milhares de Reais,M2 acrescido das as quotas de fundos de investimento depositários e as Operações compromissadas com títulos públicos e privados,1
01/02/2010,2202444588,1840,M3,Milhares de Reais,M2 acrescido das as quotas de fundos de investimento depositários e as Operações compromissadas com títulos públicos e privados,1
01/03/2010,2233577083,1840,M3,Milhares de Reais,M2 acrescido das as quotas de fundos de investimento depositários e as Operações compromissadas com títulos públicos e privados,1
01/04/2010,2227203705,1840,M3,Milhares de Reais,M2 acrescido das as quotas de fundos de investimento depositários e as Operações compromissadas com títulos públicos e privados,1
01/05/2010,2253843628,1840,M3,Milhares de Reais,M2 acrescido das as quotas de fundos de investimento depositários e as Operações compromissadas com títulos públicos e privados,1
01/06/2010,2283556279,1840,M3,Milhares de Reais,M2 acrescido das as quotas de fundos de investimento depositários e as Operações compromissadas com títulos públicos e privados,1
01/07/2010,2321858604,1840,M3,Milhares de Reais,M2 acrescido das as quotas de fundos de investimento depositários e as Operações compromissadas com títulos públicos e privados,1
01/08/2010,2370446129,1840,M3,Milhares de Reais,M2 acrescido das as quotas de fundos de investimento depositários e as Operações compromissadas com títulos públicos e privados,1
01/09/2010,2427742288,1840,M3,Milhares de Reais,M2 acrescido das as quotas de fundos de investimento depositários e as Operações compromissadas com títulos públicos e privados,1
01/10/2010,2467603608,1840,M3,Milhares de Reais,M2 acrescido das as quotas de fundos de investimento depositários e as Operações compromissadas com títulos públicos e privados,1
01/11/2010,2496328286,1840,M3,Milhares de Reais,M2 acrescido das as quotas de fundos de investimento depositários e as Operações compromissadas com títulos públicos e privados,1
01/12/2010,2549739163,1840,M3,Milhares de Reais,M2 acrescido das as quotas de fundos de investimento depositários e as Operações compromissadas com títulos públicos e privados,1
01/01/2011,2554223753,1840,M3,Milhares de Reais,M2 acrescido das as quotas de fundos de investimento depositários e as Operações compromissadas com títulos públicos e privados,1
01/02/2011,2607475785,1840,M3,Milhares de Reais,M2 acrescido das as quotas de fundos de investimento depositários e as Operações compromissadas com títulos públicos e privados,1
01/03/2011,2643343806,1840,M3,Milhares de Reais,M2 acrescido das as quotas de fundos de investimento depositários e as Operações compromissadas com títulos públicos e privados,1
01/04/2011,2660059591,1840,M3,Milhares de Reais,M2 acrescido das as quotas de fundos de investimento depositários e as Operações compromissadas com títulos públicos e privados,1
01/05/2011,2698452114,1840,M3,Milhares de Reais,M2 acrescido das as quotas de fundos de investimento depositários e as Operações compromissadas com títulos públicos e privados,1
01/06/2011,2732703824,1840,M3,Milhares de Reais,M2 acrescido das as quotas de fundos de investimento depositários e as Operações compromissadas com títulos públicos e privados,1
01/07/2011,2783398496,1840,M3,Milhares de Reais,M2 acrescido das as quotas de fundos de investimento depositários e as Operações compromissadas com títulos públicos e privados,1
01/08/2011,2837612604,1840,M3,Milhares de Reais,M2 acrescido das as quotas de fundos de investimento depositários e as Operações compromissadas com títulos públicos e privados,1
01/09/2011,2880180931,1840,M3,Milhares de Reais,M2 acrescido das as quotas de fundos de investimento depositários e as Operações compromissadas com títulos públicos e privados,1
01/10/2011,2903548749,1840,M3,Milhares de Reais,M2 acrescido das as quotas de fundos de investimento depositários e as Operações compromissadas com títulos públicos e privados,1
01/11/2011,2948926343,1840,M3,Milhares de Reais,M2 acrescido das as quotas de fundos de investimento depositários e as Operações compromissadas com títulos públicos e privados,1
01/12/2011,3030280233,1840,M3,Milhares de Reais,M2 acrescido das as quotas de fundos de investimento depositários e as Operações compromissadas com títulos públicos e privados,1
01/01/2012,3085567637,1840,M3,Milhares de Reais,M2 acrescido das as quotas de fundos de investimento depositários e as Operações compromissadas com títulos públicos e privados,1
01/02/2012,3121925214,1840,M3,Milhares de Reais,M2 acrescido das as quotas de fundos de investimento depositários e as Operações compromissadas com títulos públicos e privados,1
01/03/2012,3187246836,1840,M3,Milhares de Reais,M2 acrescido das as quotas de fundos de investimento depositários e as Operações compromissadas com títulos públicos e privados,1
01/04/2012,3220246648,1840,M3,Milhares de Reais,M2 acrescido das as quotas de fundos de investimento depositários e as Operações compromissadas com títulos públicos e privados,1
01/05/2012,3254939916,1840,M3,Milhares de Reais,M2 acrescido das as quotas de fundos de investimento depositários e as Operações compromissadas com títulos públicos e privados,1
01/06/2012,3292409899,1840,M3,Milhares de Reais,M2 acrescido das as quotas de fundos de investimento depositários e as Operações compromissadas com títulos públicos e privados,1
01/07/2012,3344253146,1840,M3,Milhares de Reais,M2 acrescido das as quotas de fundos de investimento depositários e as Operações compromissadas com títulos públicos e privados,1
01/08/2012,3394805753,1840,M3,Milhares de Reais,M2 acrescido das as quotas de fundos de investimento depositários e as Operações compromissadas com títulos públicos e privados,1
01/09/2012,3421890817,1840,M3,Milhares de Reais,M2 acrescido das as quotas de fundos de investimento depositários e as Operações compromissadas com títulos públicos e privados,1
01/10/2012,3466358194,1840,M3,Milhares de Reais,M2 acrescido das as quotas de fundos de investimento depositários e as Operações compromissadas com títulos públicos e privados,1
01/11/2012,3504943950,1840,M3,Milhares de Reais,M2 acrescido das as quotas de fundos de investimento depositários e as Operações compromissadas com títulos públicos e privados,1
01/12/2012,3519098613,1840,M3,Milhares de Reais,M2 acrescido das as quotas de fundos de investimento depositários e as Operações compromissadas com títulos públicos e privados,1
01/01/2013,3550035218,1840,M3,Milhares de Reais,M2 acrescido das as quotas de fundos de investimento depositários e as Operações compromissadas com títulos públicos e privados,1
01/02/2013,3564551720,1840,M3,Milhares de Reais,M2 acrescido das as quotas de fundos de investimento depositários e as Operações compromissadas com títulos públicos e privados,1
01/03/2013,3611159772,1840,M3,Milhares de Reais,M2 acrescido das as quotas de fundos de investimento depositários e as Operações compromissadas com títulos públicos e privados,1
01/04/2013,3632643413,1840,M3,Milhares de Reais,M2 acrescido das as quotas de fundos de investimento depositários e as Operações compromissadas com títulos públicos e privados,1
01/05/2013,3679220778,1840,M3,Milhares de Reais,M2 acrescido das as quotas de fundos de investimento depositários e as Operações compromissadas com títulos públicos e privados,1
01/06/2013,3692236709,1840,M3,Milhares de Reais,M2 acrescido das as quotas de fundos de investimento depositários e as Operações compromissadas com títulos públicos e privados,1
01/07/2013,3711878221,1840,M3,Milhares de Reais,M2 acrescido das as quotas de fundos de investimento depositários e as Operações compromissadas com títulos públicos e privados,1
01/08/2013,3733964410,1840,M3,Milhares de Reais,M2 acrescido das as quotas de fundos de investimento depositários e as Operações compromissadas com títulos públicos e privados,1
01/09/2013,3755965603,1840,M3,Milhares de Reais,M2 acrescido das as quotas de fundos de investimento depositários e as Operações compromissadas com títulos públicos e privados,1
01/10/2013,3767584680,1840,M3,Milhares de Reais,M2 acrescido das as quotas de fundos de investimento depositários e as Operações compromissadas com títulos públicos e privados,1
01/11/2013,3787408061,1840,M3,Milhares de Reais,M2 acrescido das as quotas de fundos de investimento depositários e as Operações compromissadas com títulos públicos e privados,1
01/12/2013,3821959683,1840,M3,Milhares de Reais,M2 acrescido das as quotas de fundos de investimento depositários e as Operações compromissadas com títulos públicos e privados,1
01/01/2014,3827931295,1840,M3,Milhares de Reais,M2 acrescido das as quotas de fundos de investimento depositários e as Operações compromissadas com títulos públicos e privados,1
01/02/2014,3853172354,1840,M3,Milhares de Reais,M2 acrescido das as quotas de fundos de investimento depositários e as Operações compromissadas com títulos públicos e privados,1
01/03/2014,3877084566,1840,M3,Milhares de Reais,M2 acrescido das as quotas de fundos de investimento depositários e as Operações compromissadas com títulos públicos e privados,1
01/04/2014,3914735434,1840,M3,Milhares de Reais,M2 acrescido das as quotas de fundos de investimento depositários e as Operações compromissadas com títulos públicos e privados,1
01/05/2014,3968517541,1840,M3,Milhares de Reais,M2 acrescido das as quotas de fundos de investimento depositários e as Operações compromissadas com títulos públicos e privados,1
01/06/2014,4001564165,1840,M3,Milhares de Reais,M2 acrescido das as quotas de fundos de investimento depositários e as Operações compromissadas com títulos públicos e privados,1
01/07/2014,4058040461,1840,M3,Milhares de Reais,M2 acrescido das as quotas de fundos de investimento depositários e as Operações compromissadas com títulos públicos e privados,1
01/08/2014,4159959000,1840,M3,Milhares de Reais,M2 acrescido das as quotas de fundos de investimento depositários e as Operações compromissadas com títulos públicos e privados,1
01/09/2014,4204513094,1840,M3,Milhares de Reais,M2 acrescido das as quotas de fundos de investimento depositários e as Operações compromissadas com títulos públicos e privados,1
01/10/2014,4233945407,1840,M3,Milhares de Reais,M2 acrescido das as quotas de fundos de investimento depositários e as Operações compromissadas com títulos públicos e privados,1
01/11/2014,4282274553,1840,M3,Milhares de Reais,M2 acrescido das as quotas de fundos de investimento depositários e as Operações compromissadas com títulos públicos e privados,1
01/12/2014,4319484312,1840,M3,Milhares de Reais,M2 acrescido das as quotas de fundos de investimento depositários e as Operações compromissadas com títulos públicos e privados,1
01/01/2015,4335516207,1840,M3,Milhares de Reais,M2 acrescido das as quotas de fundos de investimento depositários e as Operações compromissadas com títulos públicos e privados,1
01/02/2015,4347972711,1840,M3,Milhares de Reais,M2 acrescido das as quotas de fundos de investimento depositários e as Operações compromissadas com títulos públicos e privados,1
01/03/2015,4370433264,1840,M3,Milhares de Reais,M2 acrescido das as quotas de fundos de investimento depositários e as Operações compromissadas com títulos públicos e privados,1
01/04/2015,4406195377,1840,M3,Milhares de Reais,M2 acrescido das as quotas de fundos de investimento depositários e as Operações compromissadas com títulos públicos e privados,1
01/05/2015,4475353974,1840,M3,Milhares de Reais,M2 acrescido das as quotas de fundos de investimento depositários e as Operações compromissadas com títulos públicos e privados,1
01/06/2015,4479849781,1840,M3,Milhares de Reais,M2 acrescido das as quotas de fundos de investimento depositários e as Operações compromissadas com títulos públicos e privados,1
01/07/2015,4507204991,1840,M3,Milhares de Reais,M2 acrescido das as quotas de fundos de investimento depositários e as Operações compromissadas com títulos públicos e privados,1
01/08/2015,4518764301,1840,M3,Milhares de Reais,M2 acrescido das as quotas de fundos de investimento depositários e as Operações compromissadas com títulos públicos e privados,1
01/09/2015,4540725113,1840,M3,Milhares de Reais,M2 acrescido das as quotas de fundos de investimento depositários e as Operações compromissadas com títulos públicos e privados,1
01/10/2015,4624608482,1840,M3,Milhares de Reais,M2 acrescido das as quotas de fundos de investimento depositários e as Operações compromissadas com títulos públicos e privados,1
01/11/2015,4656424458,1840,M3,Milhares de Reais,M2 acrescido das as quotas de fundos de investimento depositários e as Operações compromissadas com títulos públicos e privados,1
01/12/2015,4759312267,1840,M3,Milhares de Reais,M2 acrescido das as quotas de fundos de investimento depositários e as Operações compromissadas com títulos públicos e privados,1
01/01/2016,4752143770,1840,M3,Milhares de Reais,M2 acrescido das as quotas de fundos de investimento depositários e as Operações compromissadas com títulos públicos e privados,1
01/02/2016,4807617353,1840,M3,Milhares de Reais,M2 acrescido das as quotas de fundos de investimento depositários e as Operações compromissadas com títulos públicos e privados,1
01/03/2016,4865109730,1840,M3,Milhares de Reais,M2 acrescido das as quotas de fundos de investimento depositários e as Operações compromissadas com títulos públicos e privados,1
01/04/2016,4889529825,1840,M3,Milhares de Reais,M2 acrescido das as quotas de fundos de investimento depositários e as Operações compromissadas com títulos públicos e privados,1
01/05/2016,4927150998,1840,M3,Milhares de Reais,M2 acrescido das as quotas de fundos de investimento depositários e as Operações compromissadas com títulos públicos e privados,1
01/06/2016,4960426348,1840,M3,Milhares de Reais,M2 acrescido das as quotas de fundos de investimento depositários e as Operações compromissadas com títulos públicos e privados,1
01/07/2016,5008531299,1840,M3,Milhares de Reais,M2 acrescido das as quotas de fundos de investimento depositários e as Operações compromissadas com títulos públicos e privados,1
01/08/2016,5067637341,1840,M3,Milhares de Reais,M2 acrescido das as quotas de fundos de investimento depositários e as Operações compromissadas com títulos públicos e privados,1
01/09/2016,5092048873,1840,M3,Milhares de Reais,M2 acrescido das as quotas de fundos de investimento depositários e as Operações compromissadas com títulos públicos e privados,1
01/10/2016,5141595448,1840,M3,Milhares de Reais,M2 acrescido das as quotas de fundos de investimento depositários e as Operações compromissadas com títulos públicos e privados,1
01/11/2016,5181705540,1840,M3,Milhares de Reais,M2 acrescido das as quotas de fundos de investimento depositários e as Operações compromissadas com títulos públicos e privados,1
01/12/2016,5283354875,1840,M3,Milhares de Reais,M2 acrescido das as quotas de fundos de investimento depositários e as Operações compromissadas com títulos públicos e privados,1
01/01/2017,5318721380,1840,M3,Milhares de Reais,M2 acrescido das as quotas de fundos de investimento depositários e as Operações compromissadas com títulos públicos e privados,1
01/02/2017,5360148702,1840,M3,Milhares de Reais,M2 acrescido das as quotas de fundos de investimento depositários e as Operações compromissadas com títulos públicos e privados,1
01/03/2017,5430533707,1840,M3,Milhares de Reais,M2 acrescido das as quotas de fundos de investimento depositários e as Operações compromissadas com títulos públicos e privados,1
01/04/2017,5425333063,1840,M3,Milhares de Reais,M2 acrescido das as quotas de fundos de investimento depositários e as Operações compromissadas com títulos públicos e privados,1
01/05/2017,5472332158,1840,M3,Milhares de Reais,M2 acrescido das as quotas de fundos de investimento depositários e as Operações compromissadas com títulos públicos e privados,1
01/06/2017,5513081915,1840,M3,Milhares de Reais,M2 acrescido das as quotas de fundos de investimento depositários e as Operações compromissadas com títulos públicos e privados,1
01/07/2017,5561941615,1840,M3,Milhares de Reais,M2 acrescido das as quotas de fundos de investimento depositários e as Operações compromissadas com títulos públicos e privados,1
01/08/2017,5648056799,1840,M3,Milhares de Reais,M2 acrescido das as quotas de fundos de investimento depositários e as Operações compromissadas com títulos públicos e privados,1
01/09/2017,5694163184,1840,M3,Milhares de Reais,M2 acrescido das as quotas de fundos de investimento depositários e as Operações compromissadas com títulos públicos e privados,1
01/10/2017,5736094081,1840,M3,Milhares de Reais,M2 acrescido das as quotas de fundos de investimento depositários e as Operações compromissadas com títulos públicos e privados,1
01/11/2017,5747797562,1840,M3,Milhares de Reais,M2 acrescido das as quotas de fundos de investimento depositários e as Operações compromissadas com títulos públicos e privados,1
01/12/2017,5793963473,1840,M3,Milhares de Reais,M2 acrescido das as quotas de fundos de investimento depositários e as Operações compromissadas com títulos públicos e privados,1
01/01/2018,5815364467,1840,M3,Milhares de Reais,M2 acrescido das as quotas de fundos de investimento depositários e as Operações compromissadas com títulos públicos e privados,1
01/02/2018,5861603992,1840,M3,Milhares de Reais,M2 acrescido das as quotas de fundos de investimento depositários e as Operações compromissadas com títulos públicos e privados,1
01/03/2018,5937011900,1840,M3,Milhares de Reais,M2 acrescido das as quotas de fundos de investimento depositários e as Operações compromissadas com títulos públicos e privados,1
01/04/2018,5958373603,1840,M3,Milhares de Reais,M2 acrescido das as quotas de fundos de investimento depositários e as Operações compromissadas com títulos públicos e privados,1
01/05/2018,5966696712,1840,M3,Milhares de Reais,M2 acrescido das as quotas de fundos de investimento depositários e as Operações compromissadas com títulos públicos e privados,1
01/06/2018,6009808477,1840,M3,Milhares de Reais,M2 acrescido das as quotas de fundos de investimento depositários e as Operações compromissadas com títulos públicos e privados,1
01/07/1994,145458850,1843,M4,Milhares de Reais,M3 acrescido de títulos públicos emitidos pelo Governo Federal,1
01/08/1994,154796514,1843,M4,Milhares de Reais,M3 acrescido de títulos públicos emitidos pelo Governo Federal,1
01/09/1994,161971507,1843,M4,Milhares de Reais,M3 acrescido de títulos públicos emitidos pelo Governo Federal,1
01/10/1994,167291912,1843,M4,Milhares de Reais,M3 acrescido de títulos públicos emitidos pelo Governo Federal,1
01/11/1994,171970874,1843,M4,Milhares de Reais,M3 acrescido de títulos públicos emitidos pelo Governo Federal,1
01/12/1994,176450306,1843,M4,Milhares de Reais,M3 acrescido de títulos públicos emitidos pelo Governo Federal,1
01/01/1995,184372625,1843,M4,Milhares de Reais,M3 acrescido de títulos públicos emitidos pelo Governo Federal,1
01/02/1995,191654225,1843,M4,Milhares de Reais,M3 acrescido de títulos públicos emitidos pelo Governo Federal,1
01/03/1995,191690539,1843,M4,Milhares de Reais,M3 acrescido de títulos públicos emitidos pelo Governo Federal,1
01/04/1995,195318077,1843,M4,Milhares de Reais,M3 acrescido de títulos públicos emitidos pelo Governo Federal,1
01/05/1995,199009321,1843,M4,Milhares de Reais,M3 acrescido de títulos públicos emitidos pelo Governo Federal,1
01/06/1995,204386748,1843,M4,Milhares de Reais,M3 acrescido de títulos públicos emitidos pelo Governo Federal,1
01/07/1995,215564894,1843,M4,Milhares de Reais,M3 acrescido de títulos públicos emitidos pelo Governo Federal,1
01/08/1995,226489850,1843,M4,Milhares de Reais,M3 acrescido de títulos públicos emitidos pelo Governo Federal,1
01/09/1995,233692414,1843,M4,Milhares de Reais,M3 acrescido de títulos públicos emitidos pelo Governo Federal,1
01/10/1995,242755287,1843,M4,Milhares de Reais,M3 acrescido de títulos públicos emitidos pelo Governo Federal,1
01/11/1995,249410238,1843,M4,Milhares de Reais,M3 acrescido de títulos públicos emitidos pelo Governo Federal,1
01/12/1995,261170312,1843,M4,Milhares de Reais,M3 acrescido de títulos públicos emitidos pelo Governo Federal,1
01/01/1996,269967557,1843,M4,Milhares de Reais,M3 acrescido de títulos públicos emitidos pelo Governo Federal,1
01/02/1996,276085312,1843,M4,Milhares de Reais,M3 acrescido de títulos públicos emitidos pelo Governo Federal,1
01/03/1996,281590670,1843,M4,Milhares de Reais,M3 acrescido de títulos públicos emitidos pelo Governo Federal,1
01/04/1996,290156406,1843,M4,Milhares de Reais,M3 acrescido de títulos públicos emitidos pelo Governo Federal,1
01/05/1996,291916128,1843,M4,Milhares de Reais,M3 acrescido de títulos públicos emitidos pelo Governo Federal,1
01/06/1996,295963743,1843,M4,Milhares de Reais,M3 acrescido de títulos públicos emitidos pelo Governo Federal,1
01/07/1996,301777434,1843,M4,Milhares de Reais,M3 acrescido de títulos públicos emitidos pelo Governo Federal,1
01/08/1996,306605127,1843,M4,Milhares de Reais,M3 acrescido de títulos públicos emitidos pelo Governo Federal,1
01/09/1996,313475142,1843,M4,Milhares de Reais,M3 acrescido de títulos públicos emitidos pelo Governo Federal,1
01/10/1996,319689534,1843,M4,Milhares de Reais,M3 acrescido de títulos públicos emitidos pelo Governo Federal,1
01/11/1996,328226870,1843,M4,Milhares de Reais,M3 acrescido de títulos públicos emitidos pelo Governo Federal,1
01/12/1996,336155252,1843,M4,Milhares de Reais,M3 acrescido de títulos públicos emitidos pelo Governo Federal,1
01/01/1997,336141710,1843,M4,Milhares de Reais,M3 acrescido de títulos públicos emitidos pelo Governo Federal,1
01/02/1997,340368661,1843,M4,Milhares de Reais,M3 acrescido de títulos públicos emitidos pelo Governo Federal,1
01/03/1997,345524328,1843,M4,Milhares de Reais,M3 acrescido de títulos públicos emitidos pelo Governo Federal,1
01/04/1997,349940908,1843,M4,Milhares de Reais,M3 acrescido de títulos públicos emitidos pelo Governo Federal,1
01/05/1997,356336886,1843,M4,Milhares de Reais,M3 acrescido de títulos públicos emitidos pelo Governo Federal,1
01/06/1997,366486598,1843,M4,Milhares de Reais,M3 acrescido de títulos públicos emitidos pelo Governo Federal,1
01/07/1997,372186773,1843,M4,Milhares de Reais,M3 acrescido de títulos públicos emitidos pelo Governo Federal,1
01/08/1997,377856487,1843,M4,Milhares de Reais,M3 acrescido de títulos públicos emitidos pelo Governo Federal,1
01/09/1997,390708962,1843,M4,Milhares de Reais,M3 acrescido de títulos públicos emitidos pelo Governo Federal,1
01/10/1997,397869091,1843,M4,Milhares de Reais,M3 acrescido de títulos públicos emitidos pelo Governo Federal,1
01/11/1997,397255200,1843,M4,Milhares de Reais,M3 acrescido de títulos públicos emitidos pelo Governo Federal,1
01/12/1997,405942124,1843,M4,Milhares de Reais,M3 acrescido de títulos públicos emitidos pelo Governo Federal,1
01/01/1998,405295275,1843,M4,Milhares de Reais,M3 acrescido de títulos públicos emitidos pelo Governo Federal,1
01/02/1998,423340311,1843,M4,Milhares de Reais,M3 acrescido de títulos públicos emitidos pelo Governo Federal,1
01/03/1998,434572351,1843,M4,Milhares de Reais,M3 acrescido de títulos públicos emitidos pelo Governo Federal,1
01/04/1998,436751199,1843,M4,Milhares de Reais,M3 acrescido de títulos públicos emitidos pelo Governo Federal,1
01/05/1998,442461422,1843,M4,Milhares de Reais,M3 acrescido de títulos públicos emitidos pelo Governo Federal,1
01/06/1998,447232092,1843,M4,Milhares de Reais,M3 acrescido de títulos públicos emitidos pelo Governo Federal,1
01/07/1998,443249446,1843,M4,Milhares de Reais,M3 acrescido de títulos públicos emitidos pelo Governo Federal,1
01/08/1998,443413810,1843,M4,Milhares de Reais,M3 acrescido de títulos públicos emitidos pelo Governo Federal,1
01/09/1998,433043522,1843,M4,Milhares de Reais,M3 acrescido de títulos públicos emitidos pelo Governo Federal,1
01/10/1998,435968874,1843,M4,Milhares de Reais,M3 acrescido de títulos públicos emitidos pelo Governo Federal,1
01/11/1998,454769085,1843,M4,Milhares de Reais,M3 acrescido de títulos públicos emitidos pelo Governo Federal,1
01/12/1998,459307679,1843,M4,Milhares de Reais,M3 acrescido de títulos públicos emitidos pelo Governo Federal,1
01/01/1999,474432625,1843,M4,Milhares de Reais,M3 acrescido de títulos públicos emitidos pelo Governo Federal,1
01/02/1999,484128093,1843,M4,Milhares de Reais,M3 acrescido de títulos públicos emitidos pelo Governo Federal,1
01/03/1999,486078895,1843,M4,Milhares de Reais,M3 acrescido de títulos públicos emitidos pelo Governo Federal,1
01/04/1999,488446848,1843,M4,Milhares de Reais,M3 acrescido de títulos públicos emitidos pelo Governo Federal,1
01/05/1999,496714229,1843,M4,Milhares de Reais,M3 acrescido de títulos públicos emitidos pelo Governo Federal,1
01/06/1999,503481008,1843,M4,Milhares de Reais,M3 acrescido de títulos públicos emitidos pelo Governo Federal,1
01/07/1999,511444850,1843,M4,Milhares de Reais,M3 acrescido de títulos públicos emitidos pelo Governo Federal,1
01/08/1999,523790085,1843,M4,Milhares de Reais,M3 acrescido de títulos públicos emitidos pelo Governo Federal,1
01/09/1999,528276617,1843,M4,Milhares de Reais,M3 acrescido de títulos públicos emitidos pelo Governo Federal,1
01/10/1999,535190918,1843,M4,Milhares de Reais,M3 acrescido de títulos públicos emitidos pelo Governo Federal,1
01/11/1999,545721867,1843,M4,Milhares de Reais,M3 acrescido de títulos públicos emitidos pelo Governo Federal,1
01/12/1999,551092476,1843,M4,Milhares de Reais,M3 acrescido de títulos públicos emitidos pelo Governo Federal,1
01/01/2000,557145604,1843,M4,Milhares de Reais,M3 acrescido de títulos públicos emitidos pelo Governo Federal,1
01/02/2000,562459054,1843,M4,Milhares de Reais,M3 acrescido de títulos públicos emitidos pelo Governo Federal,1
01/03/2000,569427759,1843,M4,Milhares de Reais,M3 acrescido de títulos públicos emitidos pelo Governo Federal,1
01/04/2000,571690935,1843,M4,Milhares de Reais,M3 acrescido de títulos públicos emitidos pelo Governo Federal,1
01/05/2000,580705910,1843,M4,Milhares de Reais,M3 acrescido de títulos públicos emitidos pelo Governo Federal,1
01/06/2000,588167828,1843,M4,Milhares de Reais,M3 acrescido de títulos públicos emitidos pelo Governo Federal,1
01/07/2000,601235973,1843,M4,Milhares de Reais,M3 acrescido de títulos públicos emitidos pelo Governo Federal,1
01/08/2000,610435699,1843,M4,Milhares de Reais,M3 acrescido de títulos públicos emitidos pelo Governo Federal,1
01/09/2000,618613366,1843,M4,Milhares de Reais,M3 acrescido de títulos públicos emitidos pelo Governo Federal,1
01/10/2000,630727758,1843,M4,Milhares de Reais,M3 acrescido de títulos públicos emitidos pelo Governo Federal,1
01/11/2000,640450008,1843,M4,Milhares de Reais,M3 acrescido de títulos públicos emitidos pelo Governo Federal,1
01/12/2000,652092835,1843,M4,Milhares de Reais,M3 acrescido de títulos públicos emitidos pelo Governo Federal,1
01/01/2001,657367578,1843,M4,Milhares de Reais,M3 acrescido de títulos públicos emitidos pelo Governo Federal,1
01/02/2001,666452774,1843,M4,Milhares de Reais,M3 acrescido de títulos públicos emitidos pelo Governo Federal,1
01/03/2001,674703446,1843,M4,Milhares de Reais,M3 acrescido de títulos públicos emitidos pelo Governo Federal,1
01/04/2001,679545620,1843,M4,Milhares de Reais,M3 acrescido de títulos públicos emitidos pelo Governo Federal,1
01/05/2001,689220424,1843,M4,Milhares de Reais,M3 acrescido de títulos públicos emitidos pelo Governo Federal,1
01/06/2001,693420440,1843,M4,Milhares de Reais,M3 acrescido de títulos públicos emitidos pelo Governo Federal,1
01/07/2001,716911402,1843,M4,Milhares de Reais,M3 acrescido de títulos públicos emitidos pelo Governo Federal,1
01/08/2001,731030917,1843,M4,Milhares de Reais,M3 acrescido de títulos públicos emitidos pelo Governo Federal,1
01/09/2001,746597553,1843,M4,Milhares de Reais,M3 acrescido de títulos públicos emitidos pelo Governo Federal,1
01/10/2001,750803464,1843,M4,Milhares de Reais,M3 acrescido de títulos públicos emitidos pelo Governo Federal,1
01/11/2001,757858474,1843,M4,Milhares de Reais,M3 acrescido de títulos públicos emitidos pelo Governo Federal,1
01/12/2001,756181318,1843,M4,Milhares de Reais,M3 acrescido de títulos públicos emitidos pelo Governo Federal,1
01/01/2002,758323418,1843,M4,Milhares de Reais,M3 acrescido de títulos públicos emitidos pelo Governo Federal,1
01/02/2002,757953435,1843,M4,Milhares de Reais,M3 acrescido de títulos públicos emitidos pelo Governo Federal,1
01/03/2002,761852552,1843,M4,Milhares de Reais,M3 acrescido de títulos públicos emitidos pelo Governo Federal,1
01/04/2002,764709835,1843,M4,Milhares de Reais,M3 acrescido de títulos públicos emitidos pelo Governo Federal,1
01/05/2002,764683148,1843,M4,Milhares de Reais,M3 acrescido de títulos públicos emitidos pelo Governo Federal,1
01/06/2002,769577944,1843,M4,Milhares de Reais,M3 acrescido de títulos públicos emitidos pelo Governo Federal,1
01/07/2002,771385273,1843,M4,Milhares de Reais,M3 acrescido de títulos públicos emitidos pelo Governo Federal,1
01/08/2002,765333403,1843,M4,Milhares de Reais,M3 acrescido de títulos públicos emitidos pelo Governo Federal,1
01/09/2002,776730115,1843,M4,Milhares de Reais,M3 acrescido de títulos públicos emitidos pelo Governo Federal,1
01/10/2002,786151229,1843,M4,Milhares de Reais,M3 acrescido de títulos públicos emitidos pelo Governo Federal,1
01/11/2002,796215033,1843,M4,Milhares de Reais,M3 acrescido de títulos públicos emitidos pelo Governo Federal,1
01/12/2002,807522689,1843,M4,Milhares de Reais,M3 acrescido de títulos públicos emitidos pelo Governo Federal,1
01/01/2003,818065514,1843,M4,Milhares de Reais,M3 acrescido de títulos públicos emitidos pelo Governo Federal,1
01/02/2003,823506946,1843,M4,Milhares de Reais,M3 acrescido de títulos públicos emitidos pelo Governo Federal,1
01/03/2003,827408901,1843,M4,Milhares de Reais,M3 acrescido de títulos públicos emitidos pelo Governo Federal,1
01/04/2003,829291989,1843,M4,Milhares de Reais,M3 acrescido de títulos públicos emitidos pelo Governo Federal,1
01/05/2003,839256256,1843,M4,Milhares de Reais,M3 acrescido de títulos públicos emitidos pelo Governo Federal,1
01/06/2003,846262530,1843,M4,Milhares de Reais,M3 acrescido de títulos públicos emitidos pelo Governo Federal,1
01/07/2003,862711428,1843,M4,Milhares de Reais,M3 acrescido de títulos públicos emitidos pelo Governo Federal,1
01/08/2003,877020252,1843,M4,Milhares de Reais,M3 acrescido de títulos públicos emitidos pelo Governo Federal,1
01/09/2003,893381615,1843,M4,Milhares de Reais,M3 acrescido de títulos públicos emitidos pelo Governo Federal,1
01/10/2003,902447847,1843,M4,Milhares de Reais,M3 acrescido de títulos públicos emitidos pelo Governo Federal,1
01/11/2003,927609537,1843,M4,Milhares de Reais,M3 acrescido de títulos públicos emitidos pelo Governo Federal,1
01/12/2003,958471224,1843,M4,Milhares de Reais,M3 acrescido de títulos públicos emitidos pelo Governo Federal,1
01/01/2004,973341531,1843,M4,Milhares de Reais,M3 acrescido de títulos públicos emitidos pelo Governo Federal,1
01/02/2004,986553519,1843,M4,Milhares de Reais,M3 acrescido de títulos públicos emitidos pelo Governo Federal,1
01/03/2004,994978886,1843,M4,Milhares de Reais,M3 acrescido de títulos públicos emitidos pelo Governo Federal,1
01/04/2004,999677480,1843,M4,Milhares de Reais,M3 acrescido de títulos públicos emitidos pelo Governo Federal,1
01/05/2004,1014731152,1843,M4,Milhares de Reais,M3 acrescido de títulos públicos emitidos pelo Governo Federal,1
01/06/2004,1025861633,1843,M4,Milhares de Reais,M3 acrescido de títulos públicos emitidos pelo Governo Federal,1
01/07/2004,1037405792,1843,M4,Milhares de Reais,M3 acrescido de títulos públicos emitidos pelo Governo Federal,1
01/08/2004,1047542192,1843,M4,Milhares de Reais,M3 acrescido de títulos públicos emitidos pelo Governo Federal,1
01/09/2004,1062102704,1843,M4,Milhares de Reais,M3 acrescido de títulos públicos emitidos pelo Governo Federal,1
01/10/2004,1071245780,1843,M4,Milhares de Reais,M3 acrescido de títulos públicos emitidos pelo Governo Federal,1
01/11/2004,1088705305,1843,M4,Milhares de Reais,M3 acrescido de títulos públicos emitidos pelo Governo Federal,1
01/12/2004,1109518898,1843,M4,Milhares de Reais,M3 acrescido de títulos públicos emitidos pelo Governo Federal,1
01/01/2005,1115032534,1843,M4,Milhares de Reais,M3 acrescido de títulos públicos emitidos pelo Governo Federal,1
01/02/2005,1132254135,1843,M4,Milhares de Reais,M3 acrescido de títulos públicos emitidos pelo Governo Federal,1
01/03/2005,1152707247,1843,M4,Milhares de Reais,M3 acrescido de títulos públicos emitidos pelo Governo Federal,1
01/04/2005,1162282564,1843,M4,Milhares de Reais,M3 acrescido de títulos públicos emitidos pelo Governo Federal,1
01/05/2005,1170842308,1843,M4,Milhares de Reais,M3 acrescido de títulos públicos emitidos pelo Governo Federal,1
01/06/2005,1184415354,1843,M4,Milhares de Reais,M3 acrescido de títulos públicos emitidos pelo Governo Federal,1
01/07/2005,1205045632,1843,M4,Milhares de Reais,M3 acrescido de títulos públicos emitidos pelo Governo Federal,1
01/08/2005,1223485110,1843,M4,Milhares de Reais,M3 acrescido de títulos públicos emitidos pelo Governo Federal,1
01/09/2005,1241486235,1843,M4,Milhares de Reais,M3 acrescido de títulos públicos emitidos pelo Governo Federal,1
01/10/2005,1257428364,1843,M4,Milhares de Reais,M3 acrescido de títulos públicos emitidos pelo Governo Federal,1
01/11/2005,1280630671,1843,M4,Milhares de Reais,M3 acrescido de títulos públicos emitidos pelo Governo Federal,1
01/12/2005,1312399012,1843,M4,Milhares de Reais,M3 acrescido de títulos públicos emitidos pelo Governo Federal,1
01/01/2006,1327182405,1843,M4,Milhares de Reais,M3 acrescido de títulos públicos emitidos pelo Governo Federal,1
01/02/2006,1349735396,1843,M4,Milhares de Reais,M3 acrescido de títulos públicos emitidos pelo Governo Federal,1
01/03/2006,1370802218,1843,M4,Milhares de Reais,M3 acrescido de títulos públicos emitidos pelo Governo Federal,1
01/04/2006,1379337531,1843,M4,Milhares de Reais,M3 acrescido de títulos públicos emitidos pelo Governo Federal,1
01/05/2006,1401087682,1843,M4,Milhares de Reais,M3 acrescido de títulos públicos emitidos pelo Governo Federal,1
01/06/2006,1409278769,1843,M4,Milhares de Reais,M3 acrescido de títulos públicos emitidos pelo Governo Federal,1
01/07/2006,1434749056,1843,M4,Milhares de Reais,M3 acrescido de títulos públicos emitidos pelo Governo Federal,1
01/08/2006,1450318906,1843,M4,Milhares de Reais,M3 acrescido de títulos públicos emitidos pelo Governo Federal,1
01/09/2006,1471337425,1843,M4,Milhares de Reais,M3 acrescido de títulos públicos emitidos pelo Governo Federal,1
01/10/2006,1493762888,1843,M4,Milhares de Reais,M3 acrescido de títulos públicos emitidos pelo Governo Federal,1
01/11/2006,1527397333,1843,M4,Milhares de Reais,M3 acrescido de títulos públicos emitidos pelo Governo Federal,1
01/12/2006,1558613418,1843,M4,Milhares de Reais,M3 acrescido de títulos públicos emitidos pelo Governo Federal,1
01/01/2007,1582030919,1843,M4,Milhares de Reais,M3 acrescido de títulos públicos emitidos pelo Governo Federal,1
01/02/2007,1604244092,1843,M4,Milhares de Reais,M3 acrescido de títulos públicos emitidos pelo Governo Federal,1
01/03/2007,1627151421,1843,M4,Milhares de Reais,M3 acrescido de títulos públicos emitidos pelo Governo Federal,1
01/04/2007,1664561074,1843,M4,Milhares de Reais,M3 acrescido de títulos públicos emitidos pelo Governo Federal,1
01/05/2007,1697683378,1843,M4,Milhares de Reais,M3 acrescido de títulos públicos emitidos pelo Governo Federal,1
01/06/2007,1727838769,1843,M4,Milhares de Reais,M3 acrescido de títulos públicos emitidos pelo Governo Federal,1
01/07/2007,1752297543,1843,M4,Milhares de Reais,M3 acrescido de títulos públicos emitidos pelo Governo Federal,1
01/08/2007,1762113177,1843,M4,Milhares de Reais,M3 acrescido de títulos públicos emitidos pelo Governo Federal,1
01/09/2007,1808824272,1843,M4,Milhares de Reais,M3 acrescido de títulos públicos emitidos pelo Governo Federal,1
01/10/2007,1835083714,1843,M4,Milhares de Reais,M3 acrescido de títulos públicos emitidos pelo Governo Federal,1
01/11/2007,1856911664,1843,M4,Milhares de Reais,M3 acrescido de títulos públicos emitidos pelo Governo Federal,1
01/12/2007,1884845983,1843,M4,Milhares de Reais,M3 acrescido de títulos públicos emitidos pelo Governo Federal,1
01/01/2008,1895809110,1843,M4,Milhares de Reais,M3 acrescido de títulos públicos emitidos pelo Governo Federal,1
01/02/2008,1924324980,1843,M4,Milhares de Reais,M3 acrescido de títulos públicos emitidos pelo Governo Federal,1
01/03/2008,1951271772,1843,M4,Milhares de Reais,M3 acrescido de títulos públicos emitidos pelo Governo Federal,1
01/04/2008,1989352458,1843,M4,Milhares de Reais,M3 acrescido de títulos públicos emitidos pelo Governo Federal,1
01/05/2008,2024143563,1843,M4,Milhares de Reais,M3 acrescido de títulos públicos emitidos pelo Governo Federal,1
01/06/2008,2043079816,1843,M4,Milhares de Reais,M3 acrescido de títulos públicos emitidos pelo Governo Federal,1
01/07/2008,2086831886,1843,M4,Milhares de Reais,M3 acrescido de títulos públicos emitidos pelo Governo Federal,1
01/08/2008,2125482392,1843,M4,Milhares de Reais,M3 acrescido de títulos públicos emitidos pelo Governo Federal,1
01/09/2008,2150506163,1843,M4,Milhares de Reais,M3 acrescido de títulos públicos emitidos pelo Governo Federal,1
01/10/2008,2141721828,1843,M4,Milhares de Reais,M3 acrescido de títulos públicos emitidos pelo Governo Federal,1
01/11/2008,2166787887,1843,M4,Milhares de Reais,M3 acrescido de títulos públicos emitidos pelo Governo Federal,1
01/12/2008,2239553076,1843,M4,Milhares de Reais,M3 acrescido de títulos públicos emitidos pelo Governo Federal,1
01/01/2009,2233892918,1843,M4,Milhares de Reais,M3 acrescido de títulos públicos emitidos pelo Governo Federal,1
01/02/2009,2251474627,1843,M4,Milhares de Reais,M3 acrescido de títulos públicos emitidos pelo Governo Federal,1
01/03/2009,2272791812,1843,M4,Milhares de Reais,M3 acrescido de títulos públicos emitidos pelo Governo Federal,1
01/04/2009,2288626501,1843,M4,Milhares de Reais,M3 acrescido de títulos públicos emitidos pelo Governo Federal,1
01/05/2009,2322524587,1843,M4,Milhares de Reais,M3 acrescido de títulos públicos emitidos pelo Governo Federal,1
01/06/2009,2342257919,1843,M4,Milhares de Reais,M3 acrescido de títulos públicos emitidos pelo Governo Federal,1
01/07/2009,2393245383,1843,M4,Milhares de Reais,M3 acrescido de títulos públicos emitidos pelo Governo Federal,1
01/08/2009,2432446730,1843,M4,Milhares de Reais,M3 acrescido de títulos públicos emitidos pelo Governo Federal,1
01/09/2009,2480654361,1843,M4,Milhares de Reais,M3 acrescido de títulos públicos emitidos pelo Governo Federal,1
01/10/2009,2515890523,1843,M4,Milhares de Reais,M3 acrescido de títulos públicos emitidos pelo Governo Federal,1
01/11/2009,2551441733,1843,M4,Milhares de Reais,M3 acrescido de títulos públicos emitidos pelo Governo Federal,1
01/12/2009,2605702481,1843,M4,Milhares de Reais,M3 acrescido de títulos públicos emitidos pelo Governo Federal,1
01/01/2010,2596399836,1843,M4,Milhares de Reais,M3 acrescido de títulos públicos emitidos pelo Governo Federal,1
01/02/2010,2619851226,1843,M4,Milhares de Reais,M3 acrescido de títulos públicos emitidos pelo Governo Federal,1
01/03/2010,2661130196,1843,M4,Milhares de Reais,M3 acrescido de títulos públicos emitidos pelo Governo Federal,1
01/04/2010,2655528961,1843,M4,Milhares de Reais,M3 acrescido de títulos públicos emitidos pelo Governo Federal,1
01/05/2010,2693082666,1843,M4,Milhares de Reais,M3 acrescido de títulos públicos emitidos pelo Governo Federal,1
01/06/2010,2739807829,1843,M4,Milhares de Reais,M3 acrescido de títulos públicos emitidos pelo Governo Federal,1
01/07/2010,2776360111,1843,M4,Milhares de Reais,M3 acrescido de títulos públicos emitidos pelo Governo Federal,1
01/08/2010,2838368618,1843,M4,Milhares de Reais,M3 acrescido de títulos públicos emitidos pelo Governo Federal,1
01/09/2010,2943037850,1843,M4,Milhares de Reais,M3 acrescido de títulos públicos emitidos pelo Governo Federal,1
01/10/2010,2957950633,1843,M4,Milhares de Reais,M3 acrescido de títulos públicos emitidos pelo Governo Federal,1
01/11/2010,2987964274,1843,M4,Milhares de Reais,M3 acrescido de títulos públicos emitidos pelo Governo Federal,1
01/12/2010,3040494868,1843,M4,Milhares de Reais,M3 acrescido de títulos públicos emitidos pelo Governo Federal,1
01/01/2011,3044590395,1843,M4,Milhares de Reais,M3 acrescido de títulos públicos emitidos pelo Governo Federal,1
01/02/2011,3107591485,1843,M4,Milhares de Reais,M3 acrescido de títulos públicos emitidos pelo Governo Federal,1
01/03/2011,3141177156,1843,M4,Milhares de Reais,M3 acrescido de títulos públicos emitidos pelo Governo Federal,1
01/04/2011,3166797656,1843,M4,Milhares de Reais,M3 acrescido de títulos públicos emitidos pelo Governo Federal,1
01/05/2011,3211638703,1843,M4,Milhares de Reais,M3 acrescido de títulos públicos emitidos pelo Governo Federal,1
01/06/2011,3246229792,1843,M4,Milhares de Reais,M3 acrescido de títulos públicos emitidos pelo Governo Federal,1
01/07/2011,3281266283,1843,M4,Milhares de Reais,M3 acrescido de títulos públicos emitidos pelo Governo Federal,1
01/08/2011,3345890819,1843,M4,Milhares de Reais,M3 acrescido de títulos públicos emitidos pelo Governo Federal,1
01/09/2011,3381725790,1843,M4,Milhares de Reais,M3 acrescido de títulos públicos emitidos pelo Governo Federal,1
01/10/2011,3417915442,1843,M4,Milhares de Reais,M3 acrescido de títulos públicos emitidos pelo Governo Federal,1
01/11/2011,3460843982,1843,M4,Milhares de Reais,M3 acrescido de títulos públicos emitidos pelo Governo Federal,1
01/12/2011,3550253306,1843,M4,Milhares de Reais,M3 acrescido de títulos públicos emitidos pelo Governo Federal,1
01/01/2012,3599587133,1843,M4,Milhares de Reais,M3 acrescido de títulos públicos emitidos pelo Governo Federal,1
01/02/2012,3645124428,1843,M4,Milhares de Reais,M3 acrescido de títulos públicos emitidos pelo Governo Federal,1
01/03/2012,3719361572,1843,M4,Milhares de Reais,M3 acrescido de títulos públicos emitidos pelo Governo Federal,1
01/04/2012,3751979749,1843,M4,Milhares de Reais,M3 acrescido de títulos públicos emitidos pelo Governo Federal,1
01/05/2012,3805677229,1843,M4,Milhares de Reais,M3 acrescido de títulos públicos emitidos pelo Governo Federal,1
01/06/2012,3839123483,1843,M4,Milhares de Reais,M3 acrescido de títulos públicos emitidos pelo Governo Federal,1
01/07/2012,3888409838,1843,M4,Milhares de Reais,M3 acrescido de títulos públicos emitidos pelo Governo Federal,1
01/08/2012,3945334778,1843,M4,Milhares de Reais,M3 acrescido de títulos públicos emitidos pelo Governo Federal,1
01/09/2012,3975575542,1843,M4,Milhares de Reais,M3 acrescido de títulos públicos emitidos pelo Governo Federal,1
01/10/2012,4045691190,1843,M4,Milhares de Reais,M3 acrescido de títulos públicos emitidos pelo Governo Federal,1
01/11/2012,4069500662,1843,M4,Milhares de Reais,M3 acrescido de títulos públicos emitidos pelo Governo Federal,1
01/12/2012,4103762871,1843,M4,Milhares de Reais,M3 acrescido de títulos públicos emitidos pelo Governo Federal,1
01/01/2013,4129304395,1843,M4,Milhares de Reais,M3 acrescido de títulos públicos emitidos pelo Governo Federal,1
01/02/2013,4138526908,1843,M4,Milhares de Reais,M3 acrescido de títulos públicos emitidos pelo Governo Federal,1
01/03/2013,4173371529,1843,M4,Milhares de Reais,M3 acrescido de títulos públicos emitidos pelo Governo Federal,1
01/04/2013,4206015868,1843,M4,Milhares de Reais,M3 acrescido de títulos públicos emitidos pelo Governo Federal,1
01/05/2013,4247153978,1843,M4,Milhares de Reais,M3 acrescido de títulos públicos emitidos pelo Governo Federal,1
01/06/2013,4261590828,1843,M4,Milhares de Reais,M3 acrescido de títulos públicos emitidos pelo Governo Federal,1
01/07/2013,4256708658,1843,M4,Milhares de Reais,M3 acrescido de títulos públicos emitidos pelo Governo Federal,1
01/08/2013,4283550792,1843,M4,Milhares de Reais,M3 acrescido de títulos públicos emitidos pelo Governo Federal,1
01/09/2013,4343805329,1843,M4,Milhares de Reais,M3 acrescido de títulos públicos emitidos pelo Governo Federal,1
01/10/2013,4369471095,1843,M4,Milhares de Reais,M3 acrescido de títulos públicos emitidos pelo Governo Federal,1
01/11/2013,4383592081,1843,M4,Milhares de Reais,M3 acrescido de títulos públicos emitidos pelo Governo Federal,1
01/12/2013,4402484885,1843,M4,Milhares de Reais,M3 acrescido de títulos públicos emitidos pelo Governo Federal,1
01/01/2014,4416550396,1843,M4,Milhares de Reais,M3 acrescido de títulos públicos emitidos pelo Governo Federal,1
01/02/2014,4475163269,1843,M4,Milhares de Reais,M3 acrescido de títulos públicos emitidos pelo Governo Federal,1
01/03/2014,4511235175,1843,M4,Milhares de Reais,M3 acrescido de títulos públicos emitidos pelo Governo Federal,1
01/04/2014,4555139492,1843,M4,Milhares de Reais,M3 acrescido de títulos públicos emitidos pelo Governo Federal,1
01/05/2014,4620755511,1843,M4,Milhares de Reais,M3 acrescido de títulos públicos emitidos pelo Governo Federal,1
01/06/2014,4676687617,1843,M4,Milhares de Reais,M3 acrescido de títulos públicos emitidos pelo Governo Federal,1
01/07/2014,4727643555,1843,M4,Milhares de Reais,M3 acrescido de títulos públicos emitidos pelo Governo Federal,1
01/08/2014,4838893197,1843,M4,Milhares de Reais,M3 acrescido de títulos públicos emitidos pelo Governo Federal,1
01/09/2014,4876167327,1843,M4,Milhares de Reais,M3 acrescido de títulos públicos emitidos pelo Governo Federal,1
01/10/2014,4939965968,1843,M4,Milhares de Reais,M3 acrescido de títulos públicos emitidos pelo Governo Federal,1
01/11/2014,4999786796,1843,M4,Milhares de Reais,M3 acrescido de títulos públicos emitidos pelo Governo Federal,1
01/12/2014,4993132965,1843,M4,Milhares de Reais,M3 acrescido de títulos públicos emitidos pelo Governo Federal,1
01/01/2015,5049003232,1843,M4,Milhares de Reais,M3 acrescido de títulos públicos emitidos pelo Governo Federal,1
01/02/2015,5065307768,1843,M4,Milhares de Reais,M3 acrescido de títulos públicos emitidos pelo Governo Federal,1
01/03/2015,5140845555,1843,M4,Milhares de Reais,M3 acrescido de títulos públicos emitidos pelo Governo Federal,1
01/04/2015,5167891374,1843,M4,Milhares de Reais,M3 acrescido de títulos públicos emitidos pelo Governo Federal,1
01/05/2015,5247207985,1843,M4,Milhares de Reais,M3 acrescido de títulos públicos emitidos pelo Governo Federal,1
01/06/2015,5277126340,1843,M4,Milhares de Reais,M3 acrescido de títulos públicos emitidos pelo Governo Federal,1
01/07/2015,5278779444,1843,M4,Milhares de Reais,M3 acrescido de títulos públicos emitidos pelo Governo Federal,1
01/08/2015,5313940526,1843,M4,Milhares de Reais,M3 acrescido de títulos públicos emitidos pelo Governo Federal,1
01/09/2015,5319375997,1843,M4,Milhares de Reais,M3 acrescido de títulos públicos emitidos pelo Governo Federal,1
01/10/2015,5385785478,1843,M4,Milhares de Reais,M3 acrescido de títulos públicos emitidos pelo Governo Federal,1
01/11/2015,5443887255,1843,M4,Milhares de Reais,M3 acrescido de títulos públicos emitidos pelo Governo Federal,1
01/12/2015,5554332896,1843,M4,Milhares de Reais,M3 acrescido de títulos públicos emitidos pelo Governo Federal,1
01/01/2016,5581776571,1843,M4,Milhares de Reais,M3 acrescido de títulos públicos emitidos pelo Governo Federal,1
01/02/2016,5624553640,1843,M4,Milhares de Reais,M3 acrescido de títulos públicos emitidos pelo Governo Federal,1
01/03/2016,5719124273,1843,M4,Milhares de Reais,M3 acrescido de títulos públicos emitidos pelo Governo Federal,1
01/04/2016,5754374567,1843,M4,Milhares de Reais,M3 acrescido de títulos públicos emitidos pelo Governo Federal,1
01/05/2016,5779459118,1843,M4,Milhares de Reais,M3 acrescido de títulos públicos emitidos pelo Governo Federal,1
01/06/2016,5833070142,1843,M4,Milhares de Reais,M3 acrescido de títulos públicos emitidos pelo Governo Federal,1
01/07/2016,5892941265,1843,M4,Milhares de Reais,M3 acrescido de títulos públicos emitidos pelo Governo Federal,1
01/08/2016,5923640653,1843,M4,Milhares de Reais,M3 acrescido de títulos públicos emitidos pelo Governo Federal,1
01/09/2016,5943822202,1843,M4,Milhares de Reais,M3 acrescido de títulos públicos emitidos pelo Governo Federal,1
01/10/2016,5994934000,1843,M4,Milhares de Reais,M3 acrescido de títulos públicos emitidos pelo Governo Federal,1
01/11/2016,6057210224,1843,M4,Milhares de Reais,M3 acrescido de títulos públicos emitidos pelo Governo Federal,1
01/12/2016,6144485054,1843,M4,Milhares de Reais,M3 acrescido de títulos públicos emitidos pelo Governo Federal,1
01/01/2017,6141487933,1843,M4,Milhares de Reais,M3 acrescido de títulos públicos emitidos pelo Governo Federal,1
01/02/2017,6170597890,1843,M4,Milhares de Reais,M3 acrescido de títulos públicos emitidos pelo Governo Federal,1
01/03/2017,6245283493,1843,M4,Milhares de Reais,M3 acrescido de títulos públicos emitidos pelo Governo Federal,1
01/04/2017,6272066496,1843,M4,Milhares de Reais,M3 acrescido de títulos públicos emitidos pelo Governo Federal,1
01/05/2017,6311474144,1843,M4,Milhares de Reais,M3 acrescido de títulos públicos emitidos pelo Governo Federal,1
01/06/2017,6352124787,1843,M4,Milhares de Reais,M3 acrescido de títulos públicos emitidos pelo Governo Federal,1
01/07/2017,6380309812,1843,M4,Milhares de Reais,M3 acrescido de títulos públicos emitidos pelo Governo Federal,1
01/08/2017,6462454690,1843,M4,Milhares de Reais,M3 acrescido de títulos públicos emitidos pelo Governo Federal,1
01/09/2017,6507773898,1843,M4,Milhares de Reais,M3 acrescido de títulos públicos emitidos pelo Governo Federal,1
01/10/2017,6547716652,1843,M4,Milhares de Reais,M3 acrescido de títulos públicos emitidos pelo Governo Federal,1
01/11/2017,6602777392,1843,M4,Milhares de Reais,M3 acrescido de títulos públicos emitidos pelo Governo Federal,1
01/12/2017,6638477525,1843,M4,Milhares de Reais,M3 acrescido de títulos públicos emitidos pelo Governo Federal,1
01/01/2018,6641486558,1843,M4,Milhares de Reais,M3 acrescido de títulos públicos emitidos pelo Governo Federal,1
01/02/2018,6683787036,1843,M4,Milhares de Reais,M3 acrescido de títulos públicos emitidos pelo Governo Federal,1
01/03/2018,6746612620,1843,M4,Milhares de Reais,M3 acrescido de títulos públicos emitidos pelo Governo Federal,1
01/04/2018,6794938149,1843,M4,Milhares de Reais,M3 acrescido de títulos públicos emitidos pelo Governo Federal,1
01/05/2018,6881721020,1843,M4,Milhares de Reais,M3 acrescido de títulos públicos emitidos pelo Governo Federal,1
01/06/2018,6955692939,1843,M4,Milhares de Reais,M3 acrescido de títulos públicos emitidos pelo Governo Federal,1
01/05/2000,0.09,7478,IPCA,Variação Percentual Mensal,Indice de Preços ao Consumidor Amplo. Alimentação,2
01/06/2000,0.08,7478,IPCA,Variação Percentual Mensal,Indice de Preços ao Consumidor Amplo. Alimentação,2
01/07/2000,0.78,7478,IPCA,Variação Percentual Mensal,Indice de Preços ao Consumidor Amplo. Alimentação,2
01/08/2000,1.99,7478,IPCA,Variação Percentual Mensal,Indice de Preços ao Consumidor Amplo. Alimentação,2
01/09/2000,0.45,7478,IPCA,Variação Percentual Mensal,Indice de Preços ao Consumidor Amplo. Alimentação,2
01/10/2000,0.18,7478,IPCA,Variação Percentual Mensal,Indice de Preços ao Consumidor Amplo. Alimentação,2
01/11/2000,0.17,7478,IPCA,Variação Percentual Mensal,Indice de Preços ao Consumidor Amplo. Alimentação,2
01/12/2000,0.60,7478,IPCA,Variação Percentual Mensal,Indice de Preços ao Consumidor Amplo. Alimentação,2
01/01/2001,0.63,7478,IPCA,Variação Percentual Mensal,Indice de Preços ao Consumidor Amplo. Alimentação,2
01/02/2001,0.50,7478,IPCA,Variação Percentual Mensal,Indice de Preços ao Consumidor Amplo. Alimentação,2
01/03/2001,0.36,7478,IPCA,Variação Percentual Mensal,Indice de Preços ao Consumidor Amplo. Alimentação,2
01/04/2001,0.50,7478,IPCA,Variação Percentual Mensal,Indice de Preços ao Consumidor Amplo. Alimentação,2
01/05/2001,0.49,7478,IPCA,Variação Percentual Mensal,Indice de Preços ao Consumidor Amplo. Alimentação,2
01/06/2001,0.38,7478,IPCA,Variação Percentual Mensal,Indice de Preços ao Consumidor Amplo. Alimentação,2
01/07/2001,0.94,7478,IPCA,Variação Percentual Mensal,Indice de Preços ao Consumidor Amplo. Alimentação,2
01/08/2001,1.18,7478,IPCA,Variação Percentual Mensal,Indice de Preços ao Consumidor Amplo. Alimentação,2
01/09/2001,0.38,7478,IPCA,Variação Percentual Mensal,Indice de Preços ao Consumidor Amplo. Alimentação,2
01/10/2001,0.37,7478,IPCA,Variação Percentual Mensal,Indice de Preços ao Consumidor Amplo. Alimentação,2
01/11/2001,0.99,7478,IPCA,Variação Percentual Mensal,Indice de Preços ao Consumidor Amplo. Alimentação,2
01/12/2001,0.55,7478,IPCA,Variação Percentual Mensal,Indice de Preços ao Consumidor Amplo. Alimentação,2
01/01/2002,0.62,7478,IPCA,Variação Percentual Mensal,Indice de Preços ao Consumidor Amplo. Alimentação,2
01/02/2002,0.44,7478,IPCA,Variação Percentual Mensal,Indice de Preços ao Consumidor Amplo. Alimentação,2
01/03/2002,0.40,7478,IPCA,Variação Percentual Mensal,Indice de Preços ao Consumidor Amplo. Alimentação,2
01/04/2002,0.78,7478,IPCA,Variação Percentual Mensal,Indice de Preços ao Consumidor Amplo. Alimentação,2
01/05/2002,0.42,7478,IPCA,Variação Percentual Mensal,Indice de Preços ao Consumidor Amplo. Alimentação,2
01/06/2002,0.33,7478,IPCA,Variação Percentual Mensal,Indice de Preços ao Consumidor Amplo. Alimentação,2
01/07/2002,0.77,7478,IPCA,Variação Percentual Mensal,Indice de Preços ao Consumidor Amplo. Alimentação,2
01/08/2002,1.00,7478,IPCA,Variação Percentual Mensal,Indice de Preços ao Consumidor Amplo. Alimentação,2
01/09/2002,0.62,7478,IPCA,Variação Percentual Mensal,Indice de Preços ao Consumidor Amplo. Alimentação,2
01/10/2002,0.90,7478,IPCA,Variação Percentual Mensal,Indice de Preços ao Consumidor Amplo. Alimentação,2
01/11/2002,2.08,7478,IPCA,Variação Percentual Mensal,Indice de Preços ao Consumidor Amplo. Alimentação,2
01/12/2002,3.05,7478,IPCA,Variação Percentual Mensal,Indice de Preços ao Consumidor Amplo. Alimentação,2
01/01/2003,1.98,7478,IPCA,Variação Percentual Mensal,Indice de Preços ao Consumidor Amplo. Alimentação,2
01/02/2003,2.19,7478,IPCA,Variação Percentual Mensal,Indice de Preços ao Consumidor Amplo. Alimentação,2
01/03/2003,1.14,7478,IPCA,Variação Percentual Mensal,Indice de Preços ao Consumidor Amplo. Alimentação,2
01/04/2003,1.14,7478,IPCA,Variação Percentual Mensal,Indice de Preços ao Consumidor Amplo. Alimentação,2
01/05/2003,0.85,7478,IPCA,Variação Percentual Mensal,Indice de Preços ao Consumidor Amplo. Alimentação,2
01/06/2003,0.22,7478,IPCA,Variação Percentual Mensal,Indice de Preços ao Consumidor Amplo. Alimentação,2
01/07/2003,-0.18,7478,IPCA,Variação Percentual Mensal,Indice de Preços ao Consumidor Amplo. Alimentação,2
01/08/2003,0.27,7478,IPCA,Variação Percentual Mensal,Indice de Preços ao Consumidor Amplo. Alimentação,2
01/09/2003,0.57,7478,IPCA,Variação Percentual Mensal,Indice de Preços ao Consumidor Amplo. Alimentação,2
01/10/2003,0.66,7478,IPCA,Variação Percentual Mensal,Indice de Preços ao Consumidor Amplo. Alimentação,2
01/11/2003,0.17,7478,IPCA,Variação Percentual Mensal,Indice de Preços ao Consumidor Amplo. Alimentação,2
01/12/2003,0.46,7478,IPCA,Variação Percentual Mensal,Indice de Preços ao Consumidor Amplo. Alimentação,2
01/01/2004,0.68,7478,IPCA,Variação Percentual Mensal,Indice de Preços ao Consumidor Amplo. Alimentação,2
01/02/2004,0.90,7478,IPCA,Variação Percentual Mensal,Indice de Preços ao Consumidor Amplo. Alimentação,2
01/03/2004,0.40,7478,IPCA,Variação Percentual Mensal,Indice de Preços ao Consumidor Amplo. Alimentação,2
01/04/2004,0.21,7478,IPCA,Variação Percentual Mensal,Indice de Preços ao Consumidor Amplo. Alimentação,2
01/05/2004,0.54,7478,IPCA,Variação Percentual Mensal,Indice de Preços ao Consumidor Amplo. Alimentação,2
01/06/2004,0.56,7478,IPCA,Variação Percentual Mensal,Indice de Preços ao Consumidor Amplo. Alimentação,2
01/07/2004,0.93,7478,IPCA,Variação Percentual Mensal,Indice de Preços ao Consumidor Amplo. Alimentação,2
01/08/2004,0.79,7478,IPCA,Variação Percentual Mensal,Indice de Preços ao Consumidor Amplo. Alimentação,2
01/09/2004,0.49,7478,IPCA,Variação Percentual Mensal,Indice de Preços ao Consumidor Amplo. Alimentação,2
01/10/2004,0.32,7478,IPCA,Variação Percentual Mensal,Indice de Preços ao Consumidor Amplo. Alimentação,2
01/11/2004,0.63,7478,IPCA,Variação Percentual Mensal,Indice de Preços ao Consumidor Amplo. Alimentação,2
01/12/2004,0.84,7478,IPCA,Variação Percentual Mensal,Indice de Preços ao Consumidor Amplo. Alimentação,2
01/01/2005,0.68,7478,IPCA,Variação Percentual Mensal,Indice de Preços ao Consumidor Amplo. Alimentação,2
01/02/2005,0.74,7478,IPCA,Variação Percentual Mensal,Indice de Preços ao Consumidor Amplo. Alimentação,2
01/03/2005,0.35,7478,IPCA,Variação Percentual Mensal,Indice de Preços ao Consumidor Amplo. Alimentação,2
01/04/2005,0.74,7478,IPCA,Variação Percentual Mensal,Indice de Preços ao Consumidor Amplo. Alimentação,2
01/05/2005,0.83,7478,IPCA,Variação Percentual Mensal,Indice de Preços ao Consumidor Amplo. Alimentação,2
01/06/2005,0.12,7478,IPCA,Variação Percentual Mensal,Indice de Preços ao Consumidor Amplo. Alimentação,2
01/07/2005,0.11,7478,IPCA,Variação Percentual Mensal,Indice de Preços ao Consumidor Amplo. Alimentação,2
01/08/2005,0.28,7478,IPCA,Variação Percentual Mensal,Indice de Preços ao Consumidor Amplo. Alimentação,2
01/09/2005,0.16,7478,IPCA,Variação Percentual Mensal,Indice de Preços ao Consumidor Amplo. Alimentação,2
01/10/2005,0.56,7478,IPCA,Variação Percentual Mensal,Indice de Preços ao Consumidor Amplo. Alimentação,2
01/11/2005,0.78,7478,IPCA,Variação Percentual Mensal,Indice de Preços ao Consumidor Amplo. Alimentação,2
01/12/2005,0.38,7478,IPCA,Variação Percentual Mensal,Indice de Preços ao Consumidor Amplo. Alimentação,2
01/01/2006,0.51,7478,IPCA,Variação Percentual Mensal,Indice de Preços ao Consumidor Amplo. Alimentação,2
01/02/2006,0.52,7478,IPCA,Variação Percentual Mensal,Indice de Preços ao Consumidor Amplo. Alimentação,2
01/03/2006,0.37,7478,IPCA,Variação Percentual Mensal,Indice de Preços ao Consumidor Amplo. Alimentação,2
01/04/2006,0.17,7478,IPCA,Variação Percentual Mensal,Indice de Preços ao Consumidor Amplo. Alimentação,2
01/05/2006,0.27,7478,IPCA,Variação Percentual Mensal,Indice de Preços ao Consumidor Amplo. Alimentação,2
01/06/2006,-0.15,7478,IPCA,Variação Percentual Mensal,Indice de Preços ao Consumidor Amplo. Alimentação,2
01/07/2006,-0.02,7478,IPCA,Variação Percentual Mensal,Indice de Preços ao Consumidor Amplo. Alimentação,2
01/08/2006,0.19,7478,IPCA,Variação Percentual Mensal,Indice de Preços ao Consumidor Amplo. Alimentação,2
01/09/2006,0.05,7478,IPCA,Variação Percentual Mensal,Indice de Preços ao Consumidor Amplo. Alimentação,2
01/10/2006,0.29,7478,IPCA,Variação Percentual Mensal,Indice de Preços ao Consumidor Amplo. Alimentação,2
01/11/2006,0.37,7478,IPCA,Variação Percentual Mensal,Indice de Preços ao Consumidor Amplo. Alimentação,2
01/12/2006,0.35,7478,IPCA,Variação Percentual Mensal,Indice de Preços ao Consumidor Amplo. Alimentação,2
01/01/2007,0.52,7478,IPCA,Variação Percentual Mensal,Indice de Preços ao Consumidor Amplo. Alimentação,2
01/02/2007,0.46,7478,IPCA,Variação Percentual Mensal,Indice de Preços ao Consumidor Amplo. Alimentação,2
01/03/2007,0.41,7478,IPCA,Variação Percentual Mensal,Indice de Preços ao Consumidor Amplo. Alimentação,2
01/04/2007,0.22,7478,IPCA,Variação Percentual Mensal,Indice de Preços ao Consumidor Amplo. Alimentação,2
01/05/2007,0.26,7478,IPCA,Variação Percentual Mensal,Indice de Preços ao Consumidor Amplo. Alimentação,2
01/06/2007,0.29,7478,IPCA,Variação Percentual Mensal,Indice de Preços ao Consumidor Amplo. Alimentação,2
01/07/2007,0.24,7478,IPCA,Variação Percentual Mensal,Indice de Preços ao Consumidor Amplo. Alimentação,2
01/08/2007,0.42,7478,IPCA,Variação Percentual Mensal,Indice de Preços ao Consumidor Amplo. Alimentação,2
01/09/2007,0.29,7478,IPCA,Variação Percentual Mensal,Indice de Preços ao Consumidor Amplo. Alimentação,2
01/10/2007,0.24,7478,IPCA,Variação Percentual Mensal,Indice de Preços ao Consumidor Amplo. Alimentação,2
01/11/2007,0.23,7478,IPCA,Variação Percentual Mensal,Indice de Preços ao Consumidor Amplo. Alimentação,2
01/12/2007,0.70,7478,IPCA,Variação Percentual Mensal,Indice de Preços ao Consumidor Amplo. Alimentação,2
01/01/2008,0.70,7478,IPCA,Variação Percentual Mensal,Indice de Preços ao Consumidor Amplo. Alimentação,2
01/02/2008,0.64,7478,IPCA,Variação Percentual Mensal,Indice de Preços ao Consumidor Amplo. Alimentação,2
01/03/2008,0.23,7478,IPCA,Variação Percentual Mensal,Indice de Preços ao Consumidor Amplo. Alimentação,2
01/04/2008,0.59,7478,IPCA,Variação Percentual Mensal,Indice de Preços ao Consumidor Amplo. Alimentação,2
01/05/2008,0.56,7478,IPCA,Variação Percentual Mensal,Indice de Preços ao Consumidor Amplo. Alimentação,2
01/06/2008,0.90,7478,IPCA,Variação Percentual Mensal,Indice de Preços ao Consumidor Amplo. Alimentação,2
01/07/2008,0.63,7478,IPCA,Variação Percentual Mensal,Indice de Preços ao Consumidor Amplo. Alimentação,2
01/08/2008,0.35,7478,IPCA,Variação Percentual Mensal,Indice de Preços ao Consumidor Amplo. Alimentação,2
01/09/2008,0.26,7478,IPCA,Variação Percentual Mensal,Indice de Preços ao Consumidor Amplo. Alimentação,2
01/10/2008,0.30,7478,IPCA,Variação Percentual Mensal,Indice de Preços ao Consumidor Amplo. Alimentação,2
01/11/2008,0.49,7478,IPCA,Variação Percentual Mensal,Indice de Preços ao Consumidor Amplo. Alimentação,2
01/12/2008,0.29,7478,IPCA,Variação Percentual Mensal,Indice de Preços ao Consumidor Amplo. Alimentação,2
01/01/2009,0.40,7478,IPCA,Variação Percentual Mensal,Indice de Preços ao Consumidor Amplo. Alimentação,2
01/02/2009,0.63,7478,IPCA,Variação Percentual Mensal,Indice de Preços ao Consumidor Amplo. Alimentação,2
01/03/2009,0.11,7478,IPCA,Variação Percentual Mensal,Indice de Preços ao Consumidor Amplo. Alimentação,2
01/04/2009,0.36,7478,IPCA,Variação Percentual Mensal,Indice de Preços ao Consumidor Amplo. Alimentação,2
01/05/2009,0.59,7478,IPCA,Variação Percentual Mensal,Indice de Preços ao Consumidor Amplo. Alimentação,2
01/06/2009,0.38,7478,IPCA,Variação Percentual Mensal,Indice de Preços ao Consumidor Amplo. Alimentação,2
01/07/2009,0.22,7478,IPCA,Variação Percentual Mensal,Indice de Preços ao Consumidor Amplo. Alimentação,2
01/08/2009,0.23,7478,IPCA,Variação Percentual Mensal,Indice de Preços ao Consumidor Amplo. Alimentação,2
01/09/2009,0.19,7478,IPCA,Variação Percentual Mensal,Indice de Preços ao Consumidor Amplo. Alimentação,2
01/10/2009,0.18,7478,IPCA,Variação Percentual Mensal,Indice de Preços ao Consumidor Amplo. Alimentação,2
01/11/2009,0.44,7478,IPCA,Variação Percentual Mensal,Indice de Preços ao Consumidor Amplo. Alimentação,2
01/12/2009,0.38,7478,IPCA,Variação Percentual Mensal,Indice de Preços ao Consumidor Amplo. Alimentação,2
01/01/2010,0.52,7478,IPCA,Variação Percentual Mensal,Indice de Preços ao Consumidor Amplo. Alimentação,2
01/02/2010,0.94,7478,IPCA,Variação Percentual Mensal,Indice de Preços ao Consumidor Amplo. Alimentação,2
01/03/2010,0.55,7478,IPCA,Variação Percentual Mensal,Indice de Preços ao Consumidor Amplo. Alimentação,2
01/04/2010,0.48,7478,IPCA,Variação Percentual Mensal,Indice de Preços ao Consumidor Amplo. Alimentação,2
01/05/2010,0.63,7478,IPCA,Variação Percentual Mensal,Indice de Preços ao Consumidor Amplo. Alimentação,2
01/06/2010,0.19,7478,IPCA,Variação Percentual Mensal,Indice de Preços ao Consumidor Amplo. Alimentação,2
01/07/2010,-0.09,7478,IPCA,Variação Percentual Mensal,Indice de Preços ao Consumidor Amplo. Alimentação,2
01/08/2010,-0.05,7478,IPCA,Variação Percentual Mensal,Indice de Preços ao Consumidor Amplo. Alimentação,2
01/09/2010,0.31,7478,IPCA,Variação Percentual Mensal,Indice de Preços ao Consumidor Amplo. Alimentação,2
01/10/2010,0.62,7478,IPCA,Variação Percentual Mensal,Indice de Preços ao Consumidor Amplo. Alimentação,2
01/11/2010,0.86,7478,IPCA,Variação Percentual Mensal,Indice de Preços ao Consumidor Amplo. Alimentação,2
01/12/2010,0.69,7478,IPCA,Variação Percentual Mensal,Indice de Preços ao Consumidor Amplo. Alimentação,2
01/01/2011,0.76,7478,IPCA,Variação Percentual Mensal,Indice de Preços ao Consumidor Amplo. Alimentação,2
01/02/2011,0.97,7478,IPCA,Variação Percentual Mensal,Indice de Preços ao Consumidor Amplo. Alimentação,2
01/03/2011,0.60,7478,IPCA,Variação Percentual Mensal,Indice de Preços ao Consumidor Amplo. Alimentação,2
01/04/2011,0.77,7478,IPCA,Variação Percentual Mensal,Indice de Preços ao Consumidor Amplo. Alimentação,2
01/05/2011,0.70,7478,IPCA,Variação Percentual Mensal,Indice de Preços ao Consumidor Amplo. Alimentação,2
01/06/2011,0.23,7478,IPCA,Variação Percentual Mensal,Indice de Preços ao Consumidor Amplo. Alimentação,2
01/07/2011,0.10,7478,IPCA,Variação Percentual Mensal,Indice de Preços ao Consumidor Amplo. Alimentação,2
01/08/2011,0.27,7478,IPCA,Variação Percentual Mensal,Indice de Preços ao Consumidor Amplo. Alimentação,2
01/09/2011,0.53,7478,IPCA,Variação Percentual Mensal,Indice de Preços ao Consumidor Amplo. Alimentação,2
01/10/2011,0.42,7478,IPCA,Variação Percentual Mensal,Indice de Preços ao Consumidor Amplo. Alimentação,2
01/11/2011,0.46,7478,IPCA,Variação Percentual Mensal,Indice de Preços ao Consumidor Amplo. Alimentação,2
01/12/2011,0.56,7478,IPCA,Variação Percentual Mensal,Indice de Preços ao Consumidor Amplo. Alimentação,2
01/01/2012,0.65,7478,IPCA,Variação Percentual Mensal,Indice de Preços ao Consumidor Amplo. Alimentação,2
01/02/2012,0.53,7478,IPCA,Variação Percentual Mensal,Indice de Preços ao Consumidor Amplo. Alimentação,2
01/03/2012,0.25,7478,IPCA,Variação Percentual Mensal,Indice de Preços ao Consumidor Amplo. Alimentação,2
01/04/2012,0.43,7478,IPCA,Variação Percentual Mensal,Indice de Preços ao Consumidor Amplo. Alimentação,2
01/05/2012,0.51,7478,IPCA,Variação Percentual Mensal,Indice de Preços ao Consumidor Amplo. Alimentação,2
01/06/2012,0.18,7478,IPCA,Variação Percentual Mensal,Indice de Preços ao Consumidor Amplo. Alimentação,2
01/07/2012,0.33,7478,IPCA,Variação Percentual Mensal,Indice de Preços ao Consumidor Amplo. Alimentação,2
01/08/2012,0.39,7478,IPCA,Variação Percentual Mensal,Indice de Preços ao Consumidor Amplo. Alimentação,2
01/09/2012,0.48,7478,IPCA,Variação Percentual Mensal,Indice de Preços ao Consumidor Amplo. Alimentação,2
01/10/2012,0.65,7478,IPCA,Variação Percentual Mensal,Indice de Preços ao Consumidor Amplo. Alimentação,2
01/11/2012,0.54,7478,IPCA,Variação Percentual Mensal,Indice de Preços ao Consumidor Amplo. Alimentação,2
01/12/2012,0.69,7478,IPCA,Variação Percentual Mensal,Indice de Preços ao Consumidor Amplo. Alimentação,2
01/01/2013,0.88,7478,IPCA,Variação Percentual Mensal,Indice de Preços ao Consumidor Amplo. Alimentação,2
01/02/2013,0.68,7478,IPCA,Variação Percentual Mensal,Indice de Preços ao Consumidor Amplo. Alimentação,2
01/03/2013,0.49,7478,IPCA,Variação Percentual Mensal,Indice de Preços ao Consumidor Amplo. Alimentação,2
01/04/2013,0.51,7478,IPCA,Variação Percentual Mensal,Indice de Preços ao Consumidor Amplo. Alimentação,2
01/05/2013,0.46,7478,IPCA,Variação Percentual Mensal,Indice de Preços ao Consumidor Amplo. Alimentação,2
01/06/2013,0.38,7478,IPCA,Variação Percentual Mensal,Indice de Preços ao Consumidor Amplo. Alimentação,2
01/07/2013,0.07,7478,IPCA,Variação Percentual Mensal,Indice de Preços ao Consumidor Amplo. Alimentação,2
01/08/2013,0.16,7478,IPCA,Variação Percentual Mensal,Indice de Preços ao Consumidor Amplo. Alimentação,2
01/09/2013,0.27,7478,IPCA,Variação Percentual Mensal,Indice de Preços ao Consumidor Amplo. Alimentação,2
01/10/2013,0.48,7478,IPCA,Variação Percentual Mensal,Indice de Preços ao Consumidor Amplo. Alimentação,2
01/11/2013,0.57,7478,IPCA,Variação Percentual Mensal,Indice de Preços ao Consumidor Amplo. Alimentação,2
01/12/2013,0.75,7478,IPCA,Variação Percentual Mensal,Indice de Preços ao Consumidor Amplo. Alimentação,2
01/01/2014,0.67,7478,IPCA,Variação Percentual Mensal,Indice de Preços ao Consumidor Amplo. Alimentação,2
01/02/2014,0.70,7478,IPCA,Variação Percentual Mensal,Indice de Preços ao Consumidor Amplo. Alimentação,2
01/03/2014,0.73,7478,IPCA,Variação Percentual Mensal,Indice de Preços ao Consumidor Amplo. Alimentação,2
01/04/2014,0.78,7478,IPCA,Variação Percentual Mensal,Indice de Preços ao Consumidor Amplo. Alimentação,2
01/05/2014,0.58,7478,IPCA,Variação Percentual Mensal,Indice de Preços ao Consumidor Amplo. Alimentação,2
01/06/2014,0.47,7478,IPCA,Variação Percentual Mensal,Indice de Preços ao Consumidor Amplo. Alimentação,2
01/07/2014,0.17,7478,IPCA,Variação Percentual Mensal,Indice de Preços ao Consumidor Amplo. Alimentação,2
01/08/2014,0.14,7478,IPCA,Variação Percentual Mensal,Indice de Preços ao Consumidor Amplo. Alimentação,2
01/09/2014,0.39,7478,IPCA,Variação Percentual Mensal,Indice de Preços ao Consumidor Amplo. Alimentação,2
01/10/2014,0.48,7478,IPCA,Variação Percentual Mensal,Indice de Preços ao Consumidor Amplo. Alimentação,2
01/11/2014,0.38,7478,IPCA,Variação Percentual Mensal,Indice de Preços ao Consumidor Amplo. Alimentação,2
01/12/2014,0.79,7478,IPCA,Variação Percentual Mensal,Indice de Preços ao Consumidor Amplo. Alimentação,2
01/01/2015,0.89,7478,IPCA,Variação Percentual Mensal,Indice de Preços ao Consumidor Amplo. Alimentação,2
01/02/2015,1.33,7478,IPCA,Variação Percentual Mensal,Indice de Preços ao Consumidor Amplo. Alimentação,2
01/03/2015,1.24,7478,IPCA,Variação Percentual Mensal,Indice de Preços ao Consumidor Amplo. Alimentação,2
01/04/2015,1.07,7478,IPCA,Variação Percentual Mensal,Indice de Preços ao Consumidor Amplo. Alimentação,2
01/05/2015,0.60,7478,IPCA,Variação Percentual Mensal,Indice de Preços ao Consumidor Amplo. Alimentação,2
01/06/2015,0.99,7478,IPCA,Variação Percentual Mensal,Indice de Preços ao Consumidor Amplo. Alimentação,2
01/07/2015,0.59,7478,IPCA,Variação Percentual Mensal,Indice de Preços ao Consumidor Amplo. Alimentação,2
01/08/2015,0.43,7478,IPCA,Variação Percentual Mensal,Indice de Preços ao Consumidor Amplo. Alimentação,2
01/09/2015,0.39,7478,IPCA,Variação Percentual Mensal,Indice de Preços ao Consumidor Amplo. Alimentação,2
01/10/2015,0.66,7478,IPCA,Variação Percentual Mensal,Indice de Preços ao Consumidor Amplo. Alimentação,2
01/11/2015,0.85,7478,IPCA,Variação Percentual Mensal,Indice de Preços ao Consumidor Amplo. Alimentação,2
01/12/2015,1.18,7478,IPCA,Variação Percentual Mensal,Indice de Preços ao Consumidor Amplo. Alimentação,2
01/01/2016,0.92,7478,IPCA,Variação Percentual Mensal,Indice de Preços ao Consumidor Amplo. Alimentação,2
01/02/2016,1.42,7478,IPCA,Variação Percentual Mensal,Indice de Preços ao Consumidor Amplo. Alimentação,2
01/03/2016,0.43,7478,IPCA,Variação Percentual Mensal,Indice de Preços ao Consumidor Amplo. Alimentação,2
01/04/2016,0.51,7478,IPCA,Variação Percentual Mensal,Indice de Preços ao Consumidor Amplo. Alimentação,2
01/05/2016,0.86,7478,IPCA,Variação Percentual Mensal,Indice de Preços ao Consumidor Amplo. Alimentação,2
01/06/2016,0.40,7478,IPCA,Variação Percentual Mensal,Indice de Preços ao Consumidor Amplo. Alimentação,2
01/07/2016,0.54,7478,IPCA,Variação Percentual Mensal,Indice de Preços ao Consumidor Amplo. Alimentação,2
01/08/2016,0.45,7478,IPCA,Variação Percentual Mensal,Indice de Preços ao Consumidor Amplo. Alimentação,2
01/09/2016,0.23,7478,IPCA,Variação Percentual Mensal,Indice de Preços ao Consumidor Amplo. Alimentação,2
01/10/2016,0.19,7478,IPCA,Variação Percentual Mensal,Indice de Preços ao Consumidor Amplo. Alimentação,2
01/11/2016,0.26,7478,IPCA,Variação Percentual Mensal,Indice de Preços ao Consumidor Amplo. Alimentação,2
01/12/2016,0.19,7478,IPCA,Variação Percentual Mensal,Indice de Preços ao Consumidor Amplo. Alimentação,2
01/01/2017,0.31,7478,IPCA,Variação Percentual Mensal,Indice de Preços ao Consumidor Amplo. Alimentação,2
01/02/2017,0.54,7478,IPCA,Variação Percentual Mensal,Indice de Preços ao Consumidor Amplo. Alimentação,2
01/03/2017,0.15,7478,IPCA,Variação Percentual Mensal,Indice de Preços ao Consumidor Amplo. Alimentação,2
01/04/2017,0.21,7478,IPCA,Variação Percentual Mensal,Indice de Preços ao Consumidor Amplo. Alimentação,2
01/05/2017,0.24,7478,IPCA,Variação Percentual Mensal,Indice de Preços ao Consumidor Amplo. Alimentação,2
01/06/2017,0.16,7478,IPCA,Variação Percentual Mensal,Indice de Preços ao Consumidor Amplo. Alimentação,2
01/07/2017,-0.18,7478,IPCA,Variação Percentual Mensal,Indice de Preços ao Consumidor Amplo. Alimentação,2
01/08/2017,0.35,7478,IPCA,Variação Percentual Mensal,Indice de Preços ao Consumidor Amplo. Alimentação,2
01/09/2017,0.11,7478,IPCA,Variação Percentual Mensal,Indice de Preços ao Consumidor Amplo. Alimentação,2
01/10/2017,0.34,7478,IPCA,Variação Percentual Mensal,Indice de Preços ao Consumidor Amplo. Alimentação,2
01/11/2017,0.32,7478,IPCA,Variação Percentual Mensal,Indice de Preços ao Consumidor Amplo. Alimentação,2
01/12/2017,0.35,7478,IPCA,Variação Percentual Mensal,Indice de Preços ao Consumidor Amplo. Alimentação,2
01/01/2018,0.39,7478,IPCA,Variação Percentual Mensal,Indice de Preços ao Consumidor Amplo. Alimentação,2
01/02/2018,0.38,7478,IPCA,Variação Percentual Mensal,Indice de Preços ao Consumidor Amplo. Alimentação,2
01/03/2018,0.10,7478,IPCA,Variação Percentual Mensal,Indice de Preços ao Consumidor Amplo. Alimentação,2
01/04/2018,0.21,7478,IPCA,Variação Percentual Mensal,Indice de Preços ao Consumidor Amplo. Alimentação,2
01/05/2018,0.14,7478,IPCA,Variação Percentual Mensal,Indice de Preços ao Consumidor Amplo. Alimentação,2
01/06/2018,1.11,7478,IPCA,Variação Percentual Mensal,Indice de Preços ao Consumidor Amplo. Alimentação,2
01/07/2018,0.64,7478,IPCA,Variação Percentual Mensal,Indice de Preços ao Consumidor Amplo. Alimentação,2
01/08/2018,0.13,7478,IPCA,Variação Percentual Mensal,Indice de Preços ao Consumidor Amplo. Alimentação,2
01/09/2018,0.09,7478,IPCA,Variação Percentual Mensal,Indice de Preços ao Consumidor Amplo. Alimentação,2
01/10/2018,0.58,7478,IPCA,Variação Percentual Mensal,Indice de Preços ao Consumidor Amplo. Alimentação,2
01/11/2018,0.19,7478,IPCA,Variação Percentual Mensal,Indice de Preços ao Consumidor Amplo. Alimentação,2
01/12/2018,-0.16,7478,IPCA,Variação Percentual Mensal,Indice de Preços ao Consumidor Amplo. Alimentação,2
01/01/2019,0.30,7478,IPCA,Variação Percentual Mensal,Indice de Preços ao Consumidor Amplo. Alimentação,2
01/02/2019,0.34,7478,IPCA,Variação Percentual Mensal,Indice de Preços ao Consumidor Amplo. Alimentação,2
01/03/2019,0.54,7478,IPCA,Variação Percentual Mensal,Indice de Preços ao Consumidor Amplo. Alimentação,2
01/04/2019,0.72,7478,IPCA,Variação Percentual Mensal,Indice de Preços ao Consumidor Amplo. Alimentação,2
01/05/2019,0.35,7478,IPCA,Variação Percentual Mensal,Indice de Preços ao Consumidor Amplo. Alimentação,2
01/06/2019,0.06,7478,IPCA,Variação Percentual Mensal,Indice de Preços ao Consumidor Amplo. Alimentação,2
01/07/2019,0.09,7478,IPCA,Variação Percentual Mensal,Indice de Preços ao Consumidor Amplo. Alimentação,2
01/08/2019,0.08,7478,IPCA,Variação Percentual Mensal,Indice de Preços ao Consumidor Amplo. Alimentação,2
01/09/2019,0.09,7478,IPCA,Variação Percentual Mensal,Indice de Preços ao Consumidor Amplo. Alimentação,2
01/10/2019,0.09,7478,IPCA,Variação Percentual Mensal,Indice de Preços ao Consumidor Amplo. Alimentação,2
01/11/2019,0.14,7478,IPCA,Variação Percentual Mensal,Indice de Preços ao Consumidor Amplo. Alimentação,2
01/12/2019,1.05,7478,IPCA,Variação Percentual Mensal,Indice de Preços ao Consumidor Amplo. Alimentação,2
01/01/2020,0.71,7478,IPCA,Variação Percentual Mensal,Indice de Preços ao Consumidor Amplo. Alimentação,2
01/02/2020,0.22,7478,IPCA,Variação Percentual Mensal,Indice de Preços ao Consumidor Amplo. Alimentação,2
01/03/2020,0.02,7478,IPCA,Variação Percentual Mensal,Indice de Preços ao Consumidor Amplo. Alimentação,2
01/04/2020,-0.01,7478,IPCA,Variação Percentual Mensal,Indice de Preços ao Consumidor Amplo. Alimentação,2
01/05/2020,-0.59,7478,IPCA,Variação Percentual Mensal,Indice de Preços ao Consumidor Amplo. Alimentação,2
01/06/2020,0.02,7478,IPCA,Variação Percentual Mensal,Indice de Preços ao Consumidor Amplo. Alimentação,2
01/07/2020,0.30,7478,IPCA,Variação Percentual Mensal,Indice de Preços ao Consumidor Amplo. Alimentação,2
01/08/2020,0.23,7478,IPCA,Variação Percentual Mensal,Indice de Preços ao Consumidor Amplo. Alimentação,2
01/09/2020,0.45,7478,IPCA,Variação Percentual Mensal,Indice de Preços ao Consumidor Amplo. Alimentação,2
01/10/2020,0.94,7478,IPCA,Variação Percentual Mensal,Indice de Preços ao Consumidor Amplo. Alimentação,2
01/11/2020,0.81,7478,IPCA,Variação Percentual Mensal,Indice de Preços ao Consumidor Amplo. Alimentação,2
01/12/2020,1.06,7478,IPCA,Variação Percentual Mensal,Indice de Preços ao Consumidor Amplo. Alimentação,2
01/01/2021,0.78,7478,IPCA,Variação Percentual Mensal,Indice de Preços ao Consumidor Amplo. Alimentação,2
01/02/2021,0.48,7478,IPCA,Variação Percentual Mensal,Indice de Preços ao Consumidor Amplo. Alimentação,2
01/03/2021,0.93,7478,IPCA,Variação Percentual Mensal,Indice de Preços ao Consumidor Amplo. Alimentação,2
01/04/2021,0.60,7478,IPCA,Variação Percentual Mensal,Indice de Preços ao Consumidor Amplo. Alimentação,2
01/05/2021,0.44,7478,IPCA,Variação Percentual Mensal,Indice de Preços ao Consumidor Amplo. Alimentação,2
01/06/2021,0.83,7478,IPCA,Variação Percentual Mensal,Indice de Preços ao Consumidor Amplo. Alimentação,2
01/07/2021,0.72,7478,IPCA,Variação Percentual Mensal,Indice de Preços ao Consumidor Amplo. Alimentação,2
01/08/2021,0.89,7478,IPCA,Variação Percentual Mensal,Indice de Preços ao Consumidor Amplo. Alimentação,2
01/09/2021,1.14,7478,IPCA,Variação Percentual Mensal,Indice de Preços ao Consumidor Amplo. Alimentação,2
01/10/2021,1.20,7478,IPCA,Variação Percentual Mensal,Indice de Preços ao Consumidor Amplo. Alimentação,2
01/11/2021,1.17,7478,IPCA,Variação Percentual Mensal,Indice de Preços ao Consumidor Amplo. Alimentação,2
01/12/2021,0.78,7478,IPCA,Variação Percentual Mensal,Indice de Preços ao Consumidor Amplo. Alimentação,2
01/01/2022,0.58,7478,IPCA,Variação Percentual Mensal,Indice de Preços ao Consumidor Amplo. Alimentação,2
01/02/2022,0.99,7478,IPCA,Variação Percentual Mensal,Indice de Preços ao Consumidor Amplo. Alimentação,2
01/03/2022,0.95,7478,IPCA,Variação Percentual Mensal,Indice de Preços ao Consumidor Amplo. Alimentação,2
01/04/2022,1.73,7478,IPCA,Variação Percentual Mensal,Indice de Preços ao Consumidor Amplo. Alimentação,2
01/05/2022,0.59,7478,IPCA,Variação Percentual Mensal,Indice de Preços ao Consumidor Amplo. Alimentação,2
01/06/2022,0.69,7478,IPCA,Variação Percentual Mensal,Indice de Preços ao Consumidor Amplo. Alimentação,2
01/07/2022,0.13,7478,IPCA,Variação Percentual Mensal,Indice de Preços ao Consumidor Amplo. Alimentação,2
01/08/2022,-0.73,7478,IPCA,Variação Percentual Mensal,Indice de Preços ao Consumidor Amplo. Alimentação,2
01/09/2022,-0.37,7478,IPCA,Variação Percentual Mensal,Indice de Preços ao Consumidor Amplo. Alimentação,2
01/10/2022,0.16,7478,IPCA,Variação Percentual Mensal,Indice de Preços ao Consumidor Amplo. Alimentação,2
01/11/2022,0.53,7478,IPCA,Variação Percentual Mensal,Indice de Preços ao Consumidor Amplo. Alimentação,2
01/12/2022,0.52,7478,IPCA,Variação Percentual Mensal,Indice de Preços ao Consumidor Amplo. Alimentação,2
01/01/2023,0.55,7478,IPCA,Variação Percentual Mensal,Indice de Preços ao Consumidor Amplo. Alimentação,2
01/02/2023,0.76,7478,IPCA,Variação Percentual Mensal,Indice de Preços ao Consumidor Amplo. Alimentação,2
01/03/2023,0.69,7478,IPCA,Variação Percentual Mensal,Indice de Preços ao Consumidor Amplo. Alimentação,2
01/04/2023,0.57,7478,IPCA,Variação Percentual Mensal,Indice de Preços ao Consumidor Amplo. Alimentação,2
01/05/2023,0.51,7478,IPCA,Variação Percentual Mensal,Indice de Preços ao Consumidor Amplo. Alimentação,2
01/06/2023,0.04,7478,IPCA,Variação Percentual Mensal,Indice de Preços ao Consumidor Amplo. Alimentação,2
01/07/2023,-0.07,7478,IPCA,Variação Percentual Mensal,Indice de Preços ao Consumidor Amplo. Alimentação,2
01/08/2023,0.28,7478,IPCA,Variação Percentual Mensal,Indice de Preços ao Consumidor Amplo. Alimentação,2
01/09/2023,0.35,7478,IPCA,Variação Percentual Mensal,Indice de Preços ao Consumidor Amplo. Alimentação,2
01/10/2023,0.21,7478,IPCA,Variação Percentual Mensal,Indice de Preços ao Consumidor Amplo. Alimentação,2
01/11/2023,0.33,7478,IPCA,Variação Percentual Mensal,Indice de Preços ao Consumidor Amplo. Alimentação,2
01/12/2023,0.40,7478,IPCA,Variação Percentual Mensal,Indice de Preços ao Consumidor Amplo. Alimentação,2
01/01/2024,0.31,7478,IPCA,Variação Percentual Mensal,Indice de Preços ao Consumidor Amplo. Alimentação,2
01/02/2024,0.78,7478,IPCA,Variação Percentual Mensal,Indice de Preços ao Consumidor Amplo. Alimentação,2
01/03/2024,0.36,7478,IPCA,Variação Percentual Mensal,Indice de Preços ao Consumidor Amplo. Alimentação,2
01/04/2024,0.21,7478,IPCA,Variação Percentual Mensal,Indice de Preços ao Consumidor Amplo. Alimentação,2
01/05/2024,0.44,7478,IPCA,Variação Percentual Mensal,Indice de Preços ao Consumidor Amplo. Alimentação,2
01/06/2024,0.39,7478,IPCA,Variação Percentual Mensal,Indice de Preços ao Consumidor Amplo. Alimentação,2
01/07/2024,0.30,7478,IPCA,Variação Percentual Mensal,Indice de Preços ao Consumidor Amplo. Alimentação,2
01/08/2024,0.19,7478,IPCA,Variação Percentual Mensal,Indice de Preços ao Consumidor Amplo. Alimentação,2
01/09/2024,0.13,7478,IPCA,Variação Percentual Mensal,Indice de Preços ao Consumidor Amplo. Alimentação,2
01/10/2024,0.54,7478,IPCA,Variação Percentual Mensal,Indice de Preços ao Consumidor Amplo. Alimentação,2
01/11/2024,0.62,7478,IPCA,Variação Percentual Mensal,Indice de Preços ao Consumidor Amplo. Alimentação,2
01/12/2024,0.34,7478,IPCA,Variação Percentual Mensal,Indice de Preços ao Consumidor Amplo. Alimentação,2
01/01/2025,0.11,7478,IPCA,Variação Percentual Mensal,Indice de Preços ao Consumidor Amplo. Alimentação,2
01/02/2025,1.23,7478,IPCA,Variação Percentual Mensal,Indice de Preços ao Consumidor Amplo. Alimentação,2
01/03/2025,0.64,7478,IPCA,Variação Percentual Mensal,Indice de Preços ao Consumidor Amplo. Alimentação,2
01/04/2025,0.43,7478,IPCA,Variação Percentual Mensal,Indice de Preços ao Consumidor Amplo. Alimentação,2
01/05/2025,0.36,7478,IPCA,Variação Percentual Mensal,Indice de Preços ao Consumidor Amplo. Alimentação,2
01/06/2025,0.26,7478,IPCA,Variação Percentual Mensal,Indice de Preços ao Consumidor Amplo. Alimentação,2
01/07/2025,0.33,7478,IPCA,Variação Percentual Mensal,Indice de Preços ao Consumidor Amplo. Alimentação,2
01/08/2025,-0.14,7478,IPCA,Variação Percentual Mensal,Indice de Preços ao Consumidor Amplo. Alimentação,2
01/09/2025,0.48,7478,IPCA,Variação Percentual Mensal,Indice de Preços ao Consumidor Amplo. Alimentação,2
01/10/2025,0.18,7478,IPCA,Variação Percentual Mensal,Indice de Preços ao Consumidor Amplo. Alimentação,2
01/11/2025,0.20,7478,IPCA,Variação Percentual Mensal,Indice de Preços ao Consumidor Amplo. Alimentação,2
01/12/2025,0.25,7478,IPCA,Variação Percentual Mensal,Indice de Preços ao Consumidor Amplo. Alimentação,2
01/01/2026,0.20,7478,IPCA,Variação Percentual Mensal,Indice de Preços ao Consumidor Amplo. Alimentação,2
01/02/2026,0.84,7478,IPCA,Variação Percentual Mensal,Indice de Preços ao Consumidor Amplo. Alimentação,2
01/03/2026,0.44,7478,IPCA,Variação Percentual Mensal,Indice de Preços ao Consumidor Amplo. Alimentação,2
01/04/2026,0.89,7478,IPCA,Variação Percentual Mensal,Indice de Preços ao Consumidor Amplo. Alimentação,2
01/09/1994,1.29,7448,IGP-M,Variação Percentual Mensal,Indice Geral de Preços no Atacado,2
01/10/1994,1.06,7448,IGP-M,Variação Percentual Mensal,Indice Geral de Preços no Atacado,2
01/11/1994,2.27,7448,IGP-M,Variação Percentual Mensal,Indice Geral de Preços no Atacado,2
01/12/1994,0.65,7448,IGP-M,Variação Percentual Mensal,Indice Geral de Preços no Atacado,2
01/01/1995,0.48,7448,IGP-M,Variação Percentual Mensal,Indice Geral de Preços no Atacado,2
01/02/1995,0.80,7448,IGP-M,Variação Percentual Mensal,Indice Geral de Preços no Atacado,2
01/03/1995,0.39,7448,IGP-M,Variação Percentual Mensal,Indice Geral de Preços no Atacado,2
01/04/1995,0.79,7448,IGP-M,Variação Percentual Mensal,Indice Geral de Preços no Atacado,2
01/05/1995,0.48,7448,IGP-M,Variação Percentual Mensal,Indice Geral de Preços no Atacado,2
01/06/1995,0.98,7448,IGP-M,Variação Percentual Mensal,Indice Geral de Preços no Atacado,2
01/07/1995,1.17,7448,IGP-M,Variação Percentual Mensal,Indice Geral de Preços no Atacado,2
01/08/1995,1.97,7448,IGP-M,Variação Percentual Mensal,Indice Geral de Preços no Atacado,2
01/09/1995,-0.34,7448,IGP-M,Variação Percentual Mensal,Indice Geral de Preços no Atacado,2
01/10/1995,-0.23,7448,IGP-M,Variação Percentual Mensal,Indice Geral de Preços no Atacado,2
01/11/1995,0.51,7448,IGP-M,Variação Percentual Mensal,Indice Geral de Preços no Atacado,2
01/12/1995,0.32,7448,IGP-M,Variação Percentual Mensal,Indice Geral de Preços no Atacado,2
01/01/1996,0.95,7448,IGP-M,Variação Percentual Mensal,Indice Geral de Preços no Atacado,2
01/02/1996,0.58,7448,IGP-M,Variação Percentual Mensal,Indice Geral de Preços no Atacado,2
01/03/1996,0.37,7448,IGP-M,Variação Percentual Mensal,Indice Geral de Preços no Atacado,2
01/04/1996,-0.11,7448,IGP-M,Variação Percentual Mensal,Indice Geral de Preços no Atacado,2
01/05/1996,0.79,7448,IGP-M,Variação Percentual Mensal,Indice Geral de Preços no Atacado,2
01/06/1996,0.42,7448,IGP-M,Variação Percentual Mensal,Indice Geral de Preços no Atacado,2
01/07/1996,1.01,7448,IGP-M,Variação Percentual Mensal,Indice Geral de Preços no Atacado,2
01/08/1996,0.54,7448,IGP-M,Variação Percentual Mensal,Indice Geral de Preços no Atacado,2
01/09/1996,-0.13,7448,IGP-M,Variação Percentual Mensal,Indice Geral de Preços no Atacado,2
01/10/1996,0.07,7448,IGP-M,Variação Percentual Mensal,Indice Geral de Preços no Atacado,2
01/11/1996,0.11,7448,IGP-M,Variação Percentual Mensal,Indice Geral de Preços no Atacado,2
01/12/1996,0.34,7448,IGP-M,Variação Percentual Mensal,Indice Geral de Preços no Atacado,2
01/01/1997,0.69,7448,IGP-M,Variação Percentual Mensal,Indice Geral de Preços no Atacado,2
01/02/1997,0.22,7448,IGP-M,Variação Percentual Mensal,Indice Geral de Preços no Atacado,2
01/03/1997,0.40,7448,IGP-M,Variação Percentual Mensal,Indice Geral de Preços no Atacado,2
01/04/1997,0.27,7448,IGP-M,Variação Percentual Mensal,Indice Geral de Preços no Atacado,2
01/05/1997,-0.02,7448,IGP-M,Variação Percentual Mensal,Indice Geral de Preços no Atacado,2
01/06/1997,0.38,7448,IGP-M,Variação Percentual Mensal,Indice Geral de Preços no Atacado,2
01/07/1997,0.18,7448,IGP-M,Variação Percentual Mensal,Indice Geral de Preços no Atacado,2
01/08/1997,0.08,7448,IGP-M,Variação Percentual Mensal,Indice Geral de Preços no Atacado,2
01/09/1997,0.03,7448,IGP-M,Variação Percentual Mensal,Indice Geral de Preços no Atacado,2
01/10/1997,0.40,7448,IGP-M,Variação Percentual Mensal,Indice Geral de Preços no Atacado,2
01/11/1997,0.34,7448,IGP-M,Variação Percentual Mensal,Indice Geral de Preços no Atacado,2
01/12/1997,0.53,7448,IGP-M,Variação Percentual Mensal,Indice Geral de Preços no Atacado,2
01/01/1998,0.41,7448,IGP-M,Variação Percentual Mensal,Indice Geral de Preços no Atacado,2
01/02/1998,0.23,7448,IGP-M,Variação Percentual Mensal,Indice Geral de Preços no Atacado,2
01/03/1998,0.03,7448,IGP-M,Variação Percentual Mensal,Indice Geral de Preços no Atacado,2
01/04/1998,0.12,7448,IGP-M,Variação Percentual Mensal,Indice Geral de Preços no Atacado,2
01/05/1998,-0.21,7448,IGP-M,Variação Percentual Mensal,Indice Geral de Preços no Atacado,2
01/06/1998,0.18,7448,IGP-M,Variação Percentual Mensal,Indice Geral de Preços no Atacado,2
01/07/1998,0.07,7448,IGP-M,Variação Percentual Mensal,Indice Geral de Preços no Atacado,2
01/08/1998,-0.11,7448,IGP-M,Variação Percentual Mensal,Indice Geral de Preços no Atacado,2
01/09/1998,-0.15,7448,IGP-M,Variação Percentual Mensal,Indice Geral de Preços no Atacado,2
01/10/1998,0.01,7448,IGP-M,Variação Percentual Mensal,Indice Geral de Preços no Atacado,2
01/11/1998,-0.37,7448,IGP-M,Variação Percentual Mensal,Indice Geral de Preços no Atacado,2
01/12/1998,-0.14,7448,IGP-M,Variação Percentual Mensal,Indice Geral de Preços no Atacado,2
01/01/1999,0.61,7448,IGP-M,Variação Percentual Mensal,Indice Geral de Preços no Atacado,2
01/02/1999,0.74,7448,IGP-M,Variação Percentual Mensal,Indice Geral de Preços no Atacado,2
01/03/1999,1.93,7448,IGP-M,Variação Percentual Mensal,Indice Geral de Preços no Atacado,2
01/04/1999,0.56,7448,IGP-M,Variação Percentual Mensal,Indice Geral de Preços no Atacado,2
01/05/1999,-0.05,7448,IGP-M,Variação Percentual Mensal,Indice Geral de Preços no Atacado,2
01/06/1999,-0.07,7448,IGP-M,Variação Percentual Mensal,Indice Geral de Preços no Atacado,2
01/07/1999,0.78,7448,IGP-M,Variação Percentual Mensal,Indice Geral de Preços no Atacado,2
01/08/1999,0.90,7448,IGP-M,Variação Percentual Mensal,Indice Geral de Preços no Atacado,2
01/09/1999,0.69,7448,IGP-M,Variação Percentual Mensal,Indice Geral de Preços no Atacado,2
01/10/1999,0.74,7448,IGP-M,Variação Percentual Mensal,Indice Geral de Preços no Atacado,2
01/11/1999,1.14,7448,IGP-M,Variação Percentual Mensal,Indice Geral de Preços no Atacado,2
01/12/1999,1.28,7448,IGP-M,Variação Percentual Mensal,Indice Geral de Preços no Atacado,2
01/01/2000,0.73,7448,IGP-M,Variação Percentual Mensal,Indice Geral de Preços no Atacado,2
01/02/2000,0.21,7448,IGP-M,Variação Percentual Mensal,Indice Geral de Preços no Atacado,2
01/03/2000,0.00,7448,IGP-M,Variação Percentual Mensal,Indice Geral de Preços no Atacado,2
01/04/2000,0.19,7448,IGP-M,Variação Percentual Mensal,Indice Geral de Preços no Atacado,2
01/05/2000,-0.06,7448,IGP-M,Variação Percentual Mensal,Indice Geral de Preços no Atacado,2
01/06/2000,0.29,7448,IGP-M,Variação Percentual Mensal,Indice Geral de Preços no Atacado,2
01/07/2000,0.52,7448,IGP-M,Variação Percentual Mensal,Indice Geral de Preços no Atacado,2
01/08/2000,1.58,7448,IGP-M,Variação Percentual Mensal,Indice Geral de Preços no Atacado,2
01/09/2000,0.57,7448,IGP-M,Variação Percentual Mensal,Indice Geral de Preços no Atacado,2
01/10/2000,0.16,7448,IGP-M,Variação Percentual Mensal,Indice Geral de Preços no Atacado,2
01/11/2000,0.15,7448,IGP-M,Variação Percentual Mensal,Indice Geral de Preços no Atacado,2
01/12/2000,0.21,7448,IGP-M,Variação Percentual Mensal,Indice Geral de Preços no Atacado,2
01/01/2001,0.34,7448,IGP-M,Variação Percentual Mensal,Indice Geral de Preços no Atacado,2
01/02/2001,-0.05,7448,IGP-M,Variação Percentual Mensal,Indice Geral de Preços no Atacado,2
01/03/2001,0.27,7448,IGP-M,Variação Percentual Mensal,Indice Geral de Preços no Atacado,2
01/04/2001,0.48,7448,IGP-M,Variação Percentual Mensal,Indice Geral de Preços no Atacado,2
01/05/2001,0.51,7448,IGP-M,Variação Percentual Mensal,Indice Geral de Preços no Atacado,2
01/06/2001,0.09,7448,IGP-M,Variação Percentual Mensal,Indice Geral de Preços no Atacado,2
01/07/2001,0.71,7448,IGP-M,Variação Percentual Mensal,Indice Geral de Preços no Atacado,2
01/08/2001,0.86,7448,IGP-M,Variação Percentual Mensal,Indice Geral de Preços no Atacado,2
01/09/2001,0.11,7448,IGP-M,Variação Percentual Mensal,Indice Geral de Preços no Atacado,2
01/10/2001,0.30,7448,IGP-M,Variação Percentual Mensal,Indice Geral de Preços no Atacado,2
01/11/2001,0.78,7448,IGP-M,Variação Percentual Mensal,Indice Geral de Preços no Atacado,2
01/12/2001,0.16,7448,IGP-M,Variação Percentual Mensal,Indice Geral de Preços no Atacado,2
01/01/2002,0.47,7448,IGP-M,Variação Percentual Mensal,Indice Geral de Preços no Atacado,2
01/02/2002,-0.16,7448,IGP-M,Variação Percentual Mensal,Indice Geral de Preços no Atacado,2
01/03/2002,0.17,7448,IGP-M,Variação Percentual Mensal,Indice Geral de Preços no Atacado,2
01/04/2002,0.06,7448,IGP-M,Variação Percentual Mensal,Indice Geral de Preços no Atacado,2
01/05/2002,0.17,7448,IGP-M,Variação Percentual Mensal,Indice Geral de Preços no Atacado,2
01/06/2002,0.68,7448,IGP-M,Variação Percentual Mensal,Indice Geral de Preços no Atacado,2
01/07/2002,0.82,7448,IGP-M,Variação Percentual Mensal,Indice Geral de Preços no Atacado,2
01/08/2002,1.01,7448,IGP-M,Variação Percentual Mensal,Indice Geral de Preços no Atacado,2
01/09/2002,1.13,7448,IGP-M,Variação Percentual Mensal,Indice Geral de Preços no Atacado,2
01/10/2002,1.57,7448,IGP-M,Variação Percentual Mensal,Indice Geral de Preços no Atacado,2
01/11/2002,2.31,7448,IGP-M,Variação Percentual Mensal,Indice Geral de Preços no Atacado,2
01/12/2002,2.61,7448,IGP-M,Variação Percentual Mensal,Indice Geral de Preços no Atacado,2
01/01/2003,1.34,7448,IGP-M,Variação Percentual Mensal,Indice Geral de Preços no Atacado,2
01/02/2003,0.89,7448,IGP-M,Variação Percentual Mensal,Indice Geral de Preços no Atacado,2
01/03/2003,0.63,7448,IGP-M,Variação Percentual Mensal,Indice Geral de Preços no Atacado,2
01/04/2003,0.69,7448,IGP-M,Variação Percentual Mensal,Indice Geral de Preços no Atacado,2
01/05/2003,0.01,7448,IGP-M,Variação Percentual Mensal,Indice Geral de Preços no Atacado,2
01/06/2003,-0.47,7448,IGP-M,Variação Percentual Mensal,Indice Geral de Preços no Atacado,2
01/07/2003,-0.17,7448,IGP-M,Variação Percentual Mensal,Indice Geral de Preços no Atacado,2
01/08/2003,0.00,7448,IGP-M,Variação Percentual Mensal,Indice Geral de Preços no Atacado,2
01/09/2003,0.69,7448,IGP-M,Variação Percentual Mensal,Indice Geral de Preços no Atacado,2
01/10/2003,0.37,7448,IGP-M,Variação Percentual Mensal,Indice Geral de Preços no Atacado,2
01/11/2003,0.23,7448,IGP-M,Variação Percentual Mensal,Indice Geral de Preços no Atacado,2
01/12/2003,0.27,7448,IGP-M,Variação Percentual Mensal,Indice Geral de Preços no Atacado,2
01/01/2004,0.33,7448,IGP-M,Variação Percentual Mensal,Indice Geral de Preços no Atacado,2
01/02/2004,0.08,7448,IGP-M,Variação Percentual Mensal,Indice Geral de Preços no Atacado,2
01/03/2004,0.66,7448,IGP-M,Variação Percentual Mensal,Indice Geral de Preços no Atacado,2
01/04/2004,0.52,7448,IGP-M,Variação Percentual Mensal,Indice Geral de Preços no Atacado,2
01/05/2004,0.42,7448,IGP-M,Variação Percentual Mensal,Indice Geral de Preços no Atacado,2
01/06/2004,0.66,7448,IGP-M,Variação Percentual Mensal,Indice Geral de Preços no Atacado,2
01/07/2004,0.56,7448,IGP-M,Variação Percentual Mensal,Indice Geral de Preços no Atacado,2
01/08/2004,0.19,7448,IGP-M,Variação Percentual Mensal,Indice Geral de Preços no Atacado,2
01/09/2004,0.35,7448,IGP-M,Variação Percentual Mensal,Indice Geral de Preços no Atacado,2
01/10/2004,0.05,7448,IGP-M,Variação Percentual Mensal,Indice Geral de Preços no Atacado,2
01/11/2004,0.33,7448,IGP-M,Variação Percentual Mensal,Indice Geral de Preços no Atacado,2
01/12/2004,0.62,7448,IGP-M,Variação Percentual Mensal,Indice Geral de Preços no Atacado,2
01/01/2005,0.20,7448,IGP-M,Variação Percentual Mensal,Indice Geral de Preços no Atacado,2
01/02/2005,0.18,7448,IGP-M,Variação Percentual Mensal,Indice Geral de Preços no Atacado,2
01/03/2005,0.40,7448,IGP-M,Variação Percentual Mensal,Indice Geral de Preços no Atacado,2
01/04/2005,0.67,7448,IGP-M,Variação Percentual Mensal,Indice Geral de Preços no Atacado,2
01/05/2005,-0.03,7448,IGP-M,Variação Percentual Mensal,Indice Geral de Preços no Atacado,2
01/06/2005,-0.30,7448,IGP-M,Variação Percentual Mensal,Indice Geral de Preços no Atacado,2
01/07/2005,-0.09,7448,IGP-M,Variação Percentual Mensal,Indice Geral de Preços no Atacado,2
01/08/2005,-0.36,7448,IGP-M,Variação Percentual Mensal,Indice Geral de Preços no Atacado,2
01/09/2005,-0.56,7448,IGP-M,Variação Percentual Mensal,Indice Geral de Preços no Atacado,2
01/10/2005,0.25,7448,IGP-M,Variação Percentual Mensal,Indice Geral de Preços no Atacado,2
01/11/2005,0.16,7448,IGP-M,Variação Percentual Mensal,Indice Geral de Preços no Atacado,2
01/12/2005,0.06,7448,IGP-M,Variação Percentual Mensal,Indice Geral de Preços no Atacado,2
01/01/2006,0.40,7448,IGP-M,Variação Percentual Mensal,Indice Geral de Preços no Atacado,2
01/02/2006,0.03,7448,IGP-M,Variação Percentual Mensal,Indice Geral de Preços no Atacado,2
01/03/2006,-0.09,7448,IGP-M,Variação Percentual Mensal,Indice Geral de Preços no Atacado,2
01/04/2006,-0.43,7448,IGP-M,Variação Percentual Mensal,Indice Geral de Preços no Atacado,2
01/05/2006,0.21,7448,IGP-M,Variação Percentual Mensal,Indice Geral de Preços no Atacado,2
01/06/2006,0.27,7448,IGP-M,Variação Percentual Mensal,Indice Geral de Preços no Atacado,2
01/07/2006,0.17,7448,IGP-M,Variação Percentual Mensal,Indice Geral de Preços no Atacado,2
01/08/2006,0.16,7448,IGP-M,Variação Percentual Mensal,Indice Geral de Preços no Atacado,2
01/09/2006,0.21,7448,IGP-M,Variação Percentual Mensal,Indice Geral de Preços no Atacado,2
01/10/2006,0.19,7448,IGP-M,Variação Percentual Mensal,Indice Geral de Preços no Atacado,2
01/11/2006,0.71,7448,IGP-M,Variação Percentual Mensal,Indice Geral de Preços no Atacado,2
01/12/2006,0.18,7448,IGP-M,Variação Percentual Mensal,Indice Geral de Preços no Atacado,2
01/01/2007,0.32,7448,IGP-M,Variação Percentual Mensal,Indice Geral de Preços no Atacado,2
01/02/2007,0.11,7448,IGP-M,Variação Percentual Mensal,Indice Geral de Preços no Atacado,2
01/03/2007,0.19,7448,IGP-M,Variação Percentual Mensal,Indice Geral de Preços no Atacado,2
01/04/2007,-0.16,7448,IGP-M,Variação Percentual Mensal,Indice Geral de Preços no Atacado,2
01/05/2007,-0.19,7448,IGP-M,Variação Percentual Mensal,Indice Geral de Preços no Atacado,2
01/06/2007,0.31,7448,IGP-M,Variação Percentual Mensal,Indice Geral de Preços no Atacado,2
01/07/2007,0.15,7448,IGP-M,Variação Percentual Mensal,Indice Geral de Preços no Atacado,2
01/08/2007,0.27,7448,IGP-M,Variação Percentual Mensal,Indice Geral de Preços no Atacado,2
01/09/2007,0.80,7448,IGP-M,Variação Percentual Mensal,Indice Geral de Preços no Atacado,2
01/10/2007,0.84,7448,IGP-M,Variação Percentual Mensal,Indice Geral de Preços no Atacado,2
01/11/2007,0.34,7448,IGP-M,Variação Percentual Mensal,Indice Geral de Preços no Atacado,2
01/12/2007,1.09,7448,IGP-M,Variação Percentual Mensal,Indice Geral de Preços no Atacado,2
01/01/2008,0.67,7448,IGP-M,Variação Percentual Mensal,Indice Geral de Preços no Atacado,2
01/02/2008,0.42,7448,IGP-M,Variação Percentual Mensal,Indice Geral de Preços no Atacado,2
01/03/2008,0.34,7448,IGP-M,Variação Percentual Mensal,Indice Geral de Preços no Atacado,2
01/04/2008,0.33,7448,IGP-M,Variação Percentual Mensal,Indice Geral de Preços no Atacado,2
01/05/2008,1.36,7448,IGP-M,Variação Percentual Mensal,Indice Geral de Preços no Atacado,2
01/06/2008,1.97,7448,IGP-M,Variação Percentual Mensal,Indice Geral de Preços no Atacado,2
01/07/2008,1.55,7448,IGP-M,Variação Percentual Mensal,Indice Geral de Preços no Atacado,2
01/08/2008,-0.01,7448,IGP-M,Variação Percentual Mensal,Indice Geral de Preços no Atacado,2
01/09/2008,0.00,7448,IGP-M,Variação Percentual Mensal,Indice Geral de Preços no Atacado,2
01/10/2008,0.55,7448,IGP-M,Variação Percentual Mensal,Indice Geral de Preços no Atacado,2
01/11/2008,0.80,7448,IGP-M,Variação Percentual Mensal,Indice Geral de Preços no Atacado,2
01/12/2008,0.14,7448,IGP-M,Variação Percentual Mensal,Indice Geral de Preços no Atacado,2
01/01/2009,-0.31,7448,IGP-M,Variação Percentual Mensal,Indice Geral de Preços no Atacado,2
01/02/2009,0.42,7448,IGP-M,Variação Percentual Mensal,Indice Geral de Preços no Atacado,2
01/03/2009,-0.45,7448,IGP-M,Variação Percentual Mensal,Indice Geral de Preços no Atacado,2
01/04/2009,-0.53,7448,IGP-M,Variação Percentual Mensal,Indice Geral de Preços no Atacado,2
01/05/2009,-0.52,7448,IGP-M,Variação Percentual Mensal,Indice Geral de Preços no Atacado,2
01/06/2009,0.29,7448,IGP-M,Variação Percentual Mensal,Indice Geral de Preços no Atacado,2
01/07/2009,-0.23,7448,IGP-M,Variação Percentual Mensal,Indice Geral de Preços no Atacado,2
01/08/2009,-0.68,7448,IGP-M,Variação Percentual Mensal,Indice Geral de Preços no Atacado,2
01/09/2009,0.28,7448,IGP-M,Variação Percentual Mensal,Indice Geral de Preços no Atacado,2
01/10/2009,0.10,7448,IGP-M,Variação Percentual Mensal,Indice Geral de Preços no Atacado,2
01/11/2009,-0.10,7448,IGP-M,Variação Percentual Mensal,Indice Geral de Preços no Atacado,2
01/12/2009,-0.16,7448,IGP-M,Variação Percentual Mensal,Indice Geral de Preços no Atacado,2
01/01/2010,0.27,7448,IGP-M,Variação Percentual Mensal,Indice Geral de Preços no Atacado,2
01/02/2010,0.98,7448,IGP-M,Variação Percentual Mensal,Indice Geral de Preços no Atacado,2
01/03/2010,0.95,7448,IGP-M,Variação Percentual Mensal,Indice Geral de Preços no Atacado,2
01/04/2010,0.27,7448,IGP-M,Variação Percentual Mensal,Indice Geral de Preços no Atacado,2
01/05/2010,0.47,7448,IGP-M,Variação Percentual Mensal,Indice Geral de Preços no Atacado,2
01/06/2010,2.21,7448,IGP-M,Variação Percentual Mensal,Indice Geral de Preços no Atacado,2
01/07/2010,0.14,7448,IGP-M,Variação Percentual Mensal,Indice Geral de Preços no Atacado,2
01/08/2010,0.42,7448,IGP-M,Variação Percentual Mensal,Indice Geral de Preços no Atacado,2
01/09/2010,0.99,7448,IGP-M,Variação Percentual Mensal,Indice Geral de Preços no Atacado,2
01/10/2010,0.75,7448,IGP-M,Variação Percentual Mensal,Indice Geral de Preços no Atacado,2
01/11/2010,0.79,7448,IGP-M,Variação Percentual Mensal,Indice Geral de Preços no Atacado,2
01/12/2010,0.83,7448,IGP-M,Variação Percentual Mensal,Indice Geral de Preços no Atacado,2
01/01/2011,0.42,7448,IGP-M,Variação Percentual Mensal,Indice Geral de Preços no Atacado,2
01/02/2011,0.66,7448,IGP-M,Variação Percentual Mensal,Indice Geral de Preços no Atacado,2
01/03/2011,0.48,7448,IGP-M,Variação Percentual Mensal,Indice Geral de Preços no Atacado,2
01/04/2011,0.55,7448,IGP-M,Variação Percentual Mensal,Indice Geral de Preços no Atacado,2
01/05/2011,0.70,7448,IGP-M,Variação Percentual Mensal,Indice Geral de Preços no Atacado,2
01/06/2011,-0.09,7448,IGP-M,Variação Percentual Mensal,Indice Geral de Preços no Atacado,2
01/07/2011,-0.21,7448,IGP-M,Variação Percentual Mensal,Indice Geral de Preços no Atacado,2
01/08/2011,0.22,7448,IGP-M,Variação Percentual Mensal,Indice Geral de Preços no Atacado,2
01/09/2011,0.43,7448,IGP-M,Variação Percentual Mensal,Indice Geral de Preços no Atacado,2
01/10/2011,0.45,7448,IGP-M,Variação Percentual Mensal,Indice Geral de Preços no Atacado,2
01/11/2011,0.37,7448,IGP-M,Variação Percentual Mensal,Indice Geral de Preços no Atacado,2
01/12/2011,0.04,7448,IGP-M,Variação Percentual Mensal,Indice Geral de Preços no Atacado,2
01/01/2012,-0.01,7448,IGP-M,Variação Percentual Mensal,Indice Geral de Preços no Atacado,2
01/02/2012,-0.10,7448,IGP-M,Variação Percentual Mensal,Indice Geral de Preços no Atacado,2
01/03/2012,0.23,7448,IGP-M,Variação Percentual Mensal,Indice Geral de Preços no Atacado,2
01/04/2012,0.50,7448,IGP-M,Variação Percentual Mensal,Indice Geral de Preços no Atacado,2
01/05/2012,0.89,7448,IGP-M,Variação Percentual Mensal,Indice Geral de Preços no Atacado,2
01/06/2012,0.68,7448,IGP-M,Variação Percentual Mensal,Indice Geral de Preços no Atacado,2
01/07/2012,0.95,7448,IGP-M,Variação Percentual Mensal,Indice Geral de Preços no Atacado,2
01/08/2012,1.21,7448,IGP-M,Variação Percentual Mensal,Indice Geral de Preços no Atacado,2
01/09/2012,0.59,7448,IGP-M,Variação Percentual Mensal,Indice Geral de Preços no Atacado,2
01/10/2012,0.31,7448,IGP-M,Variação Percentual Mensal,Indice Geral de Preços no Atacado,2
01/11/2012,-0.19,7448,IGP-M,Variação Percentual Mensal,Indice Geral de Preços no Atacado,2
01/12/2012,0.50,7448,IGP-M,Variação Percentual Mensal,Indice Geral de Preços no Atacado,2
01/01/2013,0.41,7448,IGP-M,Variação Percentual Mensal,Indice Geral de Preços no Atacado,2
01/02/2013,0.41,7448,IGP-M,Variação Percentual Mensal,Indice Geral de Preços no Atacado,2
01/03/2013,0.15,7448,IGP-M,Variação Percentual Mensal,Indice Geral de Preços no Atacado,2
01/04/2013,0.42,7448,IGP-M,Variação Percentual Mensal,Indice Geral de Preços no Atacado,2
01/05/2013,0.03,7448,IGP-M,Variação Percentual Mensal,Indice Geral de Preços no Atacado,2
01/06/2013,0.43,7448,IGP-M,Variação Percentual Mensal,Indice Geral de Preços no Atacado,2
01/07/2013,0.26,7448,IGP-M,Variação Percentual Mensal,Indice Geral de Preços no Atacado,2
01/08/2013,0.13,7448,IGP-M,Variação Percentual Mensal,Indice Geral de Preços no Atacado,2
01/09/2013,1.02,7448,IGP-M,Variação Percentual Mensal,Indice Geral de Preços no Atacado,2
01/10/2013,0.85,7448,IGP-M,Variação Percentual Mensal,Indice Geral de Preços no Atacado,2
01/11/2013,0.30,7448,IGP-M,Variação Percentual Mensal,Indice Geral de Preços no Atacado,2
01/12/2013,0.32,7448,IGP-M,Variação Percentual Mensal,Indice Geral de Preços no Atacado,2
01/01/2014,0.37,7448,IGP-M,Variação Percentual Mensal,Indice Geral de Preços no Atacado,2
01/02/2014,0.22,7448,IGP-M,Variação Percentual Mensal,Indice Geral de Preços no Atacado,2
01/03/2014,1.16,7448,IGP-M,Variação Percentual Mensal,Indice Geral de Preços no Atacado,2
01/04/2014,0.72,7448,IGP-M,Variação Percentual Mensal,Indice Geral de Preços no Atacado,2
01/05/2014,0.06,7448,IGP-M,Variação Percentual Mensal,Indice Geral de Preços no Atacado,2
01/06/2014,-0.64,7448,IGP-M,Variação Percentual Mensal,Indice Geral de Preços no Atacado,2
01/07/2014,-0.50,7448,IGP-M,Variação Percentual Mensal,Indice Geral de Preços no Atacado,2
01/08/2014,-0.31,7448,IGP-M,Variação Percentual Mensal,Indice Geral de Preços no Atacado,2
01/09/2014,0.26,7448,IGP-M,Variação Percentual Mensal,Indice Geral de Preços no Atacado,2
01/10/2014,-0.07,7448,IGP-M,Variação Percentual Mensal,Indice Geral de Preços no Atacado,2
01/11/2014,0.51,7448,IGP-M,Variação Percentual Mensal,Indice Geral de Preços no Atacado,2
01/12/2014,0.63,7448,IGP-M,Variação Percentual Mensal,Indice Geral de Preços no Atacado,2
01/01/2015,0.29,7448,IGP-M,Variação Percentual Mensal,Indice Geral de Preços no Atacado,2
01/02/2015,0.09,7448,IGP-M,Variação Percentual Mensal,Indice Geral de Preços no Atacado,2
01/03/2015,0.74,7448,IGP-M,Variação Percentual Mensal,Indice Geral de Preços no Atacado,2
01/04/2015,1.03,7448,IGP-M,Variação Percentual Mensal,Indice Geral de Preços no Atacado,2
01/05/2015,0.51,7448,IGP-M,Variação Percentual Mensal,Indice Geral de Preços no Atacado,2
01/06/2015,0.47,7448,IGP-M,Variação Percentual Mensal,Indice Geral de Preços no Atacado,2
01/07/2015,0.65,7448,IGP-M,Variação Percentual Mensal,Indice Geral de Preços no Atacado,2
01/08/2015,0.10,7448,IGP-M,Variação Percentual Mensal,Indice Geral de Preços no Atacado,2
01/09/2015,0.56,7448,IGP-M,Variação Percentual Mensal,Indice Geral de Preços no Atacado,2
01/10/2015,1.64,7448,IGP-M,Variação Percentual Mensal,Indice Geral de Preços no Atacado,2
01/11/2015,1.31,7448,IGP-M,Variação Percentual Mensal,Indice Geral de Preços no Atacado,2
01/12/2015,0.44,7448,IGP-M,Variação Percentual Mensal,Indice Geral de Preços no Atacado,2
01/01/2016,0.41,7448,IGP-M,Variação Percentual Mensal,Indice Geral de Preços no Atacado,2
01/02/2016,1.23,7448,IGP-M,Variação Percentual Mensal,Indice Geral de Preços no Atacado,2
01/03/2016,0.43,7448,IGP-M,Variação Percentual Mensal,Indice Geral de Preços no Atacado,2
01/04/2016,0.31,7448,IGP-M,Variação Percentual Mensal,Indice Geral de Preços no Atacado,2
01/05/2016,0.59,7448,IGP-M,Variação Percentual Mensal,Indice Geral de Preços no Atacado,2
01/06/2016,1.12,7448,IGP-M,Variação Percentual Mensal,Indice Geral de Preços no Atacado,2
01/07/2016,0.55,7448,IGP-M,Variação Percentual Mensal,Indice Geral de Preços no Atacado,2
01/08/2016,0.00,7448,IGP-M,Variação Percentual Mensal,Indice Geral de Preços no Atacado,2
01/09/2016,0.38,7448,IGP-M,Variação Percentual Mensal,Indice Geral de Preços no Atacado,2
01/10/2016,-0.01,7448,IGP-M,Variação Percentual Mensal,Indice Geral de Preços no Atacado,2
01/11/2016,-0.11,7448,IGP-M,Variação Percentual Mensal,Indice Geral de Preços no Atacado,2
01/12/2016,0.20,7448,IGP-M,Variação Percentual Mensal,Indice Geral de Preços no Atacado,2
01/01/2017,0.86,7448,IGP-M,Variação Percentual Mensal,Indice Geral de Preços no Atacado,2
01/02/2017,0.22,7448,IGP-M,Variação Percentual Mensal,Indice Geral de Preços no Atacado,2
01/03/2017,0.25,7448,IGP-M,Variação Percentual Mensal,Indice Geral de Preços no Atacado,2
01/04/2017,-0.74,7448,IGP-M,Variação Percentual Mensal,Indice Geral de Preços no Atacado,2
01/05/2017,-0.89,7448,IGP-M,Variação Percentual Mensal,Indice Geral de Preços no Atacado,2
01/06/2017,-0.51,7448,IGP-M,Variação Percentual Mensal,Indice Geral de Preços no Atacado,2
01/07/2017,-0.95,7448,IGP-M,Variação Percentual Mensal,Indice Geral de Preços no Atacado,2
01/08/2017,-0.03,7448,IGP-M,Variação Percentual Mensal,Indice Geral de Preços no Atacado,2
01/09/2017,0.34,7448,IGP-M,Variação Percentual Mensal,Indice Geral de Preços no Atacado,2
01/10/2017,0.32,7448,IGP-M,Variação Percentual Mensal,Indice Geral de Preços no Atacado,2
01/11/2017,-0.02,7448,IGP-M,Variação Percentual Mensal,Indice Geral de Preços no Atacado,2
01/12/2017,0.73,7448,IGP-M,Variação Percentual Mensal,Indice Geral de Preços no Atacado,2
01/01/2018,0.75,7448,IGP-M,Variação Percentual Mensal,Indice Geral de Preços no Atacado,2
01/02/2018,0.16,7448,IGP-M,Variação Percentual Mensal,Indice Geral de Preços no Atacado,2
01/03/2018,0.60,7448,IGP-M,Variação Percentual Mensal,Indice Geral de Preços no Atacado,2
01/04/2018,0.18,7448,IGP-M,Variação Percentual Mensal,Indice Geral de Preços no Atacado,2
01/05/2018,1.12,7448,IGP-M,Variação Percentual Mensal,Indice Geral de Preços no Atacado,2
01/06/2018,1.50,7448,IGP-M,Variação Percentual Mensal,Indice Geral de Preços no Atacado,2
01/07/2018,0.41,7448,IGP-M,Variação Percentual Mensal,Indice Geral de Preços no Atacado,2
01/08/2018,0.70,7448,IGP-M,Variação Percentual Mensal,Indice Geral de Preços no Atacado,2
01/09/2018,0.79,7448,IGP-M,Variação Percentual Mensal,Indice Geral de Preços no Atacado,2
01/10/2018,1.06,7448,IGP-M,Variação Percentual Mensal,Indice Geral de Preços no Atacado,2
01/11/2018,-0.11,7448,IGP-M,Variação Percentual Mensal,Indice Geral de Preços no Atacado,2
01/12/2018,-1.16,7448,IGP-M,Variação Percentual Mensal,Indice Geral de Preços no Atacado,2
01/01/2019,0.03,7448,IGP-M,Variação Percentual Mensal,Indice Geral de Preços no Atacado,2
01/02/2019,0.20,7448,IGP-M,Variação Percentual Mensal,Indice Geral de Preços no Atacado,2
01/03/2019,0.71,7448,IGP-M,Variação Percentual Mensal,Indice Geral de Preços no Atacado,2
01/04/2019,0.62,7448,IGP-M,Variação Percentual Mensal,Indice Geral de Preços no Atacado,2
01/05/2019,0.58,7448,IGP-M,Variação Percentual Mensal,Indice Geral de Preços no Atacado,2
01/06/2019,0.73,7448,IGP-M,Variação Percentual Mensal,Indice Geral de Preços no Atacado,2
01/07/2019,0.40,7448,IGP-M,Variação Percentual Mensal,Indice Geral de Preços no Atacado,2
01/08/2019,-0.65,7448,IGP-M,Variação Percentual Mensal,Indice Geral de Preços no Atacado,2
01/09/2019,-0.60,7448,IGP-M,Variação Percentual Mensal,Indice Geral de Preços no Atacado,2
01/10/2019,0.68,7448,IGP-M,Variação Percentual Mensal,Indice Geral de Preços no Atacado,2
01/11/2019,0.08,7448,IGP-M,Variação Percentual Mensal,Indice Geral de Preços no Atacado,2
01/12/2019,1.83,7448,IGP-M,Variação Percentual Mensal,Indice Geral de Preços no Atacado,2
01/01/2020,0.67,7448,IGP-M,Variação Percentual Mensal,Indice Geral de Preços no Atacado,2
01/02/2020,0.00,7448,IGP-M,Variação Percentual Mensal,Indice Geral de Preços no Atacado,2
01/03/2020,0.15,7448,IGP-M,Variação Percentual Mensal,Indice Geral de Preços no Atacado,2
01/04/2020,1.05,7448,IGP-M,Variação Percentual Mensal,Indice Geral de Preços no Atacado,2
01/05/2020,-0.32,7448,IGP-M,Variação Percentual Mensal,Indice Geral de Preços no Atacado,2
01/06/2020,1.36,7448,IGP-M,Variação Percentual Mensal,Indice Geral de Preços no Atacado,2
01/07/2020,1.18,7448,IGP-M,Variação Percentual Mensal,Indice Geral de Preços no Atacado,2
01/08/2020,1.46,7448,IGP-M,Variação Percentual Mensal,Indice Geral de Preços no Atacado,2
01/09/2020,4.41,7448,IGP-M,Variação Percentual Mensal,Indice Geral de Preços no Atacado,2
01/10/2020,1.97,7448,IGP-M,Variação Percentual Mensal,Indice Geral de Preços no Atacado,2
01/11/2020,2.67,7448,IGP-M,Variação Percentual Mensal,Indice Geral de Preços no Atacado,2
01/12/2020,1.28,7448,IGP-M,Variação Percentual Mensal,Indice Geral de Preços no Atacado,2
01/01/2021,1.89,7448,IGP-M,Variação Percentual Mensal,Indice Geral de Preços no Atacado,2
01/02/2021,1.92,7448,IGP-M,Variação Percentual Mensal,Indice Geral de Preços no Atacado,2
01/03/2021,1.95,7448,IGP-M,Variação Percentual Mensal,Indice Geral de Preços no Atacado,2
01/04/2021,0.50,7448,IGP-M,Variação Percentual Mensal,Indice Geral de Preços no Atacado,2
01/05/2021,2.68,7448,IGP-M,Variação Percentual Mensal,Indice Geral de Preços no Atacado,2
01/06/2021,1.24,7448,IGP-M,Variação Percentual Mensal,Indice Geral de Preços no Atacado,2
01/07/2021,-0.04,7448,IGP-M,Variação Percentual Mensal,Indice Geral de Preços no Atacado,2
01/08/2021,1.06,7448,IGP-M,Variação Percentual Mensal,Indice Geral de Preços no Atacado,2
01/09/2021,-1.09,7448,IGP-M,Variação Percentual Mensal,Indice Geral de Preços no Atacado,2
01/10/2021,-0.91,7448,IGP-M,Variação Percentual Mensal,Indice Geral de Preços no Atacado,2
01/11/2021,1.57,7448,IGP-M,Variação Percentual Mensal,Indice Geral de Preços no Atacado,2
01/12/2021,-0.22,7448,IGP-M,Variação Percentual Mensal,Indice Geral de Preços no Atacado,2
01/01/2022,1.41,7448,IGP-M,Variação Percentual Mensal,Indice Geral de Preços no Atacado,2
01/02/2022,1.38,7448,IGP-M,Variação Percentual Mensal,Indice Geral de Preços no Atacado,2
01/03/2022,0.00,7448,IGP-M,Variação Percentual Mensal,Indice Geral de Preços no Atacado,2
01/04/2022,1.88,7448,IGP-M,Variação Percentual Mensal,Indice Geral de Preços no Atacado,2
01/05/2022,0.23,7448,IGP-M,Variação Percentual Mensal,Indice Geral de Preços no Atacado,2
01/06/2022,0.39,7448,IGP-M,Variação Percentual Mensal,Indice Geral de Preços no Atacado,2
01/07/2022,0.28,7448,IGP-M,Variação Percentual Mensal,Indice Geral de Preços no Atacado,2
01/08/2022,-0.88,7448,IGP-M,Variação Percentual Mensal,Indice Geral de Preços no Atacado,2
01/09/2022,-0.80,7448,IGP-M,Variação Percentual Mensal,Indice Geral de Preços no Atacado,2
01/10/2022,-1.01,7448,IGP-M,Variação Percentual Mensal,Indice Geral de Preços no Atacado,2
01/11/2022,-0.60,7448,IGP-M,Variação Percentual Mensal,Indice Geral de Preços no Atacado,2
01/12/2022,0.35,7448,IGP-M,Variação Percentual Mensal,Indice Geral de Preços no Atacado,2
01/01/2023,0.32,7448,IGP-M,Variação Percentual Mensal,Indice Geral de Preços no Atacado,2
01/02/2023,-0.23,7448,IGP-M,Variação Percentual Mensal,Indice Geral de Preços no Atacado,2
01/03/2023,-0.20,7448,IGP-M,Variação Percentual Mensal,Indice Geral de Preços no Atacado,2
01/04/2023,-0.90,7448,IGP-M,Variação Percentual Mensal,Indice Geral de Preços no Atacado,2
01/05/2023,-1.13,7448,IGP-M,Variação Percentual Mensal,Indice Geral de Preços no Atacado,2
01/06/2023,-1.95,7448,IGP-M,Variação Percentual Mensal,Indice Geral de Preços no Atacado,2
01/07/2023,-1.29,7448,IGP-M,Variação Percentual Mensal,Indice Geral de Preços no Atacado,2
01/08/2023,-0.81,7448,IGP-M,Variação Percentual Mensal,Indice Geral de Preços no Atacado,2
01/09/2023,-0.50,7448,IGP-M,Variação Percentual Mensal,Indice Geral de Preços no Atacado,2
01/10/2023,-0.30,7448,IGP-M,Variação Percentual Mensal,Indice Geral de Preços no Atacado,2
01/11/2023,-0.27,7448,IGP-M,Variação Percentual Mensal,Indice Geral de Preços no Atacado,2
01/12/2023,-0.26,7448,IGP-M,Variação Percentual Mensal,Indice Geral de Preços no Atacado,2
01/01/2024,-0.67,7448,IGP-M,Variação Percentual Mensal,Indice Geral de Preços no Atacado,2
01/02/2024,-0.44,7448,IGP-M,Variação Percentual Mensal,Indice Geral de Preços no Atacado,2
01/03/2024,-0.54,7448,IGP-M,Variação Percentual Mensal,Indice Geral de Preços no Atacado,2
01/04/2024,-0.25,7448,IGP-M,Variação Percentual Mensal,Indice Geral de Preços no Atacado,2
01/05/2024,0.75,7448,IGP-M,Variação Percentual Mensal,Indice Geral de Preços no Atacado,2
01/06/2024,0.80,7448,IGP-M,Variação Percentual Mensal,Indice Geral de Preços no Atacado,2
01/07/2024,0.15,7448,IGP-M,Variação Percentual Mensal,Indice Geral de Preços no Atacado,2
01/08/2024,0.33,7448,IGP-M,Variação Percentual Mensal,Indice Geral de Preços no Atacado,2
01/09/2024,0.18,7448,IGP-M,Variação Percentual Mensal,Indice Geral de Preços no Atacado,2
01/10/2024,0.94,7448,IGP-M,Variação Percentual Mensal,Indice Geral de Preços no Atacado,2
01/11/2024,0.99,7448,IGP-M,Variação Percentual Mensal,Indice Geral de Preços no Atacado,2
01/12/2024,0.83,7448,IGP-M,Variação Percentual Mensal,Indice Geral de Preços no Atacado,2
01/01/2025,0.33,7448,IGP-M,Variação Percentual Mensal,Indice Geral de Preços no Atacado,2
01/02/2025,0.39,7448,IGP-M,Variação Percentual Mensal,Indice Geral de Preços no Atacado,2
01/03/2025,0.29,7448,IGP-M,Variação Percentual Mensal,Indice Geral de Preços no Atacado,2
01/04/2025,0.05,7448,IGP-M,Variação Percentual Mensal,Indice Geral de Preços no Atacado,2
01/05/2025,0.18,7448,IGP-M,Variação Percentual Mensal,Indice Geral de Preços no Atacado,2
01/06/2025,-0.74,7448,IGP-M,Variação Percentual Mensal,Indice Geral de Preços no Atacado,2
01/07/2025,-1.04,7448,IGP-M,Variação Percentual Mensal,Indice Geral de Preços no Atacado,2
01/09/1994,0.31,7456,INCC,Variação Percentual Mensal,Indice de Preços na Construção Civil,2
01/10/1994,0.88,7456,INCC,Variação Percentual Mensal,Indice de Preços na Construção Civil,2
01/11/1994,1.42,7456,INCC,Variação Percentual Mensal,Indice de Preços na Construção Civil,2
01/12/1994,2.44,7456,INCC,Variação Percentual Mensal,Indice de Preços na Construção Civil,2
01/01/1995,1.37,7456,INCC,Variação Percentual Mensal,Indice de Preços na Construção Civil,2
01/02/1995,3.54,7456,INCC,Variação Percentual Mensal,Indice de Preços na Construção Civil,2
01/03/1995,2.41,7456,INCC,Variação Percentual Mensal,Indice de Preços na Construção Civil,2
01/04/1995,2.74,7456,INCC,Variação Percentual Mensal,Indice de Preços na Construção Civil,2
01/05/1995,2.43,7456,INCC,Variação Percentual Mensal,Indice de Preços na Construção Civil,2
01/06/1995,9.38,7456,INCC,Variação Percentual Mensal,Indice de Preços na Construção Civil,2
01/07/1995,2.71,7456,INCC,Variação Percentual Mensal,Indice de Preços na Construção Civil,2
01/08/1995,0.93,7456,INCC,Variação Percentual Mensal,Indice de Preços na Construção Civil,2
01/09/1995,0.46,7456,INCC,Variação Percentual Mensal,Indice de Preços na Construção Civil,2
01/10/1995,0.72,7456,INCC,Variação Percentual Mensal,Indice de Preços na Construção Civil,2
01/11/1995,0.76,7456,INCC,Variação Percentual Mensal,Indice de Preços na Construção Civil,2
01/12/1995,1.07,7456,INCC,Variação Percentual Mensal,Indice de Preços na Construção Civil,2
01/01/1996,0.67,7456,INCC,Variação Percentual Mensal,Indice de Preços na Construção Civil,2
01/02/1996,1.35,7456,INCC,Variação Percentual Mensal,Indice de Preços na Construção Civil,2
01/03/1996,0.19,7456,INCC,Variação Percentual Mensal,Indice de Preços na Construção Civil,2
01/04/1996,0.89,7456,INCC,Variação Percentual Mensal,Indice de Preços na Construção Civil,2
01/05/1996,0.55,7456,INCC,Variação Percentual Mensal,Indice de Preços na Construção Civil,2
01/06/1996,2.01,7456,INCC,Variação Percentual Mensal,Indice de Preços na Construção Civil,2
01/07/1996,1.52,7456,INCC,Variação Percentual Mensal,Indice de Preços na Construção Civil,2
01/08/1996,0.74,7456,INCC,Variação Percentual Mensal,Indice de Preços na Construção Civil,2
01/09/1996,0.15,7456,INCC,Variação Percentual Mensal,Indice de Preços na Construção Civil,2
01/10/1996,0.23,7456,INCC,Variação Percentual Mensal,Indice de Preços na Construção Civil,2
01/11/1996,0.28,7456,INCC,Variação Percentual Mensal,Indice de Preços na Construção Civil,2
01/12/1996,0.48,7456,INCC,Variação Percentual Mensal,Indice de Preços na Construção Civil,2
01/01/1997,0.68,7456,INCC,Variação Percentual Mensal,Indice de Preços na Construção Civil,2
01/02/1997,0.31,7456,INCC,Variação Percentual Mensal,Indice de Preços na Construção Civil,2
01/03/1997,0.42,7456,INCC,Variação Percentual Mensal,Indice de Preços na Construção Civil,2
01/04/1997,0.73,7456,INCC,Variação Percentual Mensal,Indice de Preços na Construção Civil,2
01/05/1997,0.30,7456,INCC,Variação Percentual Mensal,Indice de Preços na Construção Civil,2
01/06/1997,1.00,7456,INCC,Variação Percentual Mensal,Indice de Preços na Construção Civil,2
01/07/1997,0.94,7456,INCC,Variação Percentual Mensal,Indice de Preços na Construção Civil,2
01/08/1997,0.55,7456,INCC,Variação Percentual Mensal,Indice de Preços na Construção Civil,2
01/09/1997,1.18,7456,INCC,Variação Percentual Mensal,Indice de Preços na Construção Civil,2
01/10/1997,0.22,7456,INCC,Variação Percentual Mensal,Indice de Preços na Construção Civil,2
01/11/1997,0.22,7456,INCC,Variação Percentual Mensal,Indice de Preços na Construção Civil,2
01/12/1997,0.52,7456,INCC,Variação Percentual Mensal,Indice de Preços na Construção Civil,2
01/01/1998,0.29,7456,INCC,Variação Percentual Mensal,Indice de Preços na Construção Civil,2
01/02/1998,0.48,7456,INCC,Variação Percentual Mensal,Indice de Preços na Construção Civil,2
01/03/1998,0.31,7456,INCC,Variação Percentual Mensal,Indice de Preços na Construção Civil,2
01/04/1998,-0.46,7456,INCC,Variação Percentual Mensal,Indice de Preços na Construção Civil,2
01/05/1998,0.47,7456,INCC,Variação Percentual Mensal,Indice de Preços na Construção Civil,2
01/06/1998,0.86,7456,INCC,Variação Percentual Mensal,Indice de Preços na Construção Civil,2
01/07/1998,0.42,7456,INCC,Variação Percentual Mensal,Indice de Preços na Construção Civil,2
01/08/1998,0.29,7456,INCC,Variação Percentual Mensal,Indice de Preços na Construção Civil,2
01/09/1998,0.09,7456,INCC,Variação Percentual Mensal,Indice de Preços na Construção Civil,2
01/10/1998,0.05,7456,INCC,Variação Percentual Mensal,Indice de Preços na Construção Civil,2
01/11/1998,-0.07,7456,INCC,Variação Percentual Mensal,Indice de Preços na Construção Civil,2
01/12/1998,-0.01,7456,INCC,Variação Percentual Mensal,Indice de Preços na Construção Civil,2
01/01/1999,0.21,7456,INCC,Variação Percentual Mensal,Indice de Preços na Construção Civil,2
01/02/1999,0.62,7456,INCC,Variação Percentual Mensal,Indice de Preços na Construção Civil,2
01/03/1999,0.91,7456,INCC,Variação Percentual Mensal,Indice de Preços na Construção Civil,2
01/04/1999,0.58,7456,INCC,Variação Percentual Mensal,Indice de Preços na Construção Civil,2
01/05/1999,0.38,7456,INCC,Variação Percentual Mensal,Indice de Preços na Construção Civil,2
01/06/1999,0.88,7456,INCC,Variação Percentual Mensal,Indice de Preços na Construção Civil,2
01/07/1999,0.41,7456,INCC,Variação Percentual Mensal,Indice de Preços na Construção Civil,2
01/08/1999,0.52,7456,INCC,Variação Percentual Mensal,Indice de Preços na Construção Civil,2
01/09/1999,0.83,7456,INCC,Variação Percentual Mensal,Indice de Preços na Construção Civil,2
01/10/1999,0.79,7456,INCC,Variação Percentual Mensal,Indice de Preços na Construção Civil,2
01/11/1999,1.22,7456,INCC,Variação Percentual Mensal,Indice de Preços na Construção Civil,2
01/12/1999,0.81,7456,INCC,Variação Percentual Mensal,Indice de Preços na Construção Civil,2
01/01/2000,1.15,7456,INCC,Variação Percentual Mensal,Indice de Preços na Construção Civil,2
01/02/2000,0.89,7456,INCC,Variação Percentual Mensal,Indice de Preços na Construção Civil,2
01/03/2000,0.82,7456,INCC,Variação Percentual Mensal,Indice de Preços na Construção Civil,2
01/04/2000,0.69,7456,INCC,Variação Percentual Mensal,Indice de Preços na Construção Civil,2
01/05/2000,0.57,7456,INCC,Variação Percentual Mensal,Indice de Preços na Construção Civil,2
01/06/2000,1.09,7456,INCC,Variação Percentual Mensal,Indice de Preços na Construção Civil,2
01/07/2000,0.83,7456,INCC,Variação Percentual Mensal,Indice de Preços na Construção Civil,2
01/08/2000,0.35,7456,INCC,Variação Percentual Mensal,Indice de Preços na Construção Civil,2
01/09/2000,0.30,7456,INCC,Variação Percentual Mensal,Indice de Preços na Construção Civil,2
01/10/2000,0.28,7456,INCC,Variação Percentual Mensal,Indice de Preços na Construção Civil,2
01/11/2000,0.29,7456,INCC,Variação Percentual Mensal,Indice de Preços na Construção Civil,2
01/12/2000,0.49,7456,INCC,Variação Percentual Mensal,Indice de Preços na Construção Civil,2
01/01/2001,0.40,7456,INCC,Variação Percentual Mensal,Indice de Preços na Construção Civil,2
01/02/2001,0.55,7456,INCC,Variação Percentual Mensal,Indice de Preços na Construção Civil,2
01/03/2001,0.34,7456,INCC,Variação Percentual Mensal,Indice de Preços na Construção Civil,2
01/04/2001,0.28,7456,INCC,Variação Percentual Mensal,Indice de Preços na Construção Civil,2
01/05/2001,2.00,7456,INCC,Variação Percentual Mensal,Indice de Preços na Construção Civil,2
01/06/2001,0.69,7456,INCC,Variação Percentual Mensal,Indice de Preços na Construção Civil,2
01/07/2001,1.07,7456,INCC,Variação Percentual Mensal,Indice de Preços na Construção Civil,2
01/08/2001,0.56,7456,INCC,Variação Percentual Mensal,Indice de Preços na Construção Civil,2
01/09/2001,0.59,7456,INCC,Variação Percentual Mensal,Indice de Preços na Construção Civil,2
01/10/2001,0.92,7456,INCC,Variação Percentual Mensal,Indice de Preços na Construção Civil,2
01/11/2001,0.60,7456,INCC,Variação Percentual Mensal,Indice de Preços na Construção Civil,2
01/12/2001,0.70,7456,INCC,Variação Percentual Mensal,Indice de Preços na Construção Civil,2
01/01/2002,0.40,7456,INCC,Variação Percentual Mensal,Indice de Preços na Construção Civil,2
01/02/2002,0.31,7456,INCC,Variação Percentual Mensal,Indice de Preços na Construção Civil,2
01/03/2002,0.84,7456,INCC,Variação Percentual Mensal,Indice de Preços na Construção Civil,2
01/04/2002,0.32,7456,INCC,Variação Percentual Mensal,Indice de Preços na Construção Civil,2
01/05/2002,2.47,7456,INCC,Variação Percentual Mensal,Indice de Preços na Construção Civil,2
01/06/2002,0.21,7456,INCC,Variação Percentual Mensal,Indice de Preços na Construção Civil,2
01/07/2002,0.63,7456,INCC,Variação Percentual Mensal,Indice de Preços na Construção Civil,2
01/08/2002,0.82,7456,INCC,Variação Percentual Mensal,Indice de Preços na Construção Civil,2
01/09/2002,0.68,7456,INCC,Variação Percentual Mensal,Indice de Preços na Construção Civil,2
01/10/2002,0.82,7456,INCC,Variação Percentual Mensal,Indice de Preços na Construção Civil,2
01/11/2002,2.19,7456,INCC,Variação Percentual Mensal,Indice de Preços na Construção Civil,2
01/12/2002,2.13,7456,INCC,Variação Percentual Mensal,Indice de Preços na Construção Civil,2
01/01/2003,1.45,7456,INCC,Variação Percentual Mensal,Indice de Preços na Construção Civil,2
01/02/2003,1.60,7456,INCC,Variação Percentual Mensal,Indice de Preços na Construção Civil,2
01/03/2003,1.38,7456,INCC,Variação Percentual Mensal,Indice de Preços na Construção Civil,2
01/04/2003,0.81,7456,INCC,Variação Percentual Mensal,Indice de Preços na Construção Civil,2
01/05/2003,2.98,7456,INCC,Variação Percentual Mensal,Indice de Preços na Construção Civil,2
01/06/2003,0.74,7456,INCC,Variação Percentual Mensal,Indice de Preços na Construção Civil,2
01/07/2003,0.59,7456,INCC,Variação Percentual Mensal,Indice de Preços na Construção Civil,2
01/08/2003,2.20,7456,INCC,Variação Percentual Mensal,Indice de Preços na Construção Civil,2
01/09/2003,0.24,7456,INCC,Variação Percentual Mensal,Indice de Preços na Construção Civil,2
01/10/2003,0.47,7456,INCC,Variação Percentual Mensal,Indice de Preços na Construção Civil,2
01/11/2003,0.42,7456,INCC,Variação Percentual Mensal,Indice de Preços na Construção Civil,2
01/12/2003,0.99,7456,INCC,Variação Percentual Mensal,Indice de Preços na Construção Civil,2
01/01/2004,0.28,7456,INCC,Variação Percentual Mensal,Indice de Preços na Construção Civil,2
01/02/2004,0.48,7456,INCC,Variação Percentual Mensal,Indice de Preços na Construção Civil,2
01/03/2004,1.59,7456,INCC,Variação Percentual Mensal,Indice de Preços na Construção Civil,2
01/04/2004,0.60,7456,INCC,Variação Percentual Mensal,Indice de Preços na Construção Civil,2
01/05/2004,1.74,7456,INCC,Variação Percentual Mensal,Indice de Preços na Construção Civil,2
01/06/2004,0.56,7456,INCC,Variação Percentual Mensal,Indice de Preços na Construção Civil,2
01/07/2004,1.12,7456,INCC,Variação Percentual Mensal,Indice de Preços na Construção Civil,2
01/08/2004,0.90,7456,INCC,Variação Percentual Mensal,Indice de Preços na Construção Civil,2
01/09/2004,0.67,7456,INCC,Variação Percentual Mensal,Indice de Preços na Construção Civil,2
01/10/2004,0.95,7456,INCC,Variação Percentual Mensal,Indice de Preços na Construção Civil,2
01/11/2004,0.94,7456,INCC,Variação Percentual Mensal,Indice de Preços na Construção Civil,2
01/12/2004,0.61,7456,INCC,Variação Percentual Mensal,Indice de Preços na Construção Civil,2
01/01/2005,0.70,7456,INCC,Variação Percentual Mensal,Indice de Preços na Construção Civil,2
01/02/2005,0.42,7456,INCC,Variação Percentual Mensal,Indice de Preços na Construção Civil,2
01/03/2005,0.71,7456,INCC,Variação Percentual Mensal,Indice de Preços na Construção Civil,2
01/04/2005,0.38,7456,INCC,Variação Percentual Mensal,Indice de Preços na Construção Civil,2
01/05/2005,0.54,7456,INCC,Variação Percentual Mensal,Indice de Preços na Construção Civil,2
01/06/2005,2.20,7456,INCC,Variação Percentual Mensal,Indice de Preços na Construção Civil,2
01/07/2005,0.65,7456,INCC,Variação Percentual Mensal,Indice de Preços na Construção Civil,2
01/08/2005,0.05,7456,INCC,Variação Percentual Mensal,Indice de Preços na Construção Civil,2
01/09/2005,0.06,7456,INCC,Variação Percentual Mensal,Indice de Preços na Construção Civil,2
01/10/2005,0.28,7456,INCC,Variação Percentual Mensal,Indice de Preços na Construção Civil,2
01/11/2005,0.29,7456,INCC,Variação Percentual Mensal,Indice de Preços na Construção Civil,2
01/12/2005,0.38,7456,INCC,Variação Percentual Mensal,Indice de Preços na Construção Civil,2
01/01/2006,0.24,7456,INCC,Variação Percentual Mensal,Indice de Preços na Construção Civil,2
01/02/2006,0.28,7456,INCC,Variação Percentual Mensal,Indice de Preços na Construção Civil,2
01/03/2006,0.23,7456,INCC,Variação Percentual Mensal,Indice de Preços na Construção Civil,2
01/04/2006,0.21,7456,INCC,Variação Percentual Mensal,Indice de Preços na Construção Civil,2
01/05/2006,0.81,7456,INCC,Variação Percentual Mensal,Indice de Preços na Construção Civil,2
01/06/2006,1.45,7456,INCC,Variação Percentual Mensal,Indice de Preços na Construção Civil,2
01/07/2006,0.57,7456,INCC,Variação Percentual Mensal,Indice de Preços na Construção Civil,2
01/08/2006,0.35,7456,INCC,Variação Percentual Mensal,Indice de Preços na Construção Civil,2
01/09/2006,0.09,7456,INCC,Variação Percentual Mensal,Indice de Preços na Construção Civil,2
01/10/2006,0.18,7456,INCC,Variação Percentual Mensal,Indice de Preços na Construção Civil,2
01/11/2006,0.23,7456,INCC,Variação Percentual Mensal,Indice de Preços na Construção Civil,2
01/12/2006,0.30,7456,INCC,Variação Percentual Mensal,Indice de Preços na Construção Civil,2
01/01/2007,0.45,7456,INCC,Variação Percentual Mensal,Indice de Preços na Construção Civil,2
01/02/2007,0.26,7456,INCC,Variação Percentual Mensal,Indice de Preços na Construção Civil,2
01/03/2007,0.17,7456,INCC,Variação Percentual Mensal,Indice de Preços na Construção Civil,2
01/04/2007,0.43,7456,INCC,Variação Percentual Mensal,Indice de Preços na Construção Civil,2
01/05/2007,0.55,7456,INCC,Variação Percentual Mensal,Indice de Preços na Construção Civil,2
01/06/2007,1.67,7456,INCC,Variação Percentual Mensal,Indice de Preços na Construção Civil,2
01/07/2007,0.21,7456,INCC,Variação Percentual Mensal,Indice de Preços na Construção Civil,2
01/08/2007,0.35,7456,INCC,Variação Percentual Mensal,Indice de Preços na Construção Civil,2
01/09/2007,0.39,7456,INCC,Variação Percentual Mensal,Indice de Preços na Construção Civil,2
01/10/2007,0.49,7456,INCC,Variação Percentual Mensal,Indice de Preços na Construção Civil,2
01/11/2007,0.48,7456,INCC,Variação Percentual Mensal,Indice de Preços na Construção Civil,2
01/12/2007,0.43,7456,INCC,Variação Percentual Mensal,Indice de Preços na Construção Civil,2
01/01/2008,0.41,7456,INCC,Variação Percentual Mensal,Indice de Preços na Construção Civil,2
01/02/2008,0.43,7456,INCC,Variação Percentual Mensal,Indice de Preços na Construção Civil,2
01/03/2008,0.59,7456,INCC,Variação Percentual Mensal,Indice de Preços na Construção Civil,2
01/04/2008,0.82,7456,INCC,Variação Percentual Mensal,Indice de Preços na Construção Civil,2
01/05/2008,1.10,7456,INCC,Variação Percentual Mensal,Indice de Preços na Construção Civil,2
01/06/2008,2.67,7456,INCC,Variação Percentual Mensal,Indice de Preços na Construção Civil,2
01/07/2008,1.42,7456,INCC,Variação Percentual Mensal,Indice de Preços na Construção Civil,2
01/08/2008,1.27,7456,INCC,Variação Percentual Mensal,Indice de Preços na Construção Civil,2
01/09/2008,0.95,7456,INCC,Variação Percentual Mensal,Indice de Preços na Construção Civil,2
01/10/2008,0.85,7456,INCC,Variação Percentual Mensal,Indice de Preços na Construção Civil,2
01/11/2008,0.65,7456,INCC,Variação Percentual Mensal,Indice de Preços na Construção Civil,2
01/12/2008,0.22,7456,INCC,Variação Percentual Mensal,Indice de Preços na Construção Civil,2
01/01/2009,0.26,7456,INCC,Variação Percentual Mensal,Indice de Preços na Construção Civil,2
01/02/2009,0.35,7456,INCC,Variação Percentual Mensal,Indice de Preços na Construção Civil,2
01/03/2009,-0.17,7456,INCC,Variação Percentual Mensal,Indice de Preços na Construção Civil,2
01/04/2009,-0.01,7456,INCC,Variação Percentual Mensal,Indice de Preços na Construção Civil,2
01/05/2009,0.25,7456,INCC,Variação Percentual Mensal,Indice de Preços na Construção Civil,2
01/06/2009,1.53,7456,INCC,Variação Percentual Mensal,Indice de Preços na Construção Civil,2
01/07/2009,0.37,7456,INCC,Variação Percentual Mensal,Indice de Preços na Construção Civil,2
01/08/2009,0.01,7456,INCC,Variação Percentual Mensal,Indice de Preços na Construção Civil,2
01/09/2009,0.07,7456,INCC,Variação Percentual Mensal,Indice de Preços na Construção Civil,2
01/10/2009,0.13,7456,INCC,Variação Percentual Mensal,Indice de Preços na Construção Civil,2
01/11/2009,0.18,7456,INCC,Variação Percentual Mensal,Indice de Preços na Construção Civil,2
01/12/2009,0.20,7456,INCC,Variação Percentual Mensal,Indice de Preços na Construção Civil,2
01/01/2010,0.52,7456,INCC,Variação Percentual Mensal,Indice de Preços na Construção Civil,2
01/02/2010,0.35,7456,INCC,Variação Percentual Mensal,Indice de Preços na Construção Civil,2
01/03/2010,0.45,7456,INCC,Variação Percentual Mensal,Indice de Preços na Construção Civil,2
01/04/2010,1.17,7456,INCC,Variação Percentual Mensal,Indice de Preços na Construção Civil,2
01/05/2010,0.93,7456,INCC,Variação Percentual Mensal,Indice de Preços na Construção Civil,2
01/06/2010,1.77,7456,INCC,Variação Percentual Mensal,Indice de Preços na Construção Civil,2
01/07/2010,0.62,7456,INCC,Variação Percentual Mensal,Indice de Preços na Construção Civil,2
01/08/2010,0.22,7456,INCC,Variação Percentual Mensal,Indice de Preços na Construção Civil,2
01/09/2010,0.20,7456,INCC,Variação Percentual Mensal,Indice de Preços na Construção Civil,2
01/10/2010,0.15,7456,INCC,Variação Percentual Mensal,Indice de Preços na Construção Civil,2
01/11/2010,0.36,7456,INCC,Variação Percentual Mensal,Indice de Preços na Construção Civil,2
01/12/2010,0.59,7456,INCC,Variação Percentual Mensal,Indice de Preços na Construção Civil,2
01/01/2011,0.37,7456,INCC,Variação Percentual Mensal,Indice de Preços na Construção Civil,2
01/02/2011,0.39,7456,INCC,Variação Percentual Mensal,Indice de Preços na Construção Civil,2
01/03/2011,0.44,7456,INCC,Variação Percentual Mensal,Indice de Preços na Construção Civil,2
01/04/2011,0.75,7456,INCC,Variação Percentual Mensal,Indice de Preços na Construção Civil,2
01/05/2011,2.03,7456,INCC,Variação Percentual Mensal,Indice de Preços na Construção Civil,2
01/06/2011,1.43,7456,INCC,Variação Percentual Mensal,Indice de Preços na Construção Civil,2
01/07/2011,0.59,7456,INCC,Variação Percentual Mensal,Indice de Preços na Construção Civil,2
01/08/2011,0.16,7456,INCC,Variação Percentual Mensal,Indice de Preços na Construção Civil,2
01/09/2011,0.14,7456,INCC,Variação Percentual Mensal,Indice de Preços na Construção Civil,2
01/10/2011,0.20,7456,INCC,Variação Percentual Mensal,Indice de Preços na Construção Civil,2
01/11/2011,0.50,7456,INCC,Variação Percentual Mensal,Indice de Preços na Construção Civil,2
01/12/2011,0.35,7456,INCC,Variação Percentual Mensal,Indice de Preços na Construção Civil,2
01/01/2012,0.67,7456,INCC,Variação Percentual Mensal,Indice de Preços na Construção Civil,2
01/02/2012,0.42,7456,INCC,Variação Percentual Mensal,Indice de Preços na Construção Civil,2
01/03/2012,0.37,7456,INCC,Variação Percentual Mensal,Indice de Preços na Construção Civil,2
01/04/2012,0.83,7456,INCC,Variação Percentual Mensal,Indice de Preços na Construção Civil,2
01/05/2012,1.30,7456,INCC,Variação Percentual Mensal,Indice de Preços na Construção Civil,2
01/06/2012,1.31,7456,INCC,Variação Percentual Mensal,Indice de Preços na Construção Civil,2
01/07/2012,0.85,7456,INCC,Variação Percentual Mensal,Indice de Preços na Construção Civil,2
01/08/2012,0.32,7456,INCC,Variação Percentual Mensal,Indice de Preços na Construção Civil,2
01/09/2012,0.21,7456,INCC,Variação Percentual Mensal,Indice de Preços na Construção Civil,2
01/10/2012,0.24,7456,INCC,Variação Percentual Mensal,Indice de Preços na Construção Civil,2
01/11/2012,0.23,7456,INCC,Variação Percentual Mensal,Indice de Preços na Construção Civil,2
01/12/2012,0.29,7456,INCC,Variação Percentual Mensal,Indice de Preços na Construção Civil,2
01/01/2013,0.39,7456,INCC,Variação Percentual Mensal,Indice de Preços na Construção Civil,2
01/02/2013,0.80,7456,INCC,Variação Percentual Mensal,Indice de Preços na Construção Civil,2
01/03/2013,0.28,7456,INCC,Variação Percentual Mensal,Indice de Preços na Construção Civil,2
01/04/2013,0.84,7456,INCC,Variação Percentual Mensal,Indice de Preços na Construção Civil,2
01/05/2013,1.24,7456,INCC,Variação Percentual Mensal,Indice de Preços na Construção Civil,2
01/06/2013,1.96,7456,INCC,Variação Percentual Mensal,Indice de Preços na Construção Civil,2
01/07/2013,0.73,7456,INCC,Variação Percentual Mensal,Indice de Preços na Construção Civil,2
01/08/2013,0.31,7456,INCC,Variação Percentual Mensal,Indice de Preços na Construção Civil,2
01/09/2013,0.43,7456,INCC,Variação Percentual Mensal,Indice de Preços na Construção Civil,2
01/10/2013,0.33,7456,INCC,Variação Percentual Mensal,Indice de Preços na Construção Civil,2
01/11/2013,0.27,7456,INCC,Variação Percentual Mensal,Indice de Preços na Construção Civil,2
01/12/2013,0.22,7456,INCC,Variação Percentual Mensal,Indice de Preços na Construção Civil,2
01/01/2014,0.70,7456,INCC,Variação Percentual Mensal,Indice de Preços na Construção Civil,2
01/02/2014,0.44,7456,INCC,Variação Percentual Mensal,Indice de Preços na Construção Civil,2
01/03/2014,0.22,7456,INCC,Variação Percentual Mensal,Indice de Preços na Construção Civil,2
01/04/2014,0.67,7456,INCC,Variação Percentual Mensal,Indice de Preços na Construção Civil,2
01/05/2014,1.37,7456,INCC,Variação Percentual Mensal,Indice de Preços na Construção Civil,2
01/06/2014,1.25,7456,INCC,Variação Percentual Mensal,Indice de Preços na Construção Civil,2
01/07/2014,0.80,7456,INCC,Variação Percentual Mensal,Indice de Preços na Construção Civil,2
01/08/2014,0.19,7456,INCC,Variação Percentual Mensal,Indice de Preços na Construção Civil,2
01/09/2014,0.16,7456,INCC,Variação Percentual Mensal,Indice de Preços na Construção Civil,2
01/10/2014,0.20,7456,INCC,Variação Percentual Mensal,Indice de Preços na Construção Civil,2
01/11/2014,0.30,7456,INCC,Variação Percentual Mensal,Indice de Preços na Construção Civil,2
01/12/2014,0.25,7456,INCC,Variação Percentual Mensal,Indice de Preços na Construção Civil,2
01/01/2015,0.70,7456,INCC,Variação Percentual Mensal,Indice de Preços na Construção Civil,2
01/02/2015,0.50,7456,INCC,Variação Percentual Mensal,Indice de Preços na Construção Civil,2
01/03/2015,0.36,7456,INCC,Variação Percentual Mensal,Indice de Preços na Construção Civil,2
01/04/2015,0.65,7456,INCC,Variação Percentual Mensal,Indice de Preços na Construção Civil,2
01/05/2015,0.45,7456,INCC,Variação Percentual Mensal,Indice de Preços na Construção Civil,2
01/06/2015,1.87,7456,INCC,Variação Percentual Mensal,Indice de Preços na Construção Civil,2
01/07/2015,0.66,7456,INCC,Variação Percentual Mensal,Indice de Preços na Construção Civil,2
01/08/2015,0.80,7456,INCC,Variação Percentual Mensal,Indice de Preços na Construção Civil,2
01/09/2015,0.22,7456,INCC,Variação Percentual Mensal,Indice de Preços na Construção Civil,2
01/10/2015,0.27,7456,INCC,Variação Percentual Mensal,Indice de Preços na Construção Civil,2
01/11/2015,0.40,7456,INCC,Variação Percentual Mensal,Indice de Preços na Construção Civil,2
01/12/2015,0.12,7456,INCC,Variação Percentual Mensal,Indice de Preços na Construção Civil,2
01/01/2016,0.32,7456,INCC,Variação Percentual Mensal,Indice de Preços na Construção Civil,2
01/02/2016,0.52,7456,INCC,Variação Percentual Mensal,Indice de Preços na Construção Civil,2
01/03/2016,0.79,7456,INCC,Variação Percentual Mensal,Indice de Preços na Construção Civil,2
01/04/2016,0.41,7456,INCC,Variação Percentual Mensal,Indice de Preços na Construção Civil,2
01/05/2016,0.19,7456,INCC,Variação Percentual Mensal,Indice de Preços na Construção Civil,2
01/06/2016,1.52,7456,INCC,Variação Percentual Mensal,Indice de Preços na Construção Civil,2
01/07/2016,1.09,7456,INCC,Variação Percentual Mensal,Indice de Preços na Construção Civil,2
01/08/2016,0.26,7456,INCC,Variação Percentual Mensal,Indice de Preços na Construção Civil,2
01/09/2016,0.37,7456,INCC,Variação Percentual Mensal,Indice de Preços na Construção Civil,2
01/10/2016,0.17,7456,INCC,Variação Percentual Mensal,Indice de Preços na Construção Civil,2
01/11/2016,0.17,7456,INCC,Variação Percentual Mensal,Indice de Preços na Construção Civil,2
01/12/2016,0.36,7456,INCC,Variação Percentual Mensal,Indice de Preços na Construção Civil,2
01/01/2017,0.29,7456,INCC,Variação Percentual Mensal,Indice de Preços na Construção Civil,2
01/02/2017,0.53,7456,INCC,Variação Percentual Mensal,Indice de Preços na Construção Civil,2
01/03/2017,0.36,7456,INCC,Variação Percentual Mensal,Indice de Preços na Construção Civil,2
01/04/2017,-0.08,7456,INCC,Variação Percentual Mensal,Indice de Preços na Construção Civil,2
01/05/2017,0.13,7456,INCC,Variação Percentual Mensal,Indice de Preços na Construção Civil,2
01/06/2017,1.36,7456,INCC,Variação Percentual Mensal,Indice de Preços na Construção Civil,2
01/07/2017,0.22,7456,INCC,Variação Percentual Mensal,Indice de Preços na Construção Civil,2
01/08/2017,0.40,7456,INCC,Variação Percentual Mensal,Indice de Preços na Construção Civil,2
01/09/2017,0.14,7456,INCC,Variação Percentual Mensal,Indice de Preços na Construção Civil,2
01/10/2017,0.19,7456,INCC,Variação Percentual Mensal,Indice de Preços na Construção Civil,2
01/11/2017,0.28,7456,INCC,Variação Percentual Mensal,Indice de Preços na Construção Civil,2
01/12/2017,0.14,7456,INCC,Variação Percentual Mensal,Indice de Preços na Construção Civil,2
01/01/2018,0.28,7456,INCC,Variação Percentual Mensal,Indice de Preços na Construção Civil,2
01/02/2018,0.14,7456,INCC,Variação Percentual Mensal,Indice de Preços na Construção Civil,2
01/03/2018,0.23,7456,INCC,Variação Percentual Mensal,Indice de Preços na Construção Civil,2
01/04/2018,0.28,7456,INCC,Variação Percentual Mensal,Indice de Preços na Construção Civil,2
01/05/2018,0.30,7456,INCC,Variação Percentual Mensal,Indice de Preços na Construção Civil,2
01/06/2018,0.76,7456,INCC,Variação Percentual Mensal,Indice de Preços na Construção Civil,2
01/07/2018,0.72,7456,INCC,Variação Percentual Mensal,Indice de Preços na Construção Civil,2
01/08/2018,0.30,7456,INCC,Variação Percentual Mensal,Indice de Preços na Construção Civil,2
01/09/2018,0.17,7456,INCC,Variação Percentual Mensal,Indice de Preços na Construção Civil,2
01/10/2018,0.33,7456,INCC,Variação Percentual Mensal,Indice de Preços na Construção Civil,2
01/11/2018,0.26,7456,INCC,Variação Percentual Mensal,Indice de Preços na Construção Civil,2
01/12/2018,0.13,7456,INCC,Variação Percentual Mensal,Indice de Preços na Construção Civil,2
01/01/2019,0.40,7456,INCC,Variação Percentual Mensal,Indice de Preços na Construção Civil,2
01/02/2019,0.19,7456,INCC,Variação Percentual Mensal,Indice de Preços na Construção Civil,2
01/03/2019,0.19,7456,INCC,Variação Percentual Mensal,Indice de Preços na Construção Civil,2
01/04/2019,0.49,7456,INCC,Variação Percentual Mensal,Indice de Preços na Construção Civil,2
01/05/2019,0.09,7456,INCC,Variação Percentual Mensal,Indice de Preços na Construção Civil,2
01/06/2019,0.44,7456,INCC,Variação Percentual Mensal,Indice de Preços na Construção Civil,2
01/07/2019,0.91,7456,INCC,Variação Percentual Mensal,Indice de Preços na Construção Civil,2
01/08/2019,0.34,7456,INCC,Variação Percentual Mensal,Indice de Preços na Construção Civil,2
01/09/2019,0.60,7456,INCC,Variação Percentual Mensal,Indice de Preços na Construção Civil,2
01/10/2019,0.12,7456,INCC,Variação Percentual Mensal,Indice de Preços na Construção Civil,2
01/11/2019,0.15,7456,INCC,Variação Percentual Mensal,Indice de Preços na Construção Civil,2
01/12/2019,0.14,7456,INCC,Variação Percentual Mensal,Indice de Preços na Construção Civil,2
01/01/2020,0.26,7456,INCC,Variação Percentual Mensal,Indice de Preços na Construção Civil,2
01/02/2020,0.35,7456,INCC,Variação Percentual Mensal,Indice de Preços na Construção Civil,2
01/03/2020,0.38,7456,INCC,Variação Percentual Mensal,Indice de Preços na Construção Civil,2
01/04/2020,0.18,7456,INCC,Variação Percentual Mensal,Indice de Preços na Construção Civil,2
01/05/2020,0.21,7456,INCC,Variação Percentual Mensal,Indice de Preços na Construção Civil,2
01/06/2020,0.32,7456,INCC,Variação Percentual Mensal,Indice de Preços na Construção Civil,2
01/07/2020,0.84,7456,INCC,Variação Percentual Mensal,Indice de Preços na Construção Civil,2
01/08/2020,0.82,7456,INCC,Variação Percentual Mensal,Indice de Preços na Construção Civil,2
01/09/2020,1.15,7456,INCC,Variação Percentual Mensal,Indice de Preços na Construção Civil,2
01/10/2020,1.69,7456,INCC,Variação Percentual Mensal,Indice de Preços na Construção Civil,2
01/11/2020,1.29,7456,INCC,Variação Percentual Mensal,Indice de Preços na Construção Civil,2
01/12/2020,0.88,7456,INCC,Variação Percentual Mensal,Indice de Preços na Construção Civil,2
01/01/2021,0.93,7456,INCC,Variação Percentual Mensal,Indice de Preços na Construção Civil,2
01/02/2021,1.07,7456,INCC,Variação Percentual Mensal,Indice de Preços na Construção Civil,2
01/03/2021,2.00,7456,INCC,Variação Percentual Mensal,Indice de Preços na Construção Civil,2
01/04/2021,0.95,7456,INCC,Variação Percentual Mensal,Indice de Preços na Construção Civil,2
01/05/2021,1.80,7456,INCC,Variação Percentual Mensal,Indice de Preços na Construção Civil,2
01/06/2021,2.30,7456,INCC,Variação Percentual Mensal,Indice de Preços na Construção Civil,2
01/07/2021,1.24,7456,INCC,Variação Percentual Mensal,Indice de Preços na Construção Civil,2
01/08/2021,0.56,7456,INCC,Variação Percentual Mensal,Indice de Preços na Construção Civil,2
01/09/2021,0.56,7456,INCC,Variação Percentual Mensal,Indice de Preços na Construção Civil,2
01/10/2021,0.80,7456,INCC,Variação Percentual Mensal,Indice de Preços na Construção Civil,2
01/11/2021,0.71,7456,INCC,Variação Percentual Mensal,Indice de Preços na Construção Civil,2
01/12/2021,0.30,7456,INCC,Variação Percentual Mensal,Indice de Preços na Construção Civil,2
01/01/2022,0.64,7456,INCC,Variação Percentual Mensal,Indice de Preços na Construção Civil,2
01/02/2022,0.48,7456,INCC,Variação Percentual Mensal,Indice de Preços na Construção Civil,2
01/03/2022,0.73,7456,INCC,Variação Percentual Mensal,Indice de Preços na Construção Civil,2
01/04/2022,0.87,7456,INCC,Variação Percentual Mensal,Indice de Preços na Construção Civil,2
01/05/2022,1.49,7456,INCC,Variação Percentual Mensal,Indice de Preços na Construção Civil,2
01/06/2022,2.81,7456,INCC,Variação Percentual Mensal,Indice de Preços na Construção Civil,2
01/07/2022,1.16,7456,INCC,Variação Percentual Mensal,Indice de Preços na Construção Civil,2
01/08/2022,0.33,7456,INCC,Variação Percentual Mensal,Indice de Preços na Construção Civil,2
01/09/2022,0.10,7456,INCC,Variação Percentual Mensal,Indice de Preços na Construção Civil,2
01/10/2022,0.04,7456,INCC,Variação Percentual Mensal,Indice de Preços na Construção Civil,2
01/11/2022,0.14,7456,INCC,Variação Percentual Mensal,Indice de Preços na Construção Civil,2
01/12/2022,0.27,7456,INCC,Variação Percentual Mensal,Indice de Preços na Construção Civil,2
01/01/2023,0.32,7456,INCC,Variação Percentual Mensal,Indice de Preços na Construção Civil,2
01/02/2023,0.21,7456,INCC,Variação Percentual Mensal,Indice de Preços na Construção Civil,2
01/03/2023,0.18,7456,INCC,Variação Percentual Mensal,Indice de Preços na Construção Civil,2
01/04/2023,0.23,7456,INCC,Variação Percentual Mensal,Indice de Preços na Construção Civil,2
01/05/2023,0.40,7456,INCC,Variação Percentual Mensal,Indice de Preços na Construção Civil,2
01/06/2023,0.85,7456,INCC,Variação Percentual Mensal,Indice de Preços na Construção Civil,2
01/07/2023,0.06,7456,INCC,Variação Percentual Mensal,Indice de Preços na Construção Civil,2
01/08/2023,0.24,7456,INCC,Variação Percentual Mensal,Indice de Preços na Construção Civil,2
01/09/2023,0.24,7456,INCC,Variação Percentual Mensal,Indice de Preços na Construção Civil,2
01/10/2023,0.20,7456,INCC,Variação Percentual Mensal,Indice de Preços na Construção Civil,2
01/11/2023,0.10,7456,INCC,Variação Percentual Mensal,Indice de Preços na Construção Civil,2
01/12/2023,0.26,7456,INCC,Variação Percentual Mensal,Indice de Preços na Construção Civil,2
01/01/2024,0.23,7456,INCC,Variação Percentual Mensal,Indice de Preços na Construção Civil,2
01/02/2024,0.20,7456,INCC,Variação Percentual Mensal,Indice de Preços na Construção Civil,2
01/03/2024,0.24,7456,INCC,Variação Percentual Mensal,Indice de Preços na Construção Civil,2
01/04/2024,0.41,7456,INCC,Variação Percentual Mensal,Indice de Preços na Construção Civil,2
01/05/2024,0.59,7456,INCC,Variação Percentual Mensal,Indice de Preços na Construção Civil,2
01/06/2024,0.93,7456,INCC,Variação Percentual Mensal,Indice de Preços na Construção Civil,2
01/07/2024,0.69,7456,INCC,Variação Percentual Mensal,Indice de Preços na Construção Civil,2
01/08/2024,0.64,7456,INCC,Variação Percentual Mensal,Indice de Preços na Construção Civil,2
01/09/2024,0.61,7456,INCC,Variação Percentual Mensal,Indice de Preços na Construção Civil,2
01/10/2024,0.67,7456,INCC,Variação Percentual Mensal,Indice de Preços na Construção Civil,2
01/11/2024,0.44,7456,INCC,Variação Percentual Mensal,Indice de Preços na Construção Civil,2
01/12/2024,0.51,7456,INCC,Variação Percentual Mensal,Indice de Preços na Construção Civil,2
01/01/2025,0.71,7456,INCC,Variação Percentual Mensal,Indice de Preços na Construção Civil,2
01/02/2025,0.51,7456,INCC,Variação Percentual Mensal,Indice de Preços na Construção Civil,2
01/03/2025,0.38,7456,INCC,Variação Percentual Mensal,Indice de Preços na Construção Civil,2
01/04/2025,0.59,7456,INCC,Variação Percentual Mensal,Indice de Preços na Construção Civil,2
01/05/2025,0.26,7456,INCC,Variação Percentual Mensal,Indice de Preços na Construção Civil,2
01/06/2025,0.96,7456,INCC,Variação Percentual Mensal,Indice de Preços na Construção Civil,2
01/07/2025,0.91,7456,INCC,Variação Percentual Mensal,Indice de Preços na Construção Civil,2
01/08/2025,0.70,7456,INCC,Variação Percentual Mensal,Indice de Preços na Construção Civil,2
01/09/2025,0.21,7456,INCC,Variação Percentual Mensal,Indice de Preços na Construção Civil,2
01/10/2025,0.21,7456,INCC,Variação Percentual Mensal,Indice de Preços na Construção Civil,2
01/11/2025,0.28,7456,INCC,Variação Percentual Mensal,Indice de Preços na Construção Civil,2
01/12/2025,0.21,7456,INCC,Variação Percentual Mensal,Indice de Preços na Construção Civil,2
01/01/2026,0.63,7456,INCC,Variação Percentual Mensal,Indice de Preços na Construção Civil,2
01/02/2026,0.34,7456,INCC,Variação Percentual Mensal,Indice de Preços na Construção Civil,2
01/03/2026,0.36,7456,INCC,Variação Percentual Mensal,Indice de Preços na Construção Civil,2
01/04/2026,1.04,7456,INCC,Variação Percentual Mensal,Indice de Preços na Construção Civil,2
01/07/1994,1.43,7169,INPC,Variação Percentual Mensal,Indice de preços para o consumidor baixa Renda. Itens de Alimentação,2
01/08/1994,1.34,7169,INPC,Variação Percentual Mensal,Indice de preços para o consumidor baixa Renda. Itens de Alimentação,2
01/09/1994,1.21,7169,INPC,Variação Percentual Mensal,Indice de preços para o consumidor baixa Renda. Itens de Alimentação,2
01/10/1994,1.07,7169,INPC,Variação Percentual Mensal,Indice de preços para o consumidor baixa Renda. Itens de Alimentação,2
01/11/1994,1.12,7169,INPC,Variação Percentual Mensal,Indice de preços para o consumidor baixa Renda. Itens de Alimentação,2
01/12/1994,1.25,7169,INPC,Variação Percentual Mensal,Indice de preços para o consumidor baixa Renda. Itens de Alimentação,2
01/01/1995,1.28,7169,INPC,Variação Percentual Mensal,Indice de preços para o consumidor baixa Renda. Itens de Alimentação,2
01/02/1995,1.28,7169,INPC,Variação Percentual Mensal,Indice de preços para o consumidor baixa Renda. Itens de Alimentação,2
01/03/1995,1.25,7169,INPC,Variação Percentual Mensal,Indice de preços para o consumidor baixa Renda. Itens de Alimentação,2
01/04/1995,1.27,7169,INPC,Variação Percentual Mensal,Indice de preços para o consumidor baixa Renda. Itens de Alimentação,2
01/05/1995,1.27,7169,INPC,Variação Percentual Mensal,Indice de preços para o consumidor baixa Renda. Itens de Alimentação,2
01/06/1995,1.38,7169,INPC,Variação Percentual Mensal,Indice de preços para o consumidor baixa Renda. Itens de Alimentação,2
01/07/1995,1.25,7169,INPC,Variação Percentual Mensal,Indice de preços para o consumidor baixa Renda. Itens de Alimentação,2
01/08/1995,1.41,7169,INPC,Variação Percentual Mensal,Indice de preços para o consumidor baixa Renda. Itens de Alimentação,2
01/09/1995,1.61,7169,INPC,Variação Percentual Mensal,Indice de preços para o consumidor baixa Renda. Itens de Alimentação,2
01/10/1995,1.73,7169,INPC,Variação Percentual Mensal,Indice de preços para o consumidor baixa Renda. Itens de Alimentação,2
01/11/1995,1.74,7169,INPC,Variação Percentual Mensal,Indice de preços para o consumidor baixa Renda. Itens de Alimentação,2
01/12/1995,1.69,7169,INPC,Variação Percentual Mensal,Indice de preços para o consumidor baixa Renda. Itens de Alimentação,2
01/01/1996,1.09,7169,INPC,Variação Percentual Mensal,Indice de preços para o consumidor baixa Renda. Itens de Alimentação,2
01/02/1996,1.26,7169,INPC,Variação Percentual Mensal,Indice de preços para o consumidor baixa Renda. Itens de Alimentação,2
01/03/1996,1.21,7169,INPC,Variação Percentual Mensal,Indice de preços para o consumidor baixa Renda. Itens de Alimentação,2
01/04/1996,1.29,7169,INPC,Variação Percentual Mensal,Indice de preços para o consumidor baixa Renda. Itens de Alimentação,2
01/05/1996,1.40,7169,INPC,Variação Percentual Mensal,Indice de preços para o consumidor baixa Renda. Itens de Alimentação,2
01/06/1996,1.42,7169,INPC,Variação Percentual Mensal,Indice de preços para o consumidor baixa Renda. Itens de Alimentação,2
01/07/1996,1.28,7169,INPC,Variação Percentual Mensal,Indice de preços para o consumidor baixa Renda. Itens de Alimentação,2
01/08/1996,1.07,7169,INPC,Variação Percentual Mensal,Indice de preços para o consumidor baixa Renda. Itens de Alimentação,2
01/09/1996,0.96,7169,INPC,Variação Percentual Mensal,Indice de preços para o consumidor baixa Renda. Itens de Alimentação,2
01/10/1996,1.01,7169,INPC,Variação Percentual Mensal,Indice de preços para o consumidor baixa Renda. Itens de Alimentação,2
01/11/1996,1.07,7169,INPC,Variação Percentual Mensal,Indice de preços para o consumidor baixa Renda. Itens de Alimentação,2
01/12/1996,1.20,7169,INPC,Variação Percentual Mensal,Indice de preços para o consumidor baixa Renda. Itens de Alimentação,2
01/01/1997,1.65,7169,INPC,Variação Percentual Mensal,Indice de preços para o consumidor baixa Renda. Itens de Alimentação,2
01/02/1997,1.50,7169,INPC,Variação Percentual Mensal,Indice de preços para o consumidor baixa Renda. Itens de Alimentação,2
01/03/1997,1.52,7169,INPC,Variação Percentual Mensal,Indice de preços para o consumidor baixa Renda. Itens de Alimentação,2
01/04/1997,1.44,7169,INPC,Variação Percentual Mensal,Indice de preços para o consumidor baixa Renda. Itens de Alimentação,2
01/05/1997,1.32,7169,INPC,Variação Percentual Mensal,Indice de preços para o consumidor baixa Renda. Itens de Alimentação,2
01/06/1997,1.32,7169,INPC,Variação Percentual Mensal,Indice de preços para o consumidor baixa Renda. Itens de Alimentação,2
01/07/1997,1.47,7169,INPC,Variação Percentual Mensal,Indice de preços para o consumidor baixa Renda. Itens de Alimentação,2
01/08/1997,1.57,7169,INPC,Variação Percentual Mensal,Indice de preços para o consumidor baixa Renda. Itens de Alimentação,2
01/09/1997,1.54,7169,INPC,Variação Percentual Mensal,Indice de preços para o consumidor baixa Renda. Itens de Alimentação,2
01/10/1997,1.44,7169,INPC,Variação Percentual Mensal,Indice de preços para o consumidor baixa Renda. Itens de Alimentação,2
01/11/1997,1.34,7169,INPC,Variação Percentual Mensal,Indice de preços para o consumidor baixa Renda. Itens de Alimentação,2
01/12/1997,1.22,7169,INPC,Variação Percentual Mensal,Indice de preços para o consumidor baixa Renda. Itens de Alimentação,2
01/01/1998,1.49,7169,INPC,Variação Percentual Mensal,Indice de preços para o consumidor baixa Renda. Itens de Alimentação,2
01/02/1998,1.80,7169,INPC,Variação Percentual Mensal,Indice de preços para o consumidor baixa Renda. Itens de Alimentação,2
01/03/1998,2.07,7169,INPC,Variação Percentual Mensal,Indice de preços para o consumidor baixa Renda. Itens de Alimentação,2
01/04/1998,2.37,7169,INPC,Variação Percentual Mensal,Indice de preços para o consumidor baixa Renda. Itens de Alimentação,2
01/05/1998,2.57,7169,INPC,Variação Percentual Mensal,Indice de preços para o consumidor baixa Renda. Itens de Alimentação,2
01/06/1998,2.87,7169,INPC,Variação Percentual Mensal,Indice de preços para o consumidor baixa Renda. Itens de Alimentação,2
01/07/1998,3.13,7169,INPC,Variação Percentual Mensal,Indice de preços para o consumidor baixa Renda. Itens de Alimentação,2
01/08/1998,3.42,7169,INPC,Variação Percentual Mensal,Indice de preços para o consumidor baixa Renda. Itens de Alimentação,2
01/09/1998,3.87,7169,INPC,Variação Percentual Mensal,Indice de preços para o consumidor baixa Renda. Itens de Alimentação,2
01/10/1998,4.39,7169,INPC,Variação Percentual Mensal,Indice de preços para o consumidor baixa Renda. Itens de Alimentação,2
01/11/1998,4.80,7169,INPC,Variação Percentual Mensal,Indice de preços para o consumidor baixa Renda. Itens de Alimentação,2
01/12/1998,5.04,7169,INPC,Variação Percentual Mensal,Indice de preços para o consumidor baixa Renda. Itens de Alimentação,2
01/01/1999,9.29,7169,INPC,Variação Percentual Mensal,Indice de preços para o consumidor baixa Renda. Itens de Alimentação,2
01/02/1999,9.31,7169,INPC,Variação Percentual Mensal,Indice de preços para o consumidor baixa Renda. Itens de Alimentação,2
01/03/1999,7.68,7169,INPC,Variação Percentual Mensal,Indice de preços para o consumidor baixa Renda. Itens de Alimentação,2
01/04/1999,7.25,7169,INPC,Variação Percentual Mensal,Indice de preços para o consumidor baixa Renda. Itens de Alimentação,2
01/05/1999,7.61,7169,INPC,Variação Percentual Mensal,Indice de preços para o consumidor baixa Renda. Itens de Alimentação,2
01/06/1999,7.50,7169,INPC,Variação Percentual Mensal,Indice de preços para o consumidor baixa Renda. Itens de Alimentação,2
01/07/1999,7.37,7169,INPC,Variação Percentual Mensal,Indice de preços para o consumidor baixa Renda. Itens de Alimentação,2
01/08/1999,7.63,7169,INPC,Variação Percentual Mensal,Indice de preços para o consumidor baixa Renda. Itens de Alimentação,2
01/09/1999,6.84,7169,INPC,Variação Percentual Mensal,Indice de preços para o consumidor baixa Renda. Itens de Alimentação,2
01/10/1999,6.28,7169,INPC,Variação Percentual Mensal,Indice de preços para o consumidor baixa Renda. Itens de Alimentação,2
01/11/1999,5.19,7169,INPC,Variação Percentual Mensal,Indice de preços para o consumidor baixa Renda. Itens de Alimentação,2
01/12/1999,4.25,7169,INPC,Variação Percentual Mensal,Indice de preços para o consumidor baixa Renda. Itens de Alimentação,2
01/01/2000,0.09,7169,INPC,Variação Percentual Mensal,Indice de preços para o consumidor baixa Renda. Itens de Alimentação,2
01/02/2000,-0.11,7169,INPC,Variação Percentual Mensal,Indice de preços para o consumidor baixa Renda. Itens de Alimentação,2
01/03/2000,1.18,7169,INPC,Variação Percentual Mensal,Indice de preços para o consumidor baixa Renda. Itens de Alimentação,2
01/04/2000,1.64,7169,INPC,Variação Percentual Mensal,Indice de preços para o consumidor baixa Renda. Itens de Alimentação,2
01/05/2000,1.36,7169,INPC,Variação Percentual Mensal,Indice de preços para o consumidor baixa Renda. Itens de Alimentação,2
01/06/2000,0.96,7169,INPC,Variação Percentual Mensal,Indice de preços para o consumidor baixa Renda. Itens de Alimentação,2
01/07/2000,0.45,7169,INPC,Variação Percentual Mensal,Indice de preços para o consumidor baixa Renda. Itens de Alimentação,2
01/08/2000,0.00,7169,INPC,Variação Percentual Mensal,Indice de preços para o consumidor baixa Renda. Itens de Alimentação,2
01/09/2000,0.32,7169,INPC,Variação Percentual Mensal,Indice de preços para o consumidor baixa Renda. Itens de Alimentação,2
01/10/2000,0.81,7169,INPC,Variação Percentual Mensal,Indice de preços para o consumidor baixa Renda. Itens de Alimentação,2
01/11/2000,1.67,7169,INPC,Variação Percentual Mensal,Indice de preços para o consumidor baixa Renda. Itens de Alimentação,2
01/12/2000,2.27,7169,INPC,Variação Percentual Mensal,Indice de preços para o consumidor baixa Renda. Itens de Alimentação,2
01/01/2001,2.59,7169,INPC,Variação Percentual Mensal,Indice de preços para o consumidor baixa Renda. Itens de Alimentação,2
01/02/2001,2.75,7169,INPC,Variação Percentual Mensal,Indice de preços para o consumidor baixa Renda. Itens de Alimentação,2
01/03/2001,2.95,7169,INPC,Variação Percentual Mensal,Indice de preços para o consumidor baixa Renda. Itens de Alimentação,2
01/04/2001,2.77,7169,INPC,Variação Percentual Mensal,Indice de preços para o consumidor baixa Renda. Itens de Alimentação,2
01/05/2001,3.02,7169,INPC,Variação Percentual Mensal,Indice de preços para o consumidor baixa Renda. Itens de Alimentação,2
01/06/2001,2.81,7169,INPC,Variação Percentual Mensal,Indice de preços para o consumidor baixa Renda. Itens de Alimentação,2
01/07/2001,3.60,7169,INPC,Variação Percentual Mensal,Indice de preços para o consumidor baixa Renda. Itens de Alimentação,2
01/08/2001,4.09,7169,INPC,Variação Percentual Mensal,Indice de preços para o consumidor baixa Renda. Itens de Alimentação,2
01/09/2001,4.38,7169,INPC,Variação Percentual Mensal,Indice de preços para o consumidor baixa Renda. Itens de Alimentação,2
01/10/2001,4.09,7169,INPC,Variação Percentual Mensal,Indice de preços para o consumidor baixa Renda. Itens de Alimentação,2
01/11/2001,2.93,7169,INPC,Variação Percentual Mensal,Indice de preços para o consumidor baixa Renda. Itens de Alimentação,2
01/12/2001,2.11,7169,INPC,Variação Percentual Mensal,Indice de preços para o consumidor baixa Renda. Itens de Alimentação,2
01/01/2002,2.54,7169,INPC,Variação Percentual Mensal,Indice de preços para o consumidor baixa Renda. Itens de Alimentação,2
01/02/2002,2.12,7169,INPC,Variação Percentual Mensal,Indice de preços para o consumidor baixa Renda. Itens de Alimentação,2
01/03/2002,1.81,7169,INPC,Variação Percentual Mensal,Indice de preços para o consumidor baixa Renda. Itens de Alimentação,2
01/04/2002,1.87,7169,INPC,Variação Percentual Mensal,Indice de preços para o consumidor baixa Renda. Itens de Alimentação,2
01/05/2002,2.07,7169,INPC,Variação Percentual Mensal,Indice de preços para o consumidor baixa Renda. Itens de Alimentação,2
01/06/2002,3.46,7169,INPC,Variação Percentual Mensal,Indice de preços para o consumidor baixa Renda. Itens de Alimentação,2
01/07/2002,4.31,7169,INPC,Variação Percentual Mensal,Indice de preços para o consumidor baixa Renda. Itens de Alimentação,2
01/08/2002,2.06,7169,INPC,Variação Percentual Mensal,Indice de preços para o consumidor baixa Renda. Itens de Alimentação,2
01/09/2002,3.63,7169,INPC,Variação Percentual Mensal,Indice de preços para o consumidor baixa Renda. Itens de Alimentação,2
01/10/2002,1.95,7169,INPC,Variação Percentual Mensal,Indice de preços para o consumidor baixa Renda. Itens de Alimentação,2
01/11/2002,1.55,7169,INPC,Variação Percentual Mensal,Indice de preços para o consumidor baixa Renda. Itens de Alimentação,2
01/12/2002,1.43,7169,INPC,Variação Percentual Mensal,Indice de preços para o consumidor baixa Renda. Itens de Alimentação,2
01/01/2003,0.91,7169,INPC,Variação Percentual Mensal,Indice de preços para o consumidor baixa Renda. Itens de Alimentação,2
01/02/2003,1.08,7169,INPC,Variação Percentual Mensal,Indice de preços para o consumidor baixa Renda. Itens de Alimentação,2
01/03/2003,0.70,7169,INPC,Variação Percentual Mensal,Indice de preços para o consumidor baixa Renda. Itens de Alimentação,2
01/04/2003,-0.47,7169,INPC,Variação Percentual Mensal,Indice de preços para o consumidor baixa Renda. Itens de Alimentação,2
01/05/2003,-0.26,7169,INPC,Variação Percentual Mensal,Indice de preços para o consumidor baixa Renda. Itens de Alimentação,2
01/06/2003,-0.90,7169,INPC,Variação Percentual Mensal,Indice de preços para o consumidor baixa Renda. Itens de Alimentação,2
01/07/2003,-1.27,7169,INPC,Variação Percentual Mensal,Indice de preços para o consumidor baixa Renda. Itens de Alimentação,2
01/08/2003,0.54,7169,INPC,Variação Percentual Mensal,Indice de preços para o consumidor baixa Renda. Itens de Alimentação,2
01/09/2003,-0.99,7169,INPC,Variação Percentual Mensal,Indice de preços para o consumidor baixa Renda. Itens de Alimentação,2
01/10/2003,0.27,7169,INPC,Variação Percentual Mensal,Indice de preços para o consumidor baixa Renda. Itens de Alimentação,2
01/11/2003,1.58,7169,INPC,Variação Percentual Mensal,Indice de preços para o consumidor baixa Renda. Itens de Alimentação,2
01/12/2003,2.19,7169,INPC,Variação Percentual Mensal,Indice de preços para o consumidor baixa Renda. Itens de Alimentação,2
01/01/2004,2.22,7169,INPC,Variação Percentual Mensal,Indice de preços para o consumidor baixa Renda. Itens de Alimentação,2
01/02/2004,2.11,7169,INPC,Variação Percentual Mensal,Indice de preços para o consumidor baixa Renda. Itens de Alimentação,2
01/03/2004,2.38,7169,INPC,Variação Percentual Mensal,Indice de preços para o consumidor baixa Renda. Itens de Alimentação,2
01/04/2004,3.13,7169,INPC,Variação Percentual Mensal,Indice de preços para o consumidor baixa Renda. Itens de Alimentação,2
01/05/2004,2.46,7169,INPC,Variação Percentual Mensal,Indice de preços para o consumidor baixa Renda. Itens de Alimentação,2
01/06/2004,2.03,7169,INPC,Variação Percentual Mensal,Indice de preços para o consumidor baixa Renda. Itens de Alimentação,2
01/07/2004,1.17,7169,INPC,Variação Percentual Mensal,Indice de preços para o consumidor baixa Renda. Itens de Alimentação,2
01/08/2004,0.84,7169,INPC,Variação Percentual Mensal,Indice de preços para o consumidor baixa Renda. Itens de Alimentação,2
01/09/2004,0.72,7169,INPC,Variação Percentual Mensal,Indice de preços para o consumidor baixa Renda. Itens de Alimentação,2
01/10/2004,0.93,7169,INPC,Variação Percentual Mensal,Indice de preços para o consumidor baixa Renda. Itens de Alimentação,2
01/11/2004,0.64,7169,INPC,Variação Percentual Mensal,Indice de preços para o consumidor baixa Renda. Itens de Alimentação,2
01/12/2004,0.78,7169,INPC,Variação Percentual Mensal,Indice de preços para o consumidor baixa Renda. Itens de Alimentação,2
01/01/2005,0.91,7169,INPC,Variação Percentual Mensal,Indice de preços para o consumidor baixa Renda. Itens de Alimentação,2
01/02/2005,1.08,7169,INPC,Variação Percentual Mensal,Indice de preços para o consumidor baixa Renda. Itens de Alimentação,2
01/03/2005,1.36,7169,INPC,Variação Percentual Mensal,Indice de preços para o consumidor baixa Renda. Itens de Alimentação,2
01/04/2005,1.60,7169,INPC,Variação Percentual Mensal,Indice de preços para o consumidor baixa Renda. Itens de Alimentação,2
01/05/2005,1.96,7169,INPC,Variação Percentual Mensal,Indice de preços para o consumidor baixa Renda. Itens de Alimentação,2
01/06/2005,2.70,7169,INPC,Variação Percentual Mensal,Indice de preços para o consumidor baixa Renda. Itens de Alimentação,2
01/07/2005,3.40,7169,INPC,Variação Percentual Mensal,Indice de preços para o consumidor baixa Renda. Itens de Alimentação,2
01/08/2005,3.94,7169,INPC,Variação Percentual Mensal,Indice de preços para o consumidor baixa Renda. Itens de Alimentação,2
01/09/2005,4.38,7169,INPC,Variação Percentual Mensal,Indice de preços para o consumidor baixa Renda. Itens de Alimentação,2
01/10/2005,4.50,7169,INPC,Variação Percentual Mensal,Indice de preços para o consumidor baixa Renda. Itens de Alimentação,2
01/11/2005,4.74,7169,INPC,Variação Percentual Mensal,Indice de preços para o consumidor baixa Renda. Itens de Alimentação,2
01/12/2005,4.84,7169,INPC,Variação Percentual Mensal,Indice de preços para o consumidor baixa Renda. Itens de Alimentação,2
01/01/2006,5.03,7169,INPC,Variação Percentual Mensal,Indice de preços para o consumidor baixa Renda. Itens de Alimentação,2
01/02/2006,5.27,7169,INPC,Variação Percentual Mensal,Indice de preços para o consumidor baixa Renda. Itens de Alimentação,2
01/03/2006,5.48,7169,INPC,Variação Percentual Mensal,Indice de preços para o consumidor baixa Renda. Itens de Alimentação,2
01/04/2006,5.66,7169,INPC,Variação Percentual Mensal,Indice de preços para o consumidor baixa Renda. Itens de Alimentação,2
01/05/2006,5.30,7169,INPC,Variação Percentual Mensal,Indice de preços para o consumidor baixa Renda. Itens de Alimentação,2
01/06/2006,5.08,7169,INPC,Variação Percentual Mensal,Indice de preços para o consumidor baixa Renda. Itens de Alimentação,2
01/07/2006,4.75,7169,INPC,Variação Percentual Mensal,Indice de preços para o consumidor baixa Renda. Itens de Alimentação,2
01/08/2006,4.60,7169,INPC,Variação Percentual Mensal,Indice de preços para o consumidor baixa Renda. Itens de Alimentação,2
01/09/2006,4.27,7169,INPC,Variação Percentual Mensal,Indice de preços para o consumidor baixa Renda. Itens de Alimentação,2
01/10/2006,4.11,7169,INPC,Variação Percentual Mensal,Indice de preços para o consumidor baixa Renda. Itens de Alimentação,2
01/11/2006,3.95,7169,INPC,Variação Percentual Mensal,Indice de preços para o consumidor baixa Renda. Itens de Alimentação,2
01/12/2006,3.85,7169,INPC,Variação Percentual Mensal,Indice de preços para o consumidor baixa Renda. Itens de Alimentação,2
01/01/2007,3.67,7169,INPC,Variação Percentual Mensal,Indice de preços para o consumidor baixa Renda. Itens de Alimentação,2
01/02/2007,3.46,7169,INPC,Variação Percentual Mensal,Indice de preços para o consumidor baixa Renda. Itens de Alimentação,2
01/03/2007,3.35,7169,INPC,Variação Percentual Mensal,Indice de preços para o consumidor baixa Renda. Itens de Alimentação,2
01/04/2007,3.27,7169,INPC,Variação Percentual Mensal,Indice de preços para o consumidor baixa Renda. Itens de Alimentação,2
01/05/2007,3.61,7169,INPC,Variação Percentual Mensal,Indice de preços para o consumidor baixa Renda. Itens de Alimentação,2
01/06/2007,3.41,7169,INPC,Variação Percentual Mensal,Indice de preços para o consumidor baixa Renda. Itens de Alimentação,2
01/07/2007,3.26,7169,INPC,Variação Percentual Mensal,Indice de preços para o consumidor baixa Renda. Itens de Alimentação,2
01/08/2007,2.84,7169,INPC,Variação Percentual Mensal,Indice de preços para o consumidor baixa Renda. Itens de Alimentação,2
01/09/2007,2.68,7169,INPC,Variação Percentual Mensal,Indice de preços para o consumidor baixa Renda. Itens de Alimentação,2
01/10/2007,2.55,7169,INPC,Variação Percentual Mensal,Indice de preços para o consumidor baixa Renda. Itens de Alimentação,2
01/11/2007,2.23,7169,INPC,Variação Percentual Mensal,Indice de preços para o consumidor baixa Renda. Itens de Alimentação,2
01/12/2007,1.90,7169,INPC,Variação Percentual Mensal,Indice de preços para o consumidor baixa Renda. Itens de Alimentação,2
01/01/2008,1.59,7169,INPC,Variação Percentual Mensal,Indice de preços para o consumidor baixa Renda. Itens de Alimentação,2
01/02/2008,1.55,7169,INPC,Variação Percentual Mensal,Indice de preços para o consumidor baixa Renda. Itens de Alimentação,2
01/03/2008,1.19,7169,INPC,Variação Percentual Mensal,Indice de preços para o consumidor baixa Renda. Itens de Alimentação,2
01/04/2008,0.72,7169,INPC,Variação Percentual Mensal,Indice de preços para o consumidor baixa Renda. Itens de Alimentação,2
01/05/2008,0.02,7169,INPC,Variação Percentual Mensal,Indice de preços para o consumidor baixa Renda. Itens de Alimentação,2
01/06/2008,-0.39,7169,INPC,Variação Percentual Mensal,Indice de preços para o consumidor baixa Renda. Itens de Alimentação,2
01/07/2008,-0.30,7169,INPC,Variação Percentual Mensal,Indice de preços para o consumidor baixa Renda. Itens de Alimentação,2
01/08/2008,-0.09,7169,INPC,Variação Percentual Mensal,Indice de preços para o consumidor baixa Renda. Itens de Alimentação,2
01/09/2008,-0.13,7169,INPC,Variação Percentual Mensal,Indice de preços para o consumidor baixa Renda. Itens de Alimentação,2
01/10/2008,-0.23,7169,INPC,Variação Percentual Mensal,Indice de preços para o consumidor baixa Renda. Itens de Alimentação,2
01/11/2008,0.16,7169,INPC,Variação Percentual Mensal,Indice de preços para o consumidor baixa Renda. Itens de Alimentação,2
01/12/2008,0.81,7169,INPC,Variação Percentual Mensal,Indice de preços para o consumidor baixa Renda. Itens de Alimentação,2
01/01/2009,1.27,7169,INPC,Variação Percentual Mensal,Indice de preços para o consumidor baixa Renda. Itens de Alimentação,2
01/02/2009,1.52,7169,INPC,Variação Percentual Mensal,Indice de preços para o consumidor baixa Renda. Itens de Alimentação,2
01/03/2009,2.05,7169,INPC,Variação Percentual Mensal,Indice de preços para o consumidor baixa Renda. Itens de Alimentação,2
01/04/2009,2.54,7169,INPC,Variação Percentual Mensal,Indice de preços para o consumidor baixa Renda. Itens de Alimentação,2
01/05/2009,3.11,7169,INPC,Variação Percentual Mensal,Indice de preços para o consumidor baixa Renda. Itens de Alimentação,2
01/06/2009,3.77,7169,INPC,Variação Percentual Mensal,Indice de preços para o consumidor baixa Renda. Itens de Alimentação,2
01/07/2009,4.08,7169,INPC,Variação Percentual Mensal,Indice de preços para o consumidor baixa Renda. Itens de Alimentação,2
01/08/2009,4.23,7169,INPC,Variação Percentual Mensal,Indice de preços para o consumidor baixa Renda. Itens de Alimentação,2
01/09/2009,4.62,7169,INPC,Variação Percentual Mensal,Indice de preços para o consumidor baixa Renda. Itens de Alimentação,2
01/10/2009,4.94,7169,INPC,Variação Percentual Mensal,Indice de preços para o consumidor baixa Renda. Itens de Alimentação,2
01/11/2009,5.00,7169,INPC,Variação Percentual Mensal,Indice de preços para o consumidor baixa Renda. Itens de Alimentação,2
01/12/2009,4.65,7169,INPC,Variação Percentual Mensal,Indice de preços para o consumidor baixa Renda. Itens de Alimentação,2
01/07/1994,0.9333,3698,Dólar,Reais,Cotação do Dólar Venda. Fechamento Mensal,5
01/08/1994,0.8986,3698,Dólar,Reais,Cotação do Dólar Venda. Fechamento Mensal,5
01/09/1994,0.8652,3698,Dólar,Reais,Cotação do Dólar Venda. Fechamento Mensal,5
01/10/1994,0.8460,3698,Dólar,Reais,Cotação do Dólar Venda. Fechamento Mensal,5
01/11/1994,0.8418,3698,Dólar,Reais,Cotação do Dólar Venda. Fechamento Mensal,5
01/12/1994,0.8501,3698,Dólar,Reais,Cotação do Dólar Venda. Fechamento Mensal,5
01/01/1995,0.8471,3698,Dólar,Reais,Cotação do Dólar Venda. Fechamento Mensal,5
01/02/1995,0.8408,3698,Dólar,Reais,Cotação do Dólar Venda. Fechamento Mensal,5
01/03/1995,0.8894,3698,Dólar,Reais,Cotação do Dólar Venda. Fechamento Mensal,5
01/04/1995,0.9075,3698,Dólar,Reais,Cotação do Dólar Venda. Fechamento Mensal,5
01/05/1995,0.8974,3698,Dólar,Reais,Cotação do Dólar Venda. Fechamento Mensal,5
01/06/1995,0.9140,3698,Dólar,Reais,Cotação do Dólar Venda. Fechamento Mensal,5
01/07/1995,0.9288,3698,Dólar,Reais,Cotação do Dólar Venda. Fechamento Mensal,5
01/08/1995,0.9420,3698,Dólar,Reais,Cotação do Dólar Venda. Fechamento Mensal,5
01/09/1995,0.9528,3698,Dólar,Reais,Cotação do Dólar Venda. Fechamento Mensal,5
01/10/1995,0.9597,3698,Dólar,Reais,Cotação do Dólar Venda. Fechamento Mensal,5
01/11/1995,0.9634,3698,Dólar,Reais,Cotação do Dólar Venda. Fechamento Mensal,5
01/12/1995,0.9683,3698,Dólar,Reais,Cotação do Dólar Venda. Fechamento Mensal,5
01/01/1996,0.9745,3698,Dólar,Reais,Cotação do Dólar Venda. Fechamento Mensal,5
01/02/1996,0.9811,3698,Dólar,Reais,Cotação do Dólar Venda. Fechamento Mensal,5
01/03/1996,0.9861,3698,Dólar,Reais,Cotação do Dólar Venda. Fechamento Mensal,5
01/04/1996,0.9902,3698,Dólar,Reais,Cotação do Dólar Venda. Fechamento Mensal,5
01/05/1996,0.9953,3698,Dólar,Reais,Cotação do Dólar Venda. Fechamento Mensal,5
01/06/1996,1.0013,3698,Dólar,Reais,Cotação do Dólar Venda. Fechamento Mensal,5
01/07/1996,1.0069,3698,Dólar,Reais,Cotação do Dólar Venda. Fechamento Mensal,5
01/08/1996,1.0134,3698,Dólar,Reais,Cotação do Dólar Venda. Fechamento Mensal,5
01/09/1996,1.0193,3698,Dólar,Reais,Cotação do Dólar Venda. Fechamento Mensal,5
01/10/1996,1.0251,3698,Dólar,Reais,Cotação do Dólar Venda. Fechamento Mensal,5
01/11/1996,1.0304,3698,Dólar,Reais,Cotação do Dólar Venda. Fechamento Mensal,5
01/12/1996,1.0373,3698,Dólar,Reais,Cotação do Dólar Venda. Fechamento Mensal,5
01/01/1997,1.0429,3698,Dólar,Reais,Cotação do Dólar Venda. Fechamento Mensal,5
01/02/1997,1.0493,3698,Dólar,Reais,Cotação do Dólar Venda. Fechamento Mensal,5
01/03/1997,1.0567,3698,Dólar,Reais,Cotação do Dólar Venda. Fechamento Mensal,5
01/04/1997,1.0609,3698,Dólar,Reais,Cotação do Dólar Venda. Fechamento Mensal,5
01/05/1997,1.0683,3698,Dólar,Reais,Cotação do Dólar Venda. Fechamento Mensal,5
01/06/1997,1.0746,3698,Dólar,Reais,Cotação do Dólar Venda. Fechamento Mensal,5
01/07/1997,1.0807,3698,Dólar,Reais,Cotação do Dólar Venda. Fechamento Mensal,5
01/08/1997,1.0879,3698,Dólar,Reais,Cotação do Dólar Venda. Fechamento Mensal,5
01/09/1997,1.0936,3698,Dólar,Reais,Cotação do Dólar Venda. Fechamento Mensal,5
01/10/1997,1.1001,3698,Dólar,Reais,Cotação do Dólar Venda. Fechamento Mensal,5
01/11/1997,1.1073,3698,Dólar,Reais,Cotação do Dólar Venda. Fechamento Mensal,5
01/12/1997,1.1136,3698,Dólar,Reais,Cotação do Dólar Venda. Fechamento Mensal,5
01/01/1998,1.1199,3698,Dólar,Reais,Cotação do Dólar Venda. Fechamento Mensal,5
01/02/1998,1.1271,3698,Dólar,Reais,Cotação do Dólar Venda. Fechamento Mensal,5
01/03/1998,1.1337,3698,Dólar,Reais,Cotação do Dólar Venda. Fechamento Mensal,5
01/04/1998,1.1412,3698,Dólar,Reais,Cotação do Dólar Venda. Fechamento Mensal,5
01/05/1998,1.1481,3698,Dólar,Reais,Cotação do Dólar Venda. Fechamento Mensal,5
01/06/1998,1.1546,3698,Dólar,Reais,Cotação do Dólar Venda. Fechamento Mensal,5
01/07/1998,1.1615,3698,Dólar,Reais,Cotação do Dólar Venda. Fechamento Mensal,5
01/08/1998,1.1717,3698,Dólar,Reais,Cotação do Dólar Venda. Fechamento Mensal,5
01/09/1998,1.1809,3698,Dólar,Reais,Cotação do Dólar Venda. Fechamento Mensal,5
01/10/1998,1.1884,3698,Dólar,Reais,Cotação do Dólar Venda. Fechamento Mensal,5
01/11/1998,1.1937,3698,Dólar,Reais,Cotação do Dólar Venda. Fechamento Mensal,5
01/12/1998,1.2054,3698,Dólar,Reais,Cotação do Dólar Venda. Fechamento Mensal,5
01/01/1999,1.5019,3698,Dólar,Reais,Cotação do Dólar Venda. Fechamento Mensal,5
01/02/1999,1.9137,3698,Dólar,Reais,Cotação do Dólar Venda. Fechamento Mensal,5
01/03/1999,1.8968,3698,Dólar,Reais,Cotação do Dólar Venda. Fechamento Mensal,5
01/04/1999,1.6941,3698,Dólar,Reais,Cotação do Dólar Venda. Fechamento Mensal,5
01/05/1999,1.6835,3698,Dólar,Reais,Cotação do Dólar Venda. Fechamento Mensal,5
01/06/1999,1.7654,3698,Dólar,Reais,Cotação do Dólar Venda. Fechamento Mensal,5
01/07/1999,1.8003,3698,Dólar,Reais,Cotação do Dólar Venda. Fechamento Mensal,5
01/08/1999,1.8807,3698,Dólar,Reais,Cotação do Dólar Venda. Fechamento Mensal,5
01/09/1999,1.8981,3698,Dólar,Reais,Cotação do Dólar Venda. Fechamento Mensal,5
01/10/1999,1.9695,3698,Dólar,Reais,Cotação do Dólar Venda. Fechamento Mensal,5
01/11/1999,1.9299,3698,Dólar,Reais,Cotação do Dólar Venda. Fechamento Mensal,5
01/12/1999,1.8428,3698,Dólar,Reais,Cotação do Dólar Venda. Fechamento Mensal,5
01/01/2000,1.8037,3698,Dólar,Reais,Cotação do Dólar Venda. Fechamento Mensal,5
01/02/2000,1.7753,3698,Dólar,Reais,Cotação do Dólar Venda. Fechamento Mensal,5
01/03/2000,1.7420,3698,Dólar,Reais,Cotação do Dólar Venda. Fechamento Mensal,5
01/04/2000,1.7682,3698,Dólar,Reais,Cotação do Dólar Venda. Fechamento Mensal,5
01/05/2000,1.8279,3698,Dólar,Reais,Cotação do Dólar Venda. Fechamento Mensal,5
01/06/2000,1.8083,3698,Dólar,Reais,Cotação do Dólar Venda. Fechamento Mensal,5
01/07/2000,1.7978,3698,Dólar,Reais,Cotação do Dólar Venda. Fechamento Mensal,5
01/08/2000,1.8092,3698,Dólar,Reais,Cotação do Dólar Venda. Fechamento Mensal,5
01/09/2000,1.8392,3698,Dólar,Reais,Cotação do Dólar Venda. Fechamento Mensal,5
01/10/2000,1.8796,3698,Dólar,Reais,Cotação do Dólar Venda. Fechamento Mensal,5
01/11/2000,1.9480,3698,Dólar,Reais,Cotação do Dólar Venda. Fechamento Mensal,5
01/12/2000,1.9633,3698,Dólar,Reais,Cotação do Dólar Venda. Fechamento Mensal,5
01/01/2001,1.9545,3698,Dólar,Reais,Cotação do Dólar Venda. Fechamento Mensal,5
01/02/2001,2.0019,3698,Dólar,Reais,Cotação do Dólar Venda. Fechamento Mensal,5
01/03/2001,2.0890,3698,Dólar,Reais,Cotação do Dólar Venda. Fechamento Mensal,5
01/04/2001,2.1925,3698,Dólar,Reais,Cotação do Dólar Venda. Fechamento Mensal,5
01/05/2001,2.2972,3698,Dólar,Reais,Cotação do Dólar Venda. Fechamento Mensal,5
01/06/2001,2.3758,3698,Dólar,Reais,Cotação do Dólar Venda. Fechamento Mensal,5
01/07/2001,2.4660,3698,Dólar,Reais,Cotação do Dólar Venda. Fechamento Mensal,5
01/08/2001,2.5106,3698,Dólar,Reais,Cotação do Dólar Venda. Fechamento Mensal,5
01/09/2001,2.6717,3698,Dólar,Reais,Cotação do Dólar Venda. Fechamento Mensal,5
01/10/2001,2.7402,3698,Dólar,Reais,Cotação do Dólar Venda. Fechamento Mensal,5
01/11/2001,2.5431,3698,Dólar,Reais,Cotação do Dólar Venda. Fechamento Mensal,5
01/12/2001,2.3627,3698,Dólar,Reais,Cotação do Dólar Venda. Fechamento Mensal,5
01/01/2002,2.3779,3698,Dólar,Reais,Cotação do Dólar Venda. Fechamento Mensal,5
01/02/2002,2.4196,3698,Dólar,Reais,Cotação do Dólar Venda. Fechamento Mensal,5
01/03/2002,2.3466,3698,Dólar,Reais,Cotação do Dólar Venda. Fechamento Mensal,5
01/04/2002,2.3204,3698,Dólar,Reais,Cotação do Dólar Venda. Fechamento Mensal,5
01/05/2002,2.4804,3698,Dólar,Reais,Cotação do Dólar Venda. Fechamento Mensal,5
01/06/2002,2.7140,3698,Dólar,Reais,Cotação do Dólar Venda. Fechamento Mensal,5
01/07/2002,2.9346,3698,Dólar,Reais,Cotação do Dólar Venda. Fechamento Mensal,5
01/08/2002,3.1101,3698,Dólar,Reais,Cotação do Dólar Venda. Fechamento Mensal,5
01/09/2002,3.3420,3698,Dólar,Reais,Cotação do Dólar Venda. Fechamento Mensal,5
01/10/2002,3.8059,3698,Dólar,Reais,Cotação do Dólar Venda. Fechamento Mensal,5
01/11/2002,3.5764,3698,Dólar,Reais,Cotação do Dólar Venda. Fechamento Mensal,5
01/12/2002,3.6259,3698,Dólar,Reais,Cotação do Dólar Venda. Fechamento Mensal,5
01/01/2003,3.4384,3698,Dólar,Reais,Cotação do Dólar Venda. Fechamento Mensal,5
01/02/2003,3.5908,3698,Dólar,Reais,Cotação do Dólar Venda. Fechamento Mensal,5
01/03/2003,3.4469,3698,Dólar,Reais,Cotação do Dólar Venda. Fechamento Mensal,5
01/04/2003,3.1187,3698,Dólar,Reais,Cotação do Dólar Venda. Fechamento Mensal,5
01/05/2003,2.9557,3698,Dólar,Reais,Cotação do Dólar Venda. Fechamento Mensal,5
01/06/2003,2.8832,3698,Dólar,Reais,Cotação do Dólar Venda. Fechamento Mensal,5
01/07/2003,2.8798,3698,Dólar,Reais,Cotação do Dólar Venda. Fechamento Mensal,5
01/08/2003,3.0025,3698,Dólar,Reais,Cotação do Dólar Venda. Fechamento Mensal,5
01/09/2003,2.9228,3698,Dólar,Reais,Cotação do Dólar Venda. Fechamento Mensal,5
01/10/2003,2.8615,3698,Dólar,Reais,Cotação do Dólar Venda. Fechamento Mensal,5
01/11/2003,2.9138,3698,Dólar,Reais,Cotação do Dólar Venda. Fechamento Mensal,5
01/12/2003,2.9253,3698,Dólar,Reais,Cotação do Dólar Venda. Fechamento Mensal,5
01/01/2004,2.8518,3698,Dólar,Reais,Cotação do Dólar Venda. Fechamento Mensal,5
01/02/2004,2.9303,3698,Dólar,Reais,Cotação do Dólar Venda. Fechamento Mensal,5
01/03/2004,2.9055,3698,Dólar,Reais,Cotação do Dólar Venda. Fechamento Mensal,5
01/04/2004,2.9060,3698,Dólar,Reais,Cotação do Dólar Venda. Fechamento Mensal,5
01/05/2004,3.1004,3698,Dólar,Reais,Cotação do Dólar Venda. Fechamento Mensal,5
01/06/2004,3.1291,3698,Dólar,Reais,Cotação do Dólar Venda. Fechamento Mensal,5
01/07/2004,3.0368,3698,Dólar,Reais,Cotação do Dólar Venda. Fechamento Mensal,5
01/08/2004,3.0029,3698,Dólar,Reais,Cotação do Dólar Venda. Fechamento Mensal,5
01/09/2004,2.8911,3698,Dólar,Reais,Cotação do Dólar Venda. Fechamento Mensal,5
01/10/2004,2.8529,3698,Dólar,Reais,Cotação do Dólar Venda. Fechamento Mensal,5
01/11/2004,2.7860,3698,Dólar,Reais,Cotação do Dólar Venda. Fechamento Mensal,5
01/12/2004,2.7182,3698,Dólar,Reais,Cotação do Dólar Venda. Fechamento Mensal,5
01/01/2005,2.6930,3698,Dólar,Reais,Cotação do Dólar Venda. Fechamento Mensal,5
01/02/2005,2.5978,3698,Dólar,Reais,Cotação do Dólar Venda. Fechamento Mensal,5
01/03/2005,2.7047,3698,Dólar,Reais,Cotação do Dólar Venda. Fechamento Mensal,5
01/04/2005,2.5792,3698,Dólar,Reais,Cotação do Dólar Venda. Fechamento Mensal,5
01/05/2005,2.4528,3698,Dólar,Reais,Cotação do Dólar Venda. Fechamento Mensal,5
01/06/2005,2.4135,3698,Dólar,Reais,Cotação do Dólar Venda. Fechamento Mensal,5
01/07/2005,2.3735,3698,Dólar,Reais,Cotação do Dólar Venda. Fechamento Mensal,5
01/08/2005,2.3606,3698,Dólar,Reais,Cotação do Dólar Venda. Fechamento Mensal,5
01/09/2005,2.2944,3698,Dólar,Reais,Cotação do Dólar Venda. Fechamento Mensal,5
01/10/2005,2.2565,3698,Dólar,Reais,Cotação do Dólar Venda. Fechamento Mensal,5
01/11/2005,2.2108,3698,Dólar,Reais,Cotação do Dólar Venda. Fechamento Mensal,5
01/12/2005,2.2855,3698,Dólar,Reais,Cotação do Dólar Venda. Fechamento Mensal,5
01/01/2006,2.2739,3698,Dólar,Reais,Cotação do Dólar Venda. Fechamento Mensal,5
01/02/2006,2.1619,3698,Dólar,Reais,Cotação do Dólar Venda. Fechamento Mensal,5
01/03/2006,2.1520,3698,Dólar,Reais,Cotação do Dólar Venda. Fechamento Mensal,5
01/04/2006,2.1293,3698,Dólar,Reais,Cotação do Dólar Venda. Fechamento Mensal,5
01/05/2006,2.1781,3698,Dólar,Reais,Cotação do Dólar Venda. Fechamento Mensal,5
01/06/2006,2.2483,3698,Dólar,Reais,Cotação do Dólar Venda. Fechamento Mensal,5
01/07/2006,2.1893,3698,Dólar,Reais,Cotação do Dólar Venda. Fechamento Mensal,5
01/08/2006,2.1559,3698,Dólar,Reais,Cotação do Dólar Venda. Fechamento Mensal,5
01/09/2006,2.1687,3698,Dólar,Reais,Cotação do Dólar Venda. Fechamento Mensal,5
01/10/2006,2.1483,3698,Dólar,Reais,Cotação do Dólar Venda. Fechamento Mensal,5
01/11/2006,2.1579,3698,Dólar,Reais,Cotação do Dólar Venda. Fechamento Mensal,5
01/12/2006,2.1499,3698,Dólar,Reais,Cotação do Dólar Venda. Fechamento Mensal,5
01/01/2007,2.1385,3698,Dólar,Reais,Cotação do Dólar Venda. Fechamento Mensal,5
01/02/2007,2.0963,3698,Dólar,Reais,Cotação do Dólar Venda. Fechamento Mensal,5
01/03/2007,2.0887,3698,Dólar,Reais,Cotação do Dólar Venda. Fechamento Mensal,5
01/04/2007,2.0320,3698,Dólar,Reais,Cotação do Dólar Venda. Fechamento Mensal,5
01/05/2007,1.9816,3698,Dólar,Reais,Cotação do Dólar Venda. Fechamento Mensal,5
01/06/2007,1.9319,3698,Dólar,Reais,Cotação do Dólar Venda. Fechamento Mensal,5
01/07/2007,1.8828,3698,Dólar,Reais,Cotação do Dólar Venda. Fechamento Mensal,5
01/08/2007,1.9660,3698,Dólar,Reais,Cotação do Dólar Venda. Fechamento Mensal,5
01/09/2007,1.8996,3698,Dólar,Reais,Cotação do Dólar Venda. Fechamento Mensal,5
01/10/2007,1.8010,3698,Dólar,Reais,Cotação do Dólar Venda. Fechamento Mensal,5
01/11/2007,1.7699,3698,Dólar,Reais,Cotação do Dólar Venda. Fechamento Mensal,5
01/12/2007,1.7860,3698,Dólar,Reais,Cotação do Dólar Venda. Fechamento Mensal,5
01/01/2008,1.7743,3698,Dólar,Reais,Cotação do Dólar Venda. Fechamento Mensal,5
01/02/2008,1.7277,3698,Dólar,Reais,Cotação do Dólar Venda. Fechamento Mensal,5
01/03/2008,1.7076,3698,Dólar,Reais,Cotação do Dólar Venda. Fechamento Mensal,5
01/04/2008,1.6889,3698,Dólar,Reais,Cotação do Dólar Venda. Fechamento Mensal,5
01/05/2008,1.6605,3698,Dólar,Reais,Cotação do Dólar Venda. Fechamento Mensal,5
01/06/2008,1.6189,3698,Dólar,Reais,Cotação do Dólar Venda. Fechamento Mensal,5
01/07/2008,1.5914,3698,Dólar,Reais,Cotação do Dólar Venda. Fechamento Mensal,5
01/08/2008,1.6123,3698,Dólar,Reais,Cotação do Dólar Venda. Fechamento Mensal,5
01/09/2008,1.7996,3698,Dólar,Reais,Cotação do Dólar Venda. Fechamento Mensal,5
01/10/2008,2.1729,3698,Dólar,Reais,Cotação do Dólar Venda. Fechamento Mensal,5
01/11/2008,2.2663,3698,Dólar,Reais,Cotação do Dólar Venda. Fechamento Mensal,5
01/12/2008,2.3944,3698,Dólar,Reais,Cotação do Dólar Venda. Fechamento Mensal,5
01/01/2009,2.3074,3698,Dólar,Reais,Cotação do Dólar Venda. Fechamento Mensal,5
01/02/2009,2.3127,3698,Dólar,Reais,Cotação do Dólar Venda. Fechamento Mensal,5
01/03/2009,2.3138,3698,Dólar,Reais,Cotação do Dólar Venda. Fechamento Mensal,5
01/04/2009,2.2059,3698,Dólar,Reais,Cotação do Dólar Venda. Fechamento Mensal,5
01/05/2009,2.0609,3698,Dólar,Reais,Cotação do Dólar Venda. Fechamento Mensal,5
01/06/2009,1.9576,3698,Dólar,Reais,Cotação do Dólar Venda. Fechamento Mensal,5
01/07/2009,1.9328,3698,Dólar,Reais,Cotação do Dólar Venda. Fechamento Mensal,5
01/08/2009,1.8452,3698,Dólar,Reais,Cotação do Dólar Venda. Fechamento Mensal,5
01/09/2009,1.8198,3698,Dólar,Reais,Cotação do Dólar Venda. Fechamento Mensal,5
01/10/2009,1.7384,3698,Dólar,Reais,Cotação do Dólar Venda. Fechamento Mensal,5
01/11/2009,1.7262,3698,Dólar,Reais,Cotação do Dólar Venda. Fechamento Mensal,5
01/12/2009,1.7503,3698,Dólar,Reais,Cotação do Dólar Venda. Fechamento Mensal,5
01/01/2010,1.7798,3698,Dólar,Reais,Cotação do Dólar Venda. Fechamento Mensal,5
01/02/2010,1.8416,3698,Dólar,Reais,Cotação do Dólar Venda. Fechamento Mensal,5
01/03/2010,1.7858,3698,Dólar,Reais,Cotação do Dólar Venda. Fechamento Mensal,5
01/04/2010,1.7566,3698,Dólar,Reais,Cotação do Dólar Venda. Fechamento Mensal,5
01/05/2010,1.8132,3698,Dólar,Reais,Cotação do Dólar Venda. Fechamento Mensal,5
01/06/2010,1.8065,3698,Dólar,Reais,Cotação do Dólar Venda. Fechamento Mensal,5
01/07/2010,1.7696,3698,Dólar,Reais,Cotação do Dólar Venda. Fechamento Mensal,5
01/08/2010,1.7596,3698,Dólar,Reais,Cotação do Dólar Venda. Fechamento Mensal,5
01/09/2010,1.7187,3698,Dólar,Reais,Cotação do Dólar Venda. Fechamento Mensal,5
01/10/2010,1.6835,3698,Dólar,Reais,Cotação do Dólar Venda. Fechamento Mensal,5
01/11/2010,1.7133,3698,Dólar,Reais,Cotação do Dólar Venda. Fechamento Mensal,5
01/12/2010,1.6934,3698,Dólar,Reais,Cotação do Dólar Venda. Fechamento Mensal,5
01/01/2011,1.6749,3698,Dólar,Reais,Cotação do Dólar Venda. Fechamento Mensal,5
01/02/2011,1.6680,3698,Dólar,Reais,Cotação do Dólar Venda. Fechamento Mensal,5
01/03/2011,1.6591,3698,Dólar,Reais,Cotação do Dólar Venda. Fechamento Mensal,5
01/04/2011,1.5864,3698,Dólar,Reais,Cotação do Dólar Venda. Fechamento Mensal,5
01/05/2011,1.6135,3698,Dólar,Reais,Cotação do Dólar Venda. Fechamento Mensal,5
01/06/2011,1.5870,3698,Dólar,Reais,Cotação do Dólar Venda. Fechamento Mensal,5
01/07/2011,1.5639,3698,Dólar,Reais,Cotação do Dólar Venda. Fechamento Mensal,5
01/08/2011,1.5970,3698,Dólar,Reais,Cotação do Dólar Venda. Fechamento Mensal,5
01/09/2011,1.7498,3698,Dólar,Reais,Cotação do Dólar Venda. Fechamento Mensal,5
01/10/2011,1.7726,3698,Dólar,Reais,Cotação do Dólar Venda. Fechamento Mensal,5
01/11/2011,1.7905,3698,Dólar,Reais,Cotação do Dólar Venda. Fechamento Mensal,5
01/12/2011,1.8369,3698,Dólar,Reais,Cotação do Dólar Venda. Fechamento Mensal,5
01/01/2012,1.7897,3698,Dólar,Reais,Cotação do Dólar Venda. Fechamento Mensal,5
01/02/2012,1.7184,3698,Dólar,Reais,Cotação do Dólar Venda. Fechamento Mensal,5
01/03/2012,1.7953,3698,Dólar,Reais,Cotação do Dólar Venda. Fechamento Mensal,5
01/04/2012,1.8548,3698,Dólar,Reais,Cotação do Dólar Venda. Fechamento Mensal,5
01/05/2012,1.9860,3698,Dólar,Reais,Cotação do Dólar Venda. Fechamento Mensal,5
01/06/2012,2.0492,3698,Dólar,Reais,Cotação do Dólar Venda. Fechamento Mensal,5
01/07/2012,2.0287,3698,Dólar,Reais,Cotação do Dólar Venda. Fechamento Mensal,5
01/08/2012,2.0294,3698,Dólar,Reais,Cotação do Dólar Venda. Fechamento Mensal,5
01/09/2012,2.0281,3698,Dólar,Reais,Cotação do Dólar Venda. Fechamento Mensal,5
01/10/2012,2.0298,3698,Dólar,Reais,Cotação do Dólar Venda. Fechamento Mensal,5
01/11/2012,2.0678,3698,Dólar,Reais,Cotação do Dólar Venda. Fechamento Mensal,5
01/12/2012,2.0778,3698,Dólar,Reais,Cotação do Dólar Venda. Fechamento Mensal,5
01/01/2013,2.0311,3698,Dólar,Reais,Cotação do Dólar Venda. Fechamento Mensal,5
01/02/2013,1.9733,3698,Dólar,Reais,Cotação do Dólar Venda. Fechamento Mensal,5
01/03/2013,1.9828,3698,Dólar,Reais,Cotação do Dólar Venda. Fechamento Mensal,5
01/04/2013,2.0022,3698,Dólar,Reais,Cotação do Dólar Venda. Fechamento Mensal,5
01/05/2013,2.0348,3698,Dólar,Reais,Cotação do Dólar Venda. Fechamento Mensal,5
01/06/2013,2.1730,3698,Dólar,Reais,Cotação do Dólar Venda. Fechamento Mensal,5
01/07/2013,2.2522,3698,Dólar,Reais,Cotação do Dólar Venda. Fechamento Mensal,5
01/08/2013,2.3422,3698,Dólar,Reais,Cotação do Dólar Venda. Fechamento Mensal,5
01/09/2013,2.2705,3698,Dólar,Reais,Cotação do Dólar Venda. Fechamento Mensal,5
01/10/2013,2.1886,3698,Dólar,Reais,Cotação do Dólar Venda. Fechamento Mensal,5
01/11/2013,2.2954,3698,Dólar,Reais,Cotação do Dólar Venda. Fechamento Mensal,5
01/12/2013,2.3455,3698,Dólar,Reais,Cotação do Dólar Venda. Fechamento Mensal,5
01/01/2014,2.3822,3698,Dólar,Reais,Cotação do Dólar Venda. Fechamento Mensal,5
01/02/2014,2.3837,3698,Dólar,Reais,Cotação do Dólar Venda. Fechamento Mensal,5
01/03/2014,2.3261,3698,Dólar,Reais,Cotação do Dólar Venda. Fechamento Mensal,5
01/04/2014,2.2328,3698,Dólar,Reais,Cotação do Dólar Venda. Fechamento Mensal,5
01/05/2014,2.2209,3698,Dólar,Reais,Cotação do Dólar Venda. Fechamento Mensal,5
01/06/2014,2.2355,3698,Dólar,Reais,Cotação do Dólar Venda. Fechamento Mensal,5
01/07/2014,2.2246,3698,Dólar,Reais,Cotação do Dólar Venda. Fechamento Mensal,5
01/08/2014,2.2680,3698,Dólar,Reais,Cotação do Dólar Venda. Fechamento Mensal,5
01/09/2014,2.3329,3698,Dólar,Reais,Cotação do Dólar Venda. Fechamento Mensal,5
01/10/2014,2.4483,3698,Dólar,Reais,Cotação do Dólar Venda. Fechamento Mensal,5
01/11/2014,2.5484,3698,Dólar,Reais,Cotação do Dólar Venda. Fechamento Mensal,5
01/12/2014,2.6394,3698,Dólar,Reais,Cotação do Dólar Venda. Fechamento Mensal,5
01/01/2015,2.6342,3698,Dólar,Reais,Cotação do Dólar Venda. Fechamento Mensal,5
01/02/2015,2.8165,3698,Dólar,Reais,Cotação do Dólar Venda. Fechamento Mensal,5
01/03/2015,3.1395,3698,Dólar,Reais,Cotação do Dólar Venda. Fechamento Mensal,5
01/04/2015,3.0432,3698,Dólar,Reais,Cotação do Dólar Venda. Fechamento Mensal,5
01/05/2015,3.0617,3698,Dólar,Reais,Cotação do Dólar Venda. Fechamento Mensal,5
01/06/2015,3.1117,3698,Dólar,Reais,Cotação do Dólar Venda. Fechamento Mensal,5
01/07/2015,3.2231,3698,Dólar,Reais,Cotação do Dólar Venda. Fechamento Mensal,5
01/08/2015,3.5143,3698,Dólar,Reais,Cotação do Dólar Venda. Fechamento Mensal,5
01/09/2015,3.9065,3698,Dólar,Reais,Cotação do Dólar Venda. Fechamento Mensal,5
01/10/2015,3.8801,3698,Dólar,Reais,Cotação do Dólar Venda. Fechamento Mensal,5
01/11/2015,3.7765,3698,Dólar,Reais,Cotação do Dólar Venda. Fechamento Mensal,5
01/12/2015,3.8711,3698,Dólar,Reais,Cotação do Dólar Venda. Fechamento Mensal,5
01/01/2016,4.0524,3698,Dólar,Reais,Cotação do Dólar Venda. Fechamento Mensal,5
01/02/2016,3.9737,3698,Dólar,Reais,Cotação do Dólar Venda. Fechamento Mensal,5
01/03/2016,3.7039,3698,Dólar,Reais,Cotação do Dólar Venda. Fechamento Mensal,5
01/04/2016,3.5658,3698,Dólar,Reais,Cotação do Dólar Venda. Fechamento Mensal,5
01/05/2016,3.5393,3698,Dólar,Reais,Cotação do Dólar Venda. Fechamento Mensal,5
01/06/2016,3.4245,3698,Dólar,Reais,Cotação do Dólar Venda. Fechamento Mensal,5
01/07/2016,3.2756,3698,Dólar,Reais,Cotação do Dólar Venda. Fechamento Mensal,5
01/08/2016,3.2097,3698,Dólar,Reais,Cotação do Dólar Venda. Fechamento Mensal,5
01/09/2016,3.2564,3698,Dólar,Reais,Cotação do Dólar Venda. Fechamento Mensal,5
01/10/2016,3.1858,3698,Dólar,Reais,Cotação do Dólar Venda. Fechamento Mensal,5
01/11/2016,3.3420,3698,Dólar,Reais,Cotação do Dólar Venda. Fechamento Mensal,5
01/12/2016,3.3523,3698,Dólar,Reais,Cotação do Dólar Venda. Fechamento Mensal,5
01/01/2017,3.1966,3698,Dólar,Reais,Cotação do Dólar Venda. Fechamento Mensal,5
01/02/2017,3.1042,3698,Dólar,Reais,Cotação do Dólar Venda. Fechamento Mensal,5
01/03/2017,3.1279,3698,Dólar,Reais,Cotação do Dólar Venda. Fechamento Mensal,5
01/04/2017,3.1362,3698,Dólar,Reais,Cotação do Dólar Venda. Fechamento Mensal,5
01/05/2017,3.2095,3698,Dólar,Reais,Cotação do Dólar Venda. Fechamento Mensal,5
01/06/2017,3.2954,3698,Dólar,Reais,Cotação do Dólar Venda. Fechamento Mensal,5
01/07/2017,3.2061,3698,Dólar,Reais,Cotação do Dólar Venda. Fechamento Mensal,5
01/08/2017,3.1509,3698,Dólar,Reais,Cotação do Dólar Venda. Fechamento Mensal,5
01/09/2017,3.1348,3698,Dólar,Reais,Cotação do Dólar Venda. Fechamento Mensal,5
01/10/2017,3.1912,3698,Dólar,Reais,Cotação do Dólar Venda. Fechamento Mensal,5
01/11/2017,3.2594,3698,Dólar,Reais,Cotação do Dólar Venda. Fechamento Mensal,5
01/12/2017,3.2919,3698,Dólar,Reais,Cotação do Dólar Venda. Fechamento Mensal,5
01/01/2018,3.2106,3698,Dólar,Reais,Cotação do Dólar Venda. Fechamento Mensal,5
01/02/2018,3.2415,3698,Dólar,Reais,Cotação do Dólar Venda. Fechamento Mensal,5
01/03/2018,3.2792,3698,Dólar,Reais,Cotação do Dólar Venda. Fechamento Mensal,5
01/04/2018,3.4075,3698,Dólar,Reais,Cotação do Dólar Venda. Fechamento Mensal,5
01/05/2018,3.6361,3698,Dólar,Reais,Cotação do Dólar Venda. Fechamento Mensal,5
01/06/2018,3.7732,3698,Dólar,Reais,Cotação do Dólar Venda. Fechamento Mensal,5
01/07/2018,3.8288,3698,Dólar,Reais,Cotação do Dólar Venda. Fechamento Mensal,5
01/08/2018,3.9298,3698,Dólar,Reais,Cotação do Dólar Venda. Fechamento Mensal,5
01/09/2018,4.1165,3698,Dólar,Reais,Cotação do Dólar Venda. Fechamento Mensal,5
01/10/2018,3.7584,3698,Dólar,Reais,Cotação do Dólar Venda. Fechamento Mensal,5
01/11/2018,3.7867,3698,Dólar,Reais,Cotação do Dólar Venda. Fechamento Mensal,5
01/12/2018,3.8851,3698,Dólar,Reais,Cotação do Dólar Venda. Fechamento Mensal,5
01/01/2019,3.7417,3698,Dólar,Reais,Cotação do Dólar Venda. Fechamento Mensal,5
01/02/2019,3.7236,3698,Dólar,Reais,Cotação do Dólar Venda. Fechamento Mensal,5
01/03/2019,3.8465,3698,Dólar,Reais,Cotação do Dólar Venda. Fechamento Mensal,5
01/04/2019,3.8962,3698,Dólar,Reais,Cotação do Dólar Venda. Fechamento Mensal,5
01/05/2019,4.0015,3698,Dólar,Reais,Cotação do Dólar Venda. Fechamento Mensal,5
01/06/2019,3.8588,3698,Dólar,Reais,Cotação do Dólar Venda. Fechamento Mensal,5
01/07/2019,3.7793,3698,Dólar,Reais,Cotação do Dólar Venda. Fechamento Mensal,5
01/08/2019,4.0200,3698,Dólar,Reais,Cotação do Dólar Venda. Fechamento Mensal,5
01/09/2019,4.1215,3698,Dólar,Reais,Cotação do Dólar Venda. Fechamento Mensal,5
01/10/2019,4.0870,3698,Dólar,Reais,Cotação do Dólar Venda. Fechamento Mensal,5
01/11/2019,4.1553,3698,Dólar,Reais,Cotação do Dólar Venda. Fechamento Mensal,5
01/12/2019,4.1096,3698,Dólar,Reais,Cotação do Dólar Venda. Fechamento Mensal,5
01/01/2020,4.1495,3698,Dólar,Reais,Cotação do Dólar Venda. Fechamento Mensal,5
01/02/2020,4.3410,3698,Dólar,Reais,Cotação do Dólar Venda. Fechamento Mensal,5
01/03/2020,4.8839,3698,Dólar,Reais,Cotação do Dólar Venda. Fechamento Mensal,5
01/04/2020,5.3256,3698,Dólar,Reais,Cotação do Dólar Venda. Fechamento Mensal,5
01/05/2020,5.6434,3698,Dólar,Reais,Cotação do Dólar Venda. Fechamento Mensal,5
01/06/2020,5.1966,3698,Dólar,Reais,Cotação do Dólar Venda. Fechamento Mensal,5
01/07/2020,5.2802,3698,Dólar,Reais,Cotação do Dólar Venda. Fechamento Mensal,5
01/08/2020,5.4612,3698,Dólar,Reais,Cotação do Dólar Venda. Fechamento Mensal,5
01/09/2020,5.3995,3698,Dólar,Reais,Cotação do Dólar Venda. Fechamento Mensal,5
01/10/2020,5.6258,3698,Dólar,Reais,Cotação do Dólar Venda. Fechamento Mensal,5
01/11/2020,5.4178,3698,Dólar,Reais,Cotação do Dólar Venda. Fechamento Mensal,5
01/12/2020,5.1456,3698,Dólar,Reais,Cotação do Dólar Venda. Fechamento Mensal,5
01/01/2021,5.3562,3698,Dólar,Reais,Cotação do Dólar Venda. Fechamento Mensal,5
01/02/2021,5.4165,3698,Dólar,Reais,Cotação do Dólar Venda. Fechamento Mensal,5
01/03/2021,5.6461,3698,Dólar,Reais,Cotação do Dólar Venda. Fechamento Mensal,5
01/04/2021,5.5621,3698,Dólar,Reais,Cotação do Dólar Venda. Fechamento Mensal,5
01/05/2021,5.2911,3698,Dólar,Reais,Cotação do Dólar Venda. Fechamento Mensal,5
01/06/2021,5.0319,3698,Dólar,Reais,Cotação do Dólar Venda. Fechamento Mensal,5
01/07/2021,5.1567,3698,Dólar,Reais,Cotação do Dólar Venda. Fechamento Mensal,5
01/08/2021,5.2517,3698,Dólar,Reais,Cotação do Dólar Venda. Fechamento Mensal,5
01/09/2021,5.2797,3698,Dólar,Reais,Cotação do Dólar Venda. Fechamento Mensal,5
01/10/2021,5.5400,3698,Dólar,Reais,Cotação do Dólar Venda. Fechamento Mensal,5
01/11/2021,5.5569,3698,Dólar,Reais,Cotação do Dólar Venda. Fechamento Mensal,5
01/12/2021,5.6514,3698,Dólar,Reais,Cotação do Dólar Venda. Fechamento Mensal,5
01/01/2022,5.5341,3698,Dólar,Reais,Cotação do Dólar Venda. Fechamento Mensal,5
01/02/2022,5.1966,3698,Dólar,Reais,Cotação do Dólar Venda. Fechamento Mensal,5
01/03/2022,4.9684,3698,Dólar,Reais,Cotação do Dólar Venda. Fechamento Mensal,5
01/04/2022,4.7580,3698,Dólar,Reais,Cotação do Dólar Venda. Fechamento Mensal,5
01/05/2022,4.9551,3698,Dólar,Reais,Cotação do Dólar Venda. Fechamento Mensal,5
01/06/2022,5.0492,3698,Dólar,Reais,Cotação do Dólar Venda. Fechamento Mensal,5
01/07/2022,5.3681,3698,Dólar,Reais,Cotação do Dólar Venda. Fechamento Mensal,5
01/08/2022,5.1433,3698,Dólar,Reais,Cotação do Dólar Venda. Fechamento Mensal,5
01/09/2022,5.2370,3698,Dólar,Reais,Cotação do Dólar Venda. Fechamento Mensal,5
01/10/2022,5.2503,3698,Dólar,Reais,Cotação do Dólar Venda. Fechamento Mensal,5
01/11/2022,5.2747,3698,Dólar,Reais,Cotação do Dólar Venda. Fechamento Mensal,5
01/12/2022,5.2424,3698,Dólar,Reais,Cotação do Dólar Venda. Fechamento Mensal,5
01/01/2023,5.2007,3698,Dólar,Reais,Cotação do Dólar Venda. Fechamento Mensal,5
01/02/2023,5.1717,3698,Dólar,Reais,Cotação do Dólar Venda. Fechamento Mensal,5
01/03/2023,5.2115,3698,Dólar,Reais,Cotação do Dólar Venda. Fechamento Mensal,5
01/04/2023,5.0197,3698,Dólar,Reais,Cotação do Dólar Venda. Fechamento Mensal,5
01/05/2023,4.9828,3698,Dólar,Reais,Cotação do Dólar Venda. Fechamento Mensal,5
01/06/2023,4.8516,3698,Dólar,Reais,Cotação do Dólar Venda. Fechamento Mensal,5
01/07/2023,4.8008,3698,Dólar,Reais,Cotação do Dólar Venda. Fechamento Mensal,5
01/08/2023,4.9035,3698,Dólar,Reais,Cotação do Dólar Venda. Fechamento Mensal,5
01/09/2023,4.9370,3698,Dólar,Reais,Cotação do Dólar Venda. Fechamento Mensal,5
01/10/2023,5.0648,3698,Dólar,Reais,Cotação do Dólar Venda. Fechamento Mensal,5
01/11/2023,4.8983,3698,Dólar,Reais,Cotação do Dólar Venda. Fechamento Mensal,5
01/12/2023,4.8972,3698,Dólar,Reais,Cotação do Dólar Venda. Fechamento Mensal,5
01/01/2024,4.9144,3698,Dólar,Reais,Cotação do Dólar Venda. Fechamento Mensal,5
01/02/2024,4.9644,3698,Dólar,Reais,Cotação do Dólar Venda. Fechamento Mensal,5
01/03/2024,4.9801,3698,Dólar,Reais,Cotação do Dólar Venda. Fechamento Mensal,5
01/04/2024,5.1291,3698,Dólar,Reais,Cotação do Dólar Venda. Fechamento Mensal,5
01/05/2024,5.1330,3698,Dólar,Reais,Cotação do Dólar Venda. Fechamento Mensal,5
01/06/2024,5.3890,3698,Dólar,Reais,Cotação do Dólar Venda. Fechamento Mensal,5
01/07/2024,5.5420,3698,Dólar,Reais,Cotação do Dólar Venda. Fechamento Mensal,5
01/08/2024,5.5526,3698,Dólar,Reais,Cotação do Dólar Venda. Fechamento Mensal,5
01/09/2024,5.5416,3698,Dólar,Reais,Cotação do Dólar Venda. Fechamento Mensal,5
01/10/2024,5.6241,3698,Dólar,Reais,Cotação do Dólar Venda. Fechamento Mensal,5
01/11/2024,5.8071,3698,Dólar,Reais,Cotação do Dólar Venda. Fechamento Mensal,5
01/12/2024,6.0970,3698,Dólar,Reais,Cotação do Dólar Venda. Fechamento Mensal,5
01/01/2025,6.0218,3698,Dólar,Reais,Cotação do Dólar Venda. Fechamento Mensal,5
01/02/2025,5.7656,3698,Dólar,Reais,Cotação do Dólar Venda. Fechamento Mensal,5
01/03/2025,5.7468,3698,Dólar,Reais,Cotação do Dólar Venda. Fechamento Mensal,5
01/04/2025,5.7837,3698,Dólar,Reais,Cotação do Dólar Venda. Fechamento Mensal,5
01/05/2025,5.6674,3698,Dólar,Reais,Cotação do Dólar Venda. Fechamento Mensal,5
01/06/2025,5.5471,3698,Dólar,Reais,Cotação do Dólar Venda. Fechamento Mensal,5
01/07/2025,5.5285,3698,Dólar,Reais,Cotação do Dólar Venda. Fechamento Mensal,5
01/08/2025,5.4469,3698,Dólar,Reais,Cotação do Dólar Venda. Fechamento Mensal,5
01/09/2025,5.3674,3698,Dólar,Reais,Cotação do Dólar Venda. Fechamento Mensal,5
01/10/2025,5.3855,3698,Dólar,Reais,Cotação do Dólar Venda. Fechamento Mensal,5
01/11/2025,5.3409,3698,Dólar,Reais,Cotação do Dólar Venda. Fechamento Mensal,5
01/12/2025,5.4531,3698,Dólar,Reais,Cotação do Dólar Venda. Fechamento Mensal,5
01/01/2026,5.3380,3698,Dólar,Reais,Cotação do Dólar Venda. Fechamento Mensal,5
01/02/2026,5.2006,3698,Dólar,Reais,Cotação do Dólar Venda. Fechamento Mensal,5
01/03/2026,5.2316,3698,Dólar,Reais,Cotação do Dólar Venda. Fechamento Mensal,5
01/07/1994,64.79,1619,Salário Mínimo,Reais,Valor do Salário Mínimo Nacional,4
01/08/1994,64.79,1619,Salário Mínimo,Reais,Valor do Salário Mínimo Nacional,4
01/09/1994,70.00,1619,Salário Mínimo,Reais,Valor do Salário Mínimo Nacional,4
01/10/1994,70.00,1619,Salário Mínimo,Reais,Valor do Salário Mínimo Nacional,4
01/11/1994,70.00,1619,Salário Mínimo,Reais,Valor do Salário Mínimo Nacional,4
01/12/1994,70.00,1619,Salário Mínimo,Reais,Valor do Salário Mínimo Nacional,4
01/01/1995,70.00,1619,Salário Mínimo,Reais,Valor do Salário Mínimo Nacional,4
01/02/1995,70.00,1619,Salário Mínimo,Reais,Valor do Salário Mínimo Nacional,4
01/03/1995,70.00,1619,Salário Mínimo,Reais,Valor do Salário Mínimo Nacional,4
01/04/1995,70.00,1619,Salário Mínimo,Reais,Valor do Salário Mínimo Nacional,4
01/05/1995,100.00,1619,Salário Mínimo,Reais,Valor do Salário Mínimo Nacional,4
01/06/1995,100.00,1619,Salário Mínimo,Reais,Valor do Salário Mínimo Nacional,4
01/07/1995,100.00,1619,Salário Mínimo,Reais,Valor do Salário Mínimo Nacional,4
01/08/1995,100.00,1619,Salário Mínimo,Reais,Valor do Salário Mínimo Nacional,4
01/09/1995,100.00,1619,Salário Mínimo,Reais,Valor do Salário Mínimo Nacional,4
01/10/1995,100.00,1619,Salário Mínimo,Reais,Valor do Salário Mínimo Nacional,4
01/11/1995,100.00,1619,Salário Mínimo,Reais,Valor do Salário Mínimo Nacional,4
01/12/1995,100.00,1619,Salário Mínimo,Reais,Valor do Salário Mínimo Nacional,4
01/01/1996,100.00,1619,Salário Mínimo,Reais,Valor do Salário Mínimo Nacional,4
01/02/1996,100.00,1619,Salário Mínimo,Reais,Valor do Salário Mínimo Nacional,4
01/03/1996,100.00,1619,Salário Mínimo,Reais,Valor do Salário Mínimo Nacional,4
01/04/1996,100.00,1619,Salário Mínimo,Reais,Valor do Salário Mínimo Nacional,4
01/05/1996,112.00,1619,Salário Mínimo,Reais,Valor do Salário Mínimo Nacional,4
01/06/1996,112.00,1619,Salário Mínimo,Reais,Valor do Salário Mínimo Nacional,4
01/07/1996,112.00,1619,Salário Mínimo,Reais,Valor do Salário Mínimo Nacional,4
01/08/1996,112.00,1619,Salário Mínimo,Reais,Valor do Salário Mínimo Nacional,4
01/09/1996,112.00,1619,Salário Mínimo,Reais,Valor do Salário Mínimo Nacional,4
01/10/1996,112.00,1619,Salário Mínimo,Reais,Valor do Salário Mínimo Nacional,4
01/11/1996,112.00,1619,Salário Mínimo,Reais,Valor do Salário Mínimo Nacional,4
01/12/1996,112.00,1619,Salário Mínimo,Reais,Valor do Salário Mínimo Nacional,4
01/01/1997,112.00,1619,Salário Mínimo,Reais,Valor do Salário Mínimo Nacional,4
01/02/1997,112.00,1619,Salário Mínimo,Reais,Valor do Salário Mínimo Nacional,4
01/03/1997,112.00,1619,Salário Mínimo,Reais,Valor do Salário Mínimo Nacional,4
01/04/1997,112.00,1619,Salário Mínimo,Reais,Valor do Salário Mínimo Nacional,4
01/05/1997,120.00,1619,Salário Mínimo,Reais,Valor do Salário Mínimo Nacional,4
01/06/1997,120.00,1619,Salário Mínimo,Reais,Valor do Salário Mínimo Nacional,4
01/07/1997,120.00,1619,Salário Mínimo,Reais,Valor do Salário Mínimo Nacional,4
01/08/1997,120.00,1619,Salário Mínimo,Reais,Valor do Salário Mínimo Nacional,4
01/09/1997,120.00,1619,Salário Mínimo,Reais,Valor do Salário Mínimo Nacional,4
01/10/1997,120.00,1619,Salário Mínimo,Reais,Valor do Salário Mínimo Nacional,4
01/11/1997,120.00,1619,Salário Mínimo,Reais,Valor do Salário Mínimo Nacional,4
01/12/1997,120.00,1619,Salário Mínimo,Reais,Valor do Salário Mínimo Nacional,4
01/01/1998,120.00,1619,Salário Mínimo,Reais,Valor do Salário Mínimo Nacional,4
01/02/1998,120.00,1619,Salário Mínimo,Reais,Valor do Salário Mínimo Nacional,4
01/03/1998,120.00,1619,Salário Mínimo,Reais,Valor do Salário Mínimo Nacional,4
01/04/1998,120.00,1619,Salário Mínimo,Reais,Valor do Salário Mínimo Nacional,4
01/05/1998,130.00,1619,Salário Mínimo,Reais,Valor do Salário Mínimo Nacional,4
01/06/1998,130.00,1619,Salário Mínimo,Reais,Valor do Salário Mínimo Nacional,4
01/07/1998,130.00,1619,Salário Mínimo,Reais,Valor do Salário Mínimo Nacional,4
01/08/1998,130.00,1619,Salário Mínimo,Reais,Valor do Salário Mínimo Nacional,4
01/09/1998,130.00,1619,Salário Mínimo,Reais,Valor do Salário Mínimo Nacional,4
01/10/1998,130.00,1619,Salário Mínimo,Reais,Valor do Salário Mínimo Nacional,4
01/11/1998,130.00,1619,Salário Mínimo,Reais,Valor do Salário Mínimo Nacional,4
01/12/1998,130.00,1619,Salário Mínimo,Reais,Valor do Salário Mínimo Nacional,4
01/01/1999,130.00,1619,Salário Mínimo,Reais,Valor do Salário Mínimo Nacional,4
01/02/1999,130.00,1619,Salário Mínimo,Reais,Valor do Salário Mínimo Nacional,4
01/03/1999,130.00,1619,Salário Mínimo,Reais,Valor do Salário Mínimo Nacional,4
01/04/1999,130.00,1619,Salário Mínimo,Reais,Valor do Salário Mínimo Nacional,4
01/05/1999,136.00,1619,Salário Mínimo,Reais,Valor do Salário Mínimo Nacional,4
01/06/1999,136.00,1619,Salário Mínimo,Reais,Valor do Salário Mínimo Nacional,4
01/07/1999,136.00,1619,Salário Mínimo,Reais,Valor do Salário Mínimo Nacional,4
01/08/1999,136.00,1619,Salário Mínimo,Reais,Valor do Salário Mínimo Nacional,4
01/09/1999,136.00,1619,Salário Mínimo,Reais,Valor do Salário Mínimo Nacional,4
01/10/1999,136.00,1619,Salário Mínimo,Reais,Valor do Salário Mínimo Nacional,4
01/11/1999,136.00,1619,Salário Mínimo,Reais,Valor do Salário Mínimo Nacional,4
01/12/1999,136.00,1619,Salário Mínimo,Reais,Valor do Salário Mínimo Nacional,4
01/01/2000,136.00,1619,Salário Mínimo,Reais,Valor do Salário Mínimo Nacional,4
01/02/2000,136.00,1619,Salário Mínimo,Reais,Valor do Salário Mínimo Nacional,4
01/03/2000,136.00,1619,Salário Mínimo,Reais,Valor do Salário Mínimo Nacional,4
01/04/2000,151.00,1619,Salário Mínimo,Reais,Valor do Salário Mínimo Nacional,4
01/05/2000,151.00,1619,Salário Mínimo,Reais,Valor do Salário Mínimo Nacional,4
01/06/2000,151.00,1619,Salário Mínimo,Reais,Valor do Salário Mínimo Nacional,4
01/07/2000,151.00,1619,Salário Mínimo,Reais,Valor do Salário Mínimo Nacional,4
01/08/2000,151.00,1619,Salário Mínimo,Reais,Valor do Salário Mínimo Nacional,4
01/09/2000,151.00,1619,Salário Mínimo,Reais,Valor do Salário Mínimo Nacional,4
01/10/2000,151.00,1619,Salário Mínimo,Reais,Valor do Salário Mínimo Nacional,4
01/11/2000,151.00,1619,Salário Mínimo,Reais,Valor do Salário Mínimo Nacional,4
01/12/2000,151.00,1619,Salário Mínimo,Reais,Valor do Salário Mínimo Nacional,4
01/01/2001,151.00,1619,Salário Mínimo,Reais,Valor do Salário Mínimo Nacional,4
01/02/2001,151.00,1619,Salário Mínimo,Reais,Valor do Salário Mínimo Nacional,4
01/03/2001,151.00,1619,Salário Mínimo,Reais,Valor do Salário Mínimo Nacional,4
01/04/2001,180.00,1619,Salário Mínimo,Reais,Valor do Salário Mínimo Nacional,4
01/05/2001,180.00,1619,Salário Mínimo,Reais,Valor do Salário Mínimo Nacional,4
01/06/2001,180.00,1619,Salário Mínimo,Reais,Valor do Salário Mínimo Nacional,4
01/07/2001,180.00,1619,Salário Mínimo,Reais,Valor do Salário Mínimo Nacional,4
01/08/2001,180.00,1619,Salário Mínimo,Reais,Valor do Salário Mínimo Nacional,4
01/09/2001,180.00,1619,Salário Mínimo,Reais,Valor do Salário Mínimo Nacional,4
01/10/2001,180.00,1619,Salário Mínimo,Reais,Valor do Salário Mínimo Nacional,4
01/11/2001,180.00,1619,Salário Mínimo,Reais,Valor do Salário Mínimo Nacional,4
01/12/2001,180.00,1619,Salário Mínimo,Reais,Valor do Salário Mínimo Nacional,4
01/01/2002,180.00,1619,Salário Mínimo,Reais,Valor do Salário Mínimo Nacional,4
01/02/2002,180.00,1619,Salário Mínimo,Reais,Valor do Salário Mínimo Nacional,4
01/03/2002,180.00,1619,Salário Mínimo,Reais,Valor do Salário Mínimo Nacional,4
01/04/2002,200.00,1619,Salário Mínimo,Reais,Valor do Salário Mínimo Nacional,4
01/05/2002,200.00,1619,Salário Mínimo,Reais,Valor do Salário Mínimo Nacional,4
01/06/2002,200.00,1619,Salário Mínimo,Reais,Valor do Salário Mínimo Nacional,4
01/07/2002,200.00,1619,Salário Mínimo,Reais,Valor do Salário Mínimo Nacional,4
01/08/2002,200.00,1619,Salário Mínimo,Reais,Valor do Salário Mínimo Nacional,4
01/09/2002,200.00,1619,Salário Mínimo,Reais,Valor do Salário Mínimo Nacional,4
01/10/2002,200.00,1619,Salário Mínimo,Reais,Valor do Salário Mínimo Nacional,4
01/11/2002,200.00,1619,Salário Mínimo,Reais,Valor do Salário Mínimo Nacional,4
01/12/2002,200.00,1619,Salário Mínimo,Reais,Valor do Salário Mínimo Nacional,4
01/01/2003,200.00,1619,Salário Mínimo,Reais,Valor do Salário Mínimo Nacional,4
01/02/2003,200.00,1619,Salário Mínimo,Reais,Valor do Salário Mínimo Nacional,4
01/03/2003,200.00,1619,Salário Mínimo,Reais,Valor do Salário Mínimo Nacional,4
01/04/2003,240.00,1619,Salário Mínimo,Reais,Valor do Salário Mínimo Nacional,4
01/05/2003,240.00,1619,Salário Mínimo,Reais,Valor do Salário Mínimo Nacional,4
01/06/2003,240.00,1619,Salário Mínimo,Reais,Valor do Salário Mínimo Nacional,4
01/07/2003,240.00,1619,Salário Mínimo,Reais,Valor do Salário Mínimo Nacional,4
01/08/2003,240.00,1619,Salário Mínimo,Reais,Valor do Salário Mínimo Nacional,4
01/09/2003,240.00,1619,Salário Mínimo,Reais,Valor do Salário Mínimo Nacional,4
01/10/2003,240.00,1619,Salário Mínimo,Reais,Valor do Salário Mínimo Nacional,4
01/11/2003,240.00,1619,Salário Mínimo,Reais,Valor do Salário Mínimo Nacional,4
01/12/2003,240.00,1619,Salário Mínimo,Reais,Valor do Salário Mínimo Nacional,4
01/01/2004,240.00,1619,Salário Mínimo,Reais,Valor do Salário Mínimo Nacional,4
01/02/2004,240.00,1619,Salário Mínimo,Reais,Valor do Salário Mínimo Nacional,4
01/03/2004,240.00,1619,Salário Mínimo,Reais,Valor do Salário Mínimo Nacional,4
01/04/2004,240.00,1619,Salário Mínimo,Reais,Valor do Salário Mínimo Nacional,4
01/05/2004,260.00,1619,Salário Mínimo,Reais,Valor do Salário Mínimo Nacional,4
01/06/2004,260.00,1619,Salário Mínimo,Reais,Valor do Salário Mínimo Nacional,4
01/07/2004,260.00,1619,Salário Mínimo,Reais,Valor do Salário Mínimo Nacional,4
01/08/2004,260.00,1619,Salário Mínimo,Reais,Valor do Salário Mínimo Nacional,4
01/09/2004,260.00,1619,Salário Mínimo,Reais,Valor do Salário Mínimo Nacional,4
01/10/2004,260.00,1619,Salário Mínimo,Reais,Valor do Salário Mínimo Nacional,4
01/11/2004,260.00,1619,Salário Mínimo,Reais,Valor do Salário Mínimo Nacional,4
01/12/2004,260.00,1619,Salário Mínimo,Reais,Valor do Salário Mínimo Nacional,4
01/01/2005,260.00,1619,Salário Mínimo,Reais,Valor do Salário Mínimo Nacional,4
01/02/2005,260.00,1619,Salário Mínimo,Reais,Valor do Salário Mínimo Nacional,4
01/03/2005,260.00,1619,Salário Mínimo,Reais,Valor do Salário Mínimo Nacional,4
01/04/2005,260.00,1619,Salário Mínimo,Reais,Valor do Salário Mínimo Nacional,4
01/05/2005,300.00,1619,Salário Mínimo,Reais,Valor do Salário Mínimo Nacional,4
01/06/2005,300.00,1619,Salário Mínimo,Reais,Valor do Salário Mínimo Nacional,4
01/07/2005,300.00,1619,Salário Mínimo,Reais,Valor do Salário Mínimo Nacional,4
01/08/2005,300.00,1619,Salário Mínimo,Reais,Valor do Salário Mínimo Nacional,4
01/09/2005,300.00,1619,Salário Mínimo,Reais,Valor do Salário Mínimo Nacional,4
01/10/2005,300.00,1619,Salário Mínimo,Reais,Valor do Salário Mínimo Nacional,4
01/11/2005,300.00,1619,Salário Mínimo,Reais,Valor do Salário Mínimo Nacional,4
01/12/2005,300.00,1619,Salário Mínimo,Reais,Valor do Salário Mínimo Nacional,4
01/01/2006,300.00,1619,Salário Mínimo,Reais,Valor do Salário Mínimo Nacional,4
01/02/2006,300.00,1619,Salário Mínimo,Reais,Valor do Salário Mínimo Nacional,4
01/03/2006,300.00,1619,Salário Mínimo,Reais,Valor do Salário Mínimo Nacional,4
01/04/2006,350.00,1619,Salário Mínimo,Reais,Valor do Salário Mínimo Nacional,4
01/05/2006,350.00,1619,Salário Mínimo,Reais,Valor do Salário Mínimo Nacional,4
01/06/2006,350.00,1619,Salário Mínimo,Reais,Valor do Salário Mínimo Nacional,4
01/07/2006,350.00,1619,Salário Mínimo,Reais,Valor do Salário Mínimo Nacional,4
01/08/2006,350.00,1619,Salário Mínimo,Reais,Valor do Salário Mínimo Nacional,4
01/09/2006,350.00,1619,Salário Mínimo,Reais,Valor do Salário Mínimo Nacional,4
01/10/2006,350.00,1619,Salário Mínimo,Reais,Valor do Salário Mínimo Nacional,4
01/11/2006,350.00,1619,Salário Mínimo,Reais,Valor do Salário Mínimo Nacional,4
01/12/2006,350.00,1619,Salário Mínimo,Reais,Valor do Salário Mínimo Nacional,4
01/01/2007,350.00,1619,Salário Mínimo,Reais,Valor do Salário Mínimo Nacional,4
01/02/2007,350.00,1619,Salário Mínimo,Reais,Valor do Salário Mínimo Nacional,4
01/03/2007,350.00,1619,Salário Mínimo,Reais,Valor do Salário Mínimo Nacional,4
01/04/2007,380.00,1619,Salário Mínimo,Reais,Valor do Salário Mínimo Nacional,4
01/05/2007,380.00,1619,Salário Mínimo,Reais,Valor do Salário Mínimo Nacional,4
01/06/2007,380.00,1619,Salário Mínimo,Reais,Valor do Salário Mínimo Nacional,4
01/07/2007,380.00,1619,Salário Mínimo,Reais,Valor do Salário Mínimo Nacional,4
01/08/2007,380.00,1619,Salário Mínimo,Reais,Valor do Salário Mínimo Nacional,4
01/09/2007,380.00,1619,Salário Mínimo,Reais,Valor do Salário Mínimo Nacional,4
01/10/2007,380.00,1619,Salário Mínimo,Reais,Valor do Salário Mínimo Nacional,4
01/11/2007,380.00,1619,Salário Mínimo,Reais,Valor do Salário Mínimo Nacional,4
01/12/2007,380.00,1619,Salário Mínimo,Reais,Valor do Salário Mínimo Nacional,4
01/01/2008,380.00,1619,Salário Mínimo,Reais,Valor do Salário Mínimo Nacional,4
01/02/2008,380.00,1619,Salário Mínimo,Reais,Valor do Salário Mínimo Nacional,4
01/03/2008,415.00,1619,Salário Mínimo,Reais,Valor do Salário Mínimo Nacional,4
01/04/2008,415.00,1619,Salário Mínimo,Reais,Valor do Salário Mínimo Nacional,4
01/05/2008,415.00,1619,Salário Mínimo,Reais,Valor do Salário Mínimo Nacional,4
01/06/2008,415.00,1619,Salário Mínimo,Reais,Valor do Salário Mínimo Nacional,4
01/07/2008,415.00,1619,Salário Mínimo,Reais,Valor do Salário Mínimo Nacional,4
01/08/2008,415.00,1619,Salário Mínimo,Reais,Valor do Salário Mínimo Nacional,4
01/09/2008,415.00,1619,Salário Mínimo,Reais,Valor do Salário Mínimo Nacional,4
01/10/2008,415.00,1619,Salário Mínimo,Reais,Valor do Salário Mínimo Nacional,4
01/11/2008,415.00,1619,Salário Mínimo,Reais,Valor do Salário Mínimo Nacional,4
01/12/2008,415.00,1619,Salário Mínimo,Reais,Valor do Salário Mínimo Nacional,4
01/01/2009,415.00,1619,Salário Mínimo,Reais,Valor do Salário Mínimo Nacional,4
01/02/2009,465.00,1619,Salário Mínimo,Reais,Valor do Salário Mínimo Nacional,4
01/03/2009,465.00,1619,Salário Mínimo,Reais,Valor do Salário Mínimo Nacional,4
01/04/2009,465.00,1619,Salário Mínimo,Reais,Valor do Salário Mínimo Nacional,4
01/05/2009,465.00,1619,Salário Mínimo,Reais,Valor do Salário Mínimo Nacional,4
01/06/2009,465.00,1619,Salário Mínimo,Reais,Valor do Salário Mínimo Nacional,4
01/07/2009,465.00,1619,Salário Mínimo,Reais,Valor do Salário Mínimo Nacional,4
01/08/2009,465.00,1619,Salário Mínimo,Reais,Valor do Salário Mínimo Nacional,4
01/09/2009,465.00,1619,Salário Mínimo,Reais,Valor do Salário Mínimo Nacional,4
01/10/2009,465.00,1619,Salário Mínimo,Reais,Valor do Salário Mínimo Nacional,4
01/11/2009,465.00,1619,Salário Mínimo,Reais,Valor do Salário Mínimo Nacional,4
01/12/2009,465.00,1619,Salário Mínimo,Reais,Valor do Salário Mínimo Nacional,4
01/01/2010,510.00,1619,Salário Mínimo,Reais,Valor do Salário Mínimo Nacional,4
01/02/2010,510.00,1619,Salário Mínimo,Reais,Valor do Salário Mínimo Nacional,4
01/03/2010,510.00,1619,Salário Mínimo,Reais,Valor do Salário Mínimo Nacional,4
01/04/2010,510.00,1619,Salário Mínimo,Reais,Valor do Salário Mínimo Nacional,4
01/05/2010,510.00,1619,Salário Mínimo,Reais,Valor do Salário Mínimo Nacional,4
01/06/2010,510.00,1619,Salário Mínimo,Reais,Valor do Salário Mínimo Nacional,4
01/07/2010,510.00,1619,Salário Mínimo,Reais,Valor do Salário Mínimo Nacional,4
01/08/2010,510.00,1619,Salário Mínimo,Reais,Valor do Salário Mínimo Nacional,4
01/09/2010,510.00,1619,Salário Mínimo,Reais,Valor do Salário Mínimo Nacional,4
01/10/2010,510.00,1619,Salário Mínimo,Reais,Valor do Salário Mínimo Nacional,4
01/11/2010,510.00,1619,Salário Mínimo,Reais,Valor do Salário Mínimo Nacional,4
01/12/2010,510.00,1619,Salário Mínimo,Reais,Valor do Salário Mínimo Nacional,4
01/01/2011,540.00,1619,Salário Mínimo,Reais,Valor do Salário Mínimo Nacional,4
01/02/2011,540.00,1619,Salário Mínimo,Reais,Valor do Salário Mínimo Nacional,4
01/03/2011,545.00,1619,Salário Mínimo,Reais,Valor do Salário Mínimo Nacional,4
01/04/2011,545.00,1619,Salário Mínimo,Reais,Valor do Salário Mínimo Nacional,4
01/05/2011,545.00,1619,Salário Mínimo,Reais,Valor do Salário Mínimo Nacional,4
01/06/2011,545.00,1619,Salário Mínimo,Reais,Valor do Salário Mínimo Nacional,4
01/07/2011,545.00,1619,Salário Mínimo,Reais,Valor do Salário Mínimo Nacional,4
01/08/2011,545.00,1619,Salário Mínimo,Reais,Valor do Salário Mínimo Nacional,4
01/09/2011,545.00,1619,Salário Mínimo,Reais,Valor do Salário Mínimo Nacional,4
01/10/2011,545.00,1619,Salário Mínimo,Reais,Valor do Salário Mínimo Nacional,4
01/11/2011,545.00,1619,Salário Mínimo,Reais,Valor do Salário Mínimo Nacional,4
01/12/2011,545.00,1619,Salário Mínimo,Reais,Valor do Salário Mínimo Nacional,4
01/01/2012,622.00,1619,Salário Mínimo,Reais,Valor do Salário Mínimo Nacional,4
01/02/2012,622.00,1619,Salário Mínimo,Reais,Valor do Salário Mínimo Nacional,4
01/03/2012,622.00,1619,Salário Mínimo,Reais,Valor do Salário Mínimo Nacional,4
01/04/2012,622.00,1619,Salário Mínimo,Reais,Valor do Salário Mínimo Nacional,4
01/05/2012,622.00,1619,Salário Mínimo,Reais,Valor do Salário Mínimo Nacional,4
01/06/2012,622.00,1619,Salário Mínimo,Reais,Valor do Salário Mínimo Nacional,4
01/07/2012,622.00,1619,Salário Mínimo,Reais,Valor do Salário Mínimo Nacional,4
01/08/2012,622.00,1619,Salário Mínimo,Reais,Valor do Salário Mínimo Nacional,4
01/09/2012,622.00,1619,Salário Mínimo,Reais,Valor do Salário Mínimo Nacional,4
01/10/2012,622.00,1619,Salário Mínimo,Reais,Valor do Salário Mínimo Nacional,4
01/11/2012,622.00,1619,Salário Mínimo,Reais,Valor do Salário Mínimo Nacional,4
01/12/2012,622.00,1619,Salário Mínimo,Reais,Valor do Salário Mínimo Nacional,4
01/01/2013,678.00,1619,Salário Mínimo,Reais,Valor do Salário Mínimo Nacional,4
01/02/2013,678.00,1619,Salário Mínimo,Reais,Valor do Salário Mínimo Nacional,4
01/03/2013,678.00,1619,Salário Mínimo,Reais,Valor do Salário Mínimo Nacional,4
01/04/2013,678.00,1619,Salário Mínimo,Reais,Valor do Salário Mínimo Nacional,4
01/05/2013,678.00,1619,Salário Mínimo,Reais,Valor do Salário Mínimo Nacional,4
01/06/2013,678.00,1619,Salário Mínimo,Reais,Valor do Salário Mínimo Nacional,4
01/07/2013,678.00,1619,Salário Mínimo,Reais,Valor do Salário Mínimo Nacional,4
01/08/2013,678.00,1619,Salário Mínimo,Reais,Valor do Salário Mínimo Nacional,4
01/09/2013,678.00,1619,Salário Mínimo,Reais,Valor do Salário Mínimo Nacional,4
01/10/2013,678.00,1619,Salário Mínimo,Reais,Valor do Salário Mínimo Nacional,4
01/11/2013,678.00,1619,Salário Mínimo,Reais,Valor do Salário Mínimo Nacional,4
01/12/2013,678.00,1619,Salário Mínimo,Reais,Valor do Salário Mínimo Nacional,4
01/01/2014,724.00,1619,Salário Mínimo,Reais,Valor do Salário Mínimo Nacional,4
01/02/2014,724.00,1619,Salário Mínimo,Reais,Valor do Salário Mínimo Nacional,4
01/03/2014,724.00,1619,Salário Mínimo,Reais,Valor do Salário Mínimo Nacional,4
01/04/2014,724.00,1619,Salário Mínimo,Reais,Valor do Salário Mínimo Nacional,4
01/05/2014,724.00,1619,Salário Mínimo,Reais,Valor do Salário Mínimo Nacional,4
01/06/2014,724.00,1619,Salário Mínimo,Reais,Valor do Salário Mínimo Nacional,4
01/07/2014,724.00,1619,Salário Mínimo,Reais,Valor do Salário Mínimo Nacional,4
01/08/2014,724.00,1619,Salário Mínimo,Reais,Valor do Salário Mínimo Nacional,4
01/09/2014,724.00,1619,Salário Mínimo,Reais,Valor do Salário Mínimo Nacional,4
01/10/2014,724.00,1619,Salário Mínimo,Reais,Valor do Salário Mínimo Nacional,4
01/11/2014,724.00,1619,Salário Mínimo,Reais,Valor do Salário Mínimo Nacional,4
01/12/2014,724.00,1619,Salário Mínimo,Reais,Valor do Salário Mínimo Nacional,4
01/01/2015,788.00,1619,Salário Mínimo,Reais,Valor do Salário Mínimo Nacional,4
01/02/2015,788.00,1619,Salário Mínimo,Reais,Valor do Salário Mínimo Nacional,4
01/03/2015,788.00,1619,Salário Mínimo,Reais,Valor do Salário Mínimo Nacional,4
01/04/2015,788.00,1619,Salário Mínimo,Reais,Valor do Salário Mínimo Nacional,4
01/05/2015,788.00,1619,Salário Mínimo,Reais,Valor do Salário Mínimo Nacional,4
01/06/2015,788.00,1619,Salário Mínimo,Reais,Valor do Salário Mínimo Nacional,4
01/07/2015,788.00,1619,Salário Mínimo,Reais,Valor do Salário Mínimo Nacional,4
01/08/2015,788.00,1619,Salário Mínimo,Reais,Valor do Salário Mínimo Nacional,4
01/09/2015,788.00,1619,Salário Mínimo,Reais,Valor do Salário Mínimo Nacional,4
01/10/2015,788.00,1619,Salário Mínimo,Reais,Valor do Salário Mínimo Nacional,4
01/11/2015,788.00,1619,Salário Mínimo,Reais,Valor do Salário Mínimo Nacional,4
01/12/2015,788.00,1619,Salário Mínimo,Reais,Valor do Salário Mínimo Nacional,4
01/01/2016,880.00,1619,Salário Mínimo,Reais,Valor do Salário Mínimo Nacional,4
01/02/2016,880.00,1619,Salário Mínimo,Reais,Valor do Salário Mínimo Nacional,4
01/03/2016,880.00,1619,Salário Mínimo,Reais,Valor do Salário Mínimo Nacional,4
01/04/2016,880.00,1619,Salário Mínimo,Reais,Valor do Salário Mínimo Nacional,4
01/05/2016,880.00,1619,Salário Mínimo,Reais,Valor do Salário Mínimo Nacional,4
01/06/2016,880.00,1619,Salário Mínimo,Reais,Valor do Salário Mínimo Nacional,4
01/07/2016,880.00,1619,Salário Mínimo,Reais,Valor do Salário Mínimo Nacional,4
01/08/2016,880.00,1619,Salário Mínimo,Reais,Valor do Salário Mínimo Nacional,4
01/09/2016,880.00,1619,Salário Mínimo,Reais,Valor do Salário Mínimo Nacional,4
01/10/2016,880.00,1619,Salário Mínimo,Reais,Valor do Salário Mínimo Nacional,4
01/11/2016,880.00,1619,Salário Mínimo,Reais,Valor do Salário Mínimo Nacional,4
01/12/2016,880.00,1619,Salário Mínimo,Reais,Valor do Salário Mínimo Nacional,4
01/01/2017,937.00,1619,Salário Mínimo,Reais,Valor do Salário Mínimo Nacional,4
01/02/2017,937.00,1619,Salário Mínimo,Reais,Valor do Salário Mínimo Nacional,4
01/03/2017,937.00,1619,Salário Mínimo,Reais,Valor do Salário Mínimo Nacional,4
01/04/2017,937.00,1619,Salário Mínimo,Reais,Valor do Salário Mínimo Nacional,4
01/05/2017,937.00,1619,Salário Mínimo,Reais,Valor do Salário Mínimo Nacional,4
01/06/2017,937.00,1619,Salário Mínimo,Reais,Valor do Salário Mínimo Nacional,4
01/07/2017,937.00,1619,Salário Mínimo,Reais,Valor do Salário Mínimo Nacional,4
01/08/2017,937.00,1619,Salário Mínimo,Reais,Valor do Salário Mínimo Nacional,4
01/09/2017,937.00,1619,Salário Mínimo,Reais,Valor do Salário Mínimo Nacional,4
01/10/2017,937.00,1619,Salário Mínimo,Reais,Valor do Salário Mínimo Nacional,4
01/11/2017,937.00,1619,Salário Mínimo,Reais,Valor do Salário Mínimo Nacional,4
01/12/2017,937.00,1619,Salário Mínimo,Reais,Valor do Salário Mínimo Nacional,4
01/01/2018,954.00,1619,Salário Mínimo,Reais,Valor do Salário Mínimo Nacional,4
01/02/2018,954.00,1619,Salário Mínimo,Reais,Valor do Salário Mínimo Nacional,4
01/03/2018,954.00,1619,Salário Mínimo,Reais,Valor do Salário Mínimo Nacional,4
01/04/2018,954.00,1619,Salário Mínimo,Reais,Valor do Salário Mínimo Nacional,4
01/05/2018,954.00,1619,Salário Mínimo,Reais,Valor do Salário Mínimo Nacional,4
01/06/2018,954.00,1619,Salário Mínimo,Reais,Valor do Salário Mínimo Nacional,4
01/07/2018,954.00,1619,Salário Mínimo,Reais,Valor do Salário Mínimo Nacional,4
01/08/2018,954.00,1619,Salário Mínimo,Reais,Valor do Salário Mínimo Nacional,4
01/09/2018,954.00,1619,Salário Mínimo,Reais,Valor do Salário Mínimo Nacional,4
01/10/2018,954.00,1619,Salário Mínimo,Reais,Valor do Salário Mínimo Nacional,4
01/11/2018,954.00,1619,Salário Mínimo,Reais,Valor do Salário Mínimo Nacional,4
01/12/2018,954.00,1619,Salário Mínimo,Reais,Valor do Salário Mínimo Nacional,4
01/01/2019,998.00,1619,Salário Mínimo,Reais,Valor do Salário Mínimo Nacional,4
01/02/2019,998.00,1619,Salário Mínimo,Reais,Valor do Salário Mínimo Nacional,4
01/03/2019,998.00,1619,Salário Mínimo,Reais,Valor do Salário Mínimo Nacional,4
01/04/2019,998.00,1619,Salário Mínimo,Reais,Valor do Salário Mínimo Nacional,4
01/05/2019,998.00,1619,Salário Mínimo,Reais,Valor do Salário Mínimo Nacional,4
01/06/2019,998.00,1619,Salário Mínimo,Reais,Valor do Salário Mínimo Nacional,4
01/07/2019,998.00,1619,Salário Mínimo,Reais,Valor do Salário Mínimo Nacional,4
01/08/2019,998.00,1619,Salário Mínimo,Reais,Valor do Salário Mínimo Nacional,4
01/09/2019,998.00,1619,Salário Mínimo,Reais,Valor do Salário Mínimo Nacional,4
01/10/2019,998.00,1619,Salário Mínimo,Reais,Valor do Salário Mínimo Nacional,4
01/11/2019,998.00,1619,Salário Mínimo,Reais,Valor do Salário Mínimo Nacional,4
01/12/2019,998.00,1619,Salário Mínimo,Reais,Valor do Salário Mínimo Nacional,4
01/01/2020,1039.00,1619,Salário Mínimo,Reais,Valor do Salário Mínimo Nacional,4
01/02/2020,1045.00,1619,Salário Mínimo,Reais,Valor do Salário Mínimo Nacional,4
01/03/2020,1045.00,1619,Salário Mínimo,Reais,Valor do Salário Mínimo Nacional,4
01/04/2020,1045.00,1619,Salário Mínimo,Reais,Valor do Salário Mínimo Nacional,4
01/05/2020,1045.00,1619,Salário Mínimo,Reais,Valor do Salário Mínimo Nacional,4
01/06/2020,1045.00,1619,Salário Mínimo,Reais,Valor do Salário Mínimo Nacional,4
01/07/2020,1045.00,1619,Salário Mínimo,Reais,Valor do Salário Mínimo Nacional,4
01/08/2020,1045.00,1619,Salário Mínimo,Reais,Valor do Salário Mínimo Nacional,4
01/09/2020,1045.00,1619,Salário Mínimo,Reais,Valor do Salário Mínimo Nacional,4
01/10/2020,1045.00,1619,Salário Mínimo,Reais,Valor do Salário Mínimo Nacional,4
01/11/2020,1045.00,1619,Salário Mínimo,Reais,Valor do Salário Mínimo Nacional,4
01/12/2020,1045.00,1619,Salário Mínimo,Reais,Valor do Salário Mínimo Nacional,4
01/01/2021,1100.00,1619,Salário Mínimo,Reais,Valor do Salário Mínimo Nacional,4
01/02/2021,1100.00,1619,Salário Mínimo,Reais,Valor do Salário Mínimo Nacional,4
01/03/2021,1100.00,1619,Salário Mínimo,Reais,Valor do Salário Mínimo Nacional,4
01/04/2021,1100.00,1619,Salário Mínimo,Reais,Valor do Salário Mínimo Nacional,4
01/05/2021,1100.00,1619,Salário Mínimo,Reais,Valor do Salário Mínimo Nacional,4
01/06/2021,1100.00,1619,Salário Mínimo,Reais,Valor do Salário Mínimo Nacional,4
01/07/2021,1100.00,1619,Salário Mínimo,Reais,Valor do Salário Mínimo Nacional,4
01/08/2021,1100.00,1619,Salário Mínimo,Reais,Valor do Salário Mínimo Nacional,4
01/09/2021,1100.00,1619,Salário Mínimo,Reais,Valor do Salário Mínimo Nacional,4
01/10/2021,1100.00,1619,Salário Mínimo,Reais,Valor do Salário Mínimo Nacional,4
01/11/2021,1100.00,1619,Salário Mínimo,Reais,Valor do Salário Mínimo Nacional,4
01/12/2021,1100.00,1619,Salário Mínimo,Reais,Valor do Salário Mínimo Nacional,4
01/01/2022,1212.00,1619,Salário Mínimo,Reais,Valor do Salário Mínimo Nacional,4
01/02/2022,1212.00,1619,Salário Mínimo,Reais,Valor do Salário Mínimo Nacional,4
01/03/2022,1212.00,1619,Salário Mínimo,Reais,Valor do Salário Mínimo Nacional,4
01/04/2022,1212.00,1619,Salário Mínimo,Reais,Valor do Salário Mínimo Nacional,4
01/05/2022,1212.00,1619,Salário Mínimo,Reais,Valor do Salário Mínimo Nacional,4
01/06/2022,1212.00,1619,Salário Mínimo,Reais,Valor do Salário Mínimo Nacional,4
01/07/2022,1212.00,1619,Salário Mínimo,Reais,Valor do Salário Mínimo Nacional,4
01/08/2022,1212.00,1619,Salário Mínimo,Reais,Valor do Salário Mínimo Nacional,4
01/09/2022,1212.00,1619,Salário Mínimo,Reais,Valor do Salário Mínimo Nacional,4
01/10/2022,1212.00,1619,Salário Mínimo,Reais,Valor do Salário Mínimo Nacional,4
01/11/2022,1212.00,1619,Salário Mínimo,Reais,Valor do Salário Mínimo Nacional,4
01/12/2022,1212.00,1619,Salário Mínimo,Reais,Valor do Salário Mínimo Nacional,4
01/01/2023,1302.00,1619,Salário Mínimo,Reais,Valor do Salário Mínimo Nacional,4
01/02/2023,1302.00,1619,Salário Mínimo,Reais,Valor do Salário Mínimo Nacional,4
01/03/2023,1302.00,1619,Salário Mínimo,Reais,Valor do Salário Mínimo Nacional,4
01/04/2023,1302.00,1619,Salário Mínimo,Reais,Valor do Salário Mínimo Nacional,4
01/05/2023,1320.00,1619,Salário Mínimo,Reais,Valor do Salário Mínimo Nacional,4
01/06/2023,1320.00,1619,Salário Mínimo,Reais,Valor do Salário Mínimo Nacional,4
01/07/2023,1320.00,1619,Salário Mínimo,Reais,Valor do Salário Mínimo Nacional,4
01/08/2023,1320.00,1619,Salário Mínimo,Reais,Valor do Salário Mínimo Nacional,4
01/09/2023,1320.00,1619,Salário Mínimo,Reais,Valor do Salário Mínimo Nacional,4
01/10/2023,1320.00,1619,Salário Mínimo,Reais,Valor do Salário Mínimo Nacional,4
01/11/2023,1320.00,1619,Salário Mínimo,Reais,Valor do Salário Mínimo Nacional,4
01/12/2023,1320.00,1619,Salário Mínimo,Reais,Valor do Salário Mínimo Nacional,4
01/01/2024,1412.00,1619,Salário Mínimo,Reais,Valor do Salário Mínimo Nacional,4
01/02/2024,1412.00,1619,Salário Mínimo,Reais,Valor do Salário Mínimo Nacional,4
01/03/2024,1412.00,1619,Salário Mínimo,Reais,Valor do Salário Mínimo Nacional,4
01/04/2024,1412.00,1619,Salário Mínimo,Reais,Valor do Salário Mínimo Nacional,4
01/05/2024,1412.00,1619,Salário Mínimo,Reais,Valor do Salário Mínimo Nacional,4
01/06/2024,1412.00,1619,Salário Mínimo,Reais,Valor do Salário Mínimo Nacional,4
01/07/2024,1412.00,1619,Salário Mínimo,Reais,Valor do Salário Mínimo Nacional,4
01/08/2024,1412.00,1619,Salário Mínimo,Reais,Valor do Salário Mínimo Nacional,4
01/09/2024,1412.00,1619,Salário Mínimo,Reais,Valor do Salário Mínimo Nacional,4
01/10/2024,1412.00,1619,Salário Mínimo,Reais,Valor do Salário Mínimo Nacional,4
01/11/2024,1412.00,1619,Salário Mínimo,Reais,Valor do Salário Mínimo Nacional,4
01/12/2024,1412.00,1619,Salário Mínimo,Reais,Valor do Salário Mínimo Nacional,4
01/01/2025,1518.00,1619,Salário Mínimo,Reais,Valor do Salário Mínimo Nacional,4
01/02/2025,1518.00,1619,Salário Mínimo,Reais,Valor do Salário Mínimo Nacional,4
01/03/2025,1518.00,1619,Salário Mínimo,Reais,Valor do Salário Mínimo Nacional,4
01/04/2025,1518.00,1619,Salário Mínimo,Reais,Valor do Salário Mínimo Nacional,4
01/05/2025,1518.00,1619,Salário Mínimo,Reais,Valor do Salário Mínimo Nacional,4
01/06/2025,1518.00,1619,Salário Mínimo,Reais,Valor do Salário Mínimo Nacional,4
01/07/2025,1518.00,1619,Salário Mínimo,Reais,Valor do Salário Mínimo Nacional,4
01/08/2025,1518.00,1619,Salário Mínimo,Reais,Valor do Salário Mínimo Nacional,4
01/09/2025,1518.00,1619,Salário Mínimo,Reais,Valor do Salário Mínimo Nacional,4
01/10/2025,1518.00,1619,Salário Mínimo,Reais,Valor do Salário Mínimo Nacional,4
01/11/2025,1518.00,1619,Salário Mínimo,Reais,Valor do Salário Mínimo Nacional,4
01/12/2025,1518.00,1619,Salário Mínimo,Reais,Valor do Salário Mínimo Nacional,4
01/01/2026,1621.00,1619,Salário Mínimo,Reais,Valor do Salário Mínimo Nacional,4
01/02/2026,1621.00,1619,Salário Mínimo,Reais,Valor do Salário Mínimo Nacional,4
01/03/2026,1621.00,1619,Salário Mínimo,Reais,Valor do Salário Mínimo Nacional,4
01/04/2026,1621.00,1619,Salário Mínimo,Reais,Valor do Salário Mínimo Nacional,4
01/05/2026,1621.00,1619,Salário Mínimo,Reais,Valor do Salário Mínimo Nacional,4
01/06/2026,1621.00,1619,Salário Mínimo,Reais,Valor do Salário Mínimo Nacional,4
01/07/1994,6.87,4390,Selic,Variação Percentual Mensal,Taxa de juros nacional acumulada no mês,6
01/08/1994,4.17,4390,Selic,Variação Percentual Mensal,Taxa de juros nacional acumulada no mês,6
01/09/1994,3.83,4390,Selic,Variação Percentual Mensal,Taxa de juros nacional acumulada no mês,6
01/10/1994,3.62,4390,Selic,Variação Percentual Mensal,Taxa de juros nacional acumulada no mês,6
01/11/1994,4.07,4390,Selic,Variação Percentual Mensal,Taxa de juros nacional acumulada no mês,6
01/12/1994,3.80,4390,Selic,Variação Percentual Mensal,Taxa de juros nacional acumulada no mês,6
01/01/1995,3.37,4390,Selic,Variação Percentual Mensal,Taxa de juros nacional acumulada no mês,6
01/02/1995,3.25,4390,Selic,Variação Percentual Mensal,Taxa de juros nacional acumulada no mês,6
01/03/1995,4.26,4390,Selic,Variação Percentual Mensal,Taxa de juros nacional acumulada no mês,6
01/04/1995,4.26,4390,Selic,Variação Percentual Mensal,Taxa de juros nacional acumulada no mês,6
01/05/1995,4.25,4390,Selic,Variação Percentual Mensal,Taxa de juros nacional acumulada no mês,6
01/06/1995,4.04,4390,Selic,Variação Percentual Mensal,Taxa de juros nacional acumulada no mês,6
01/07/1995,4.02,4390,Selic,Variação Percentual Mensal,Taxa de juros nacional acumulada no mês,6
01/08/1995,3.84,4390,Selic,Variação Percentual Mensal,Taxa de juros nacional acumulada no mês,6
01/09/1995,3.32,4390,Selic,Variação Percentual Mensal,Taxa de juros nacional acumulada no mês,6
01/10/1995,3.09,4390,Selic,Variação Percentual Mensal,Taxa de juros nacional acumulada no mês,6
01/11/1995,2.88,4390,Selic,Variação Percentual Mensal,Taxa de juros nacional acumulada no mês,6
01/12/1995,2.78,4390,Selic,Variação Percentual Mensal,Taxa de juros nacional acumulada no mês,6
01/01/1996,2.58,4390,Selic,Variação Percentual Mensal,Taxa de juros nacional acumulada no mês,6
01/02/1996,2.35,4390,Selic,Variação Percentual Mensal,Taxa de juros nacional acumulada no mês,6
01/03/1996,2.22,4390,Selic,Variação Percentual Mensal,Taxa de juros nacional acumulada no mês,6
01/04/1996,2.07,4390,Selic,Variação Percentual Mensal,Taxa de juros nacional acumulada no mês,6
01/05/1996,2.01,4390,Selic,Variação Percentual Mensal,Taxa de juros nacional acumulada no mês,6
01/06/1996,1.98,4390,Selic,Variação Percentual Mensal,Taxa de juros nacional acumulada no mês,6
01/07/1996,1.93,4390,Selic,Variação Percentual Mensal,Taxa de juros nacional acumulada no mês,6
01/08/1996,1.97,4390,Selic,Variação Percentual Mensal,Taxa de juros nacional acumulada no mês,6
01/09/1996,1.90,4390,Selic,Variação Percentual Mensal,Taxa de juros nacional acumulada no mês,6
01/10/1996,1.86,4390,Selic,Variação Percentual Mensal,Taxa de juros nacional acumulada no mês,6
01/11/1996,1.80,4390,Selic,Variação Percentual Mensal,Taxa de juros nacional acumulada no mês,6
01/12/1996,1.80,4390,Selic,Variação Percentual Mensal,Taxa de juros nacional acumulada no mês,6
01/01/1997,1.73,4390,Selic,Variação Percentual Mensal,Taxa de juros nacional acumulada no mês,6
01/02/1997,1.67,4390,Selic,Variação Percentual Mensal,Taxa de juros nacional acumulada no mês,6
01/03/1997,1.64,4390,Selic,Variação Percentual Mensal,Taxa de juros nacional acumulada no mês,6
01/04/1997,1.66,4390,Selic,Variação Percentual Mensal,Taxa de juros nacional acumulada no mês,6
01/05/1997,1.58,4390,Selic,Variação Percentual Mensal,Taxa de juros nacional acumulada no mês,6
01/06/1997,1.61,4390,Selic,Variação Percentual Mensal,Taxa de juros nacional acumulada no mês,6
01/07/1997,1.60,4390,Selic,Variação Percentual Mensal,Taxa de juros nacional acumulada no mês,6
01/08/1997,1.59,4390,Selic,Variação Percentual Mensal,Taxa de juros nacional acumulada no mês,6
01/09/1997,1.59,4390,Selic,Variação Percentual Mensal,Taxa de juros nacional acumulada no mês,6
01/10/1997,1.67,4390,Selic,Variação Percentual Mensal,Taxa de juros nacional acumulada no mês,6
01/11/1997,3.04,4390,Selic,Variação Percentual Mensal,Taxa de juros nacional acumulada no mês,6
01/12/1997,2.97,4390,Selic,Variação Percentual Mensal,Taxa de juros nacional acumulada no mês,6
01/01/1998,2.67,4390,Selic,Variação Percentual Mensal,Taxa de juros nacional acumulada no mês,6
01/02/1998,2.13,4390,Selic,Variação Percentual Mensal,Taxa de juros nacional acumulada no mês,6
01/03/1998,2.20,4390,Selic,Variação Percentual Mensal,Taxa de juros nacional acumulada no mês,6
01/04/1998,1.71,4390,Selic,Variação Percentual Mensal,Taxa de juros nacional acumulada no mês,6
01/05/1998,1.63,4390,Selic,Variação Percentual Mensal,Taxa de juros nacional acumulada no mês,6
01/06/1998,1.60,4390,Selic,Variação Percentual Mensal,Taxa de juros nacional acumulada no mês,6
01/07/1998,1.70,4390,Selic,Variação Percentual Mensal,Taxa de juros nacional acumulada no mês,6
01/08/1998,1.48,4390,Selic,Variação Percentual Mensal,Taxa de juros nacional acumulada no mês,6
01/09/1998,2.49,4390,Selic,Variação Percentual Mensal,Taxa de juros nacional acumulada no mês,6
01/10/1998,2.94,4390,Selic,Variação Percentual Mensal,Taxa de juros nacional acumulada no mês,6
01/11/1998,2.63,4390,Selic,Variação Percentual Mensal,Taxa de juros nacional acumulada no mês,6
01/12/1998,2.40,4390,Selic,Variação Percentual Mensal,Taxa de juros nacional acumulada no mês,6
01/01/1999,2.18,4390,Selic,Variação Percentual Mensal,Taxa de juros nacional acumulada no mês,6
01/02/1999,2.38,4390,Selic,Variação Percentual Mensal,Taxa de juros nacional acumulada no mês,6
01/03/1999,3.33,4390,Selic,Variação Percentual Mensal,Taxa de juros nacional acumulada no mês,6
01/04/1999,2.35,4390,Selic,Variação Percentual Mensal,Taxa de juros nacional acumulada no mês,6
01/05/1999,2.02,4390,Selic,Variação Percentual Mensal,Taxa de juros nacional acumulada no mês,6
01/06/1999,1.67,4390,Selic,Variação Percentual Mensal,Taxa de juros nacional acumulada no mês,6
01/07/1999,1.66,4390,Selic,Variação Percentual Mensal,Taxa de juros nacional acumulada no mês,6
01/08/1999,1.57,4390,Selic,Variação Percentual Mensal,Taxa de juros nacional acumulada no mês,6
01/09/1999,1.49,4390,Selic,Variação Percentual Mensal,Taxa de juros nacional acumulada no mês,6
01/10/1999,1.38,4390,Selic,Variação Percentual Mensal,Taxa de juros nacional acumulada no mês,6
01/11/1999,1.39,4390,Selic,Variação Percentual Mensal,Taxa de juros nacional acumulada no mês,6
01/12/1999,1.60,4390,Selic,Variação Percentual Mensal,Taxa de juros nacional acumulada no mês,6
01/01/2000,1.46,4390,Selic,Variação Percentual Mensal,Taxa de juros nacional acumulada no mês,6
01/02/2000,1.45,4390,Selic,Variação Percentual Mensal,Taxa de juros nacional acumulada no mês,6
01/03/2000,1.45,4390,Selic,Variação Percentual Mensal,Taxa de juros nacional acumulada no mês,6
01/04/2000,1.30,4390,Selic,Variação Percentual Mensal,Taxa de juros nacional acumulada no mês,6
01/05/2000,1.49,4390,Selic,Variação Percentual Mensal,Taxa de juros nacional acumulada no mês,6
01/06/2000,1.39,4390,Selic,Variação Percentual Mensal,Taxa de juros nacional acumulada no mês,6
01/07/2000,1.31,4390,Selic,Variação Percentual Mensal,Taxa de juros nacional acumulada no mês,6
01/08/2000,1.41,4390,Selic,Variação Percentual Mensal,Taxa de juros nacional acumulada no mês,6
01/09/2000,1.22,4390,Selic,Variação Percentual Mensal,Taxa de juros nacional acumulada no mês,6
01/10/2000,1.29,4390,Selic,Variação Percentual Mensal,Taxa de juros nacional acumulada no mês,6
01/11/2000,1.22,4390,Selic,Variação Percentual Mensal,Taxa de juros nacional acumulada no mês,6
01/12/2000,1.20,4390,Selic,Variação Percentual Mensal,Taxa de juros nacional acumulada no mês,6
01/01/2001,1.27,4390,Selic,Variação Percentual Mensal,Taxa de juros nacional acumulada no mês,6
01/02/2001,1.02,4390,Selic,Variação Percentual Mensal,Taxa de juros nacional acumulada no mês,6
01/03/2001,1.26,4390,Selic,Variação Percentual Mensal,Taxa de juros nacional acumulada no mês,6
01/04/2001,1.19,4390,Selic,Variação Percentual Mensal,Taxa de juros nacional acumulada no mês,6
01/05/2001,1.34,4390,Selic,Variação Percentual Mensal,Taxa de juros nacional acumulada no mês,6
01/06/2001,1.27,4390,Selic,Variação Percentual Mensal,Taxa de juros nacional acumulada no mês,6
01/07/2001,1.50,4390,Selic,Variação Percentual Mensal,Taxa de juros nacional acumulada no mês,6
01/08/2001,1.60,4390,Selic,Variação Percentual Mensal,Taxa de juros nacional acumulada no mês,6
01/09/2001,1.32,4390,Selic,Variação Percentual Mensal,Taxa de juros nacional acumulada no mês,6
01/10/2001,1.53,4390,Selic,Variação Percentual Mensal,Taxa de juros nacional acumulada no mês,6
01/11/2001,1.39,4390,Selic,Variação Percentual Mensal,Taxa de juros nacional acumulada no mês,6
01/12/2001,1.39,4390,Selic,Variação Percentual Mensal,Taxa de juros nacional acumulada no mês,6
01/01/2002,1.53,4390,Selic,Variação Percentual Mensal,Taxa de juros nacional acumulada no mês,6
01/02/2002,1.25,4390,Selic,Variação Percentual Mensal,Taxa de juros nacional acumulada no mês,6
01/03/2002,1.37,4390,Selic,Variação Percentual Mensal,Taxa de juros nacional acumulada no mês,6
01/04/2002,1.48,4390,Selic,Variação Percentual Mensal,Taxa de juros nacional acumulada no mês,6
01/05/2002,1.41,4390,Selic,Variação Percentual Mensal,Taxa de juros nacional acumulada no mês,6
01/06/2002,1.33,4390,Selic,Variação Percentual Mensal,Taxa de juros nacional acumulada no mês,6
01/07/2002,1.54,4390,Selic,Variação Percentual Mensal,Taxa de juros nacional acumulada no mês,6
01/08/2002,1.44,4390,Selic,Variação Percentual Mensal,Taxa de juros nacional acumulada no mês,6
01/09/2002,1.38,4390,Selic,Variação Percentual Mensal,Taxa de juros nacional acumulada no mês,6
01/10/2002,1.65,4390,Selic,Variação Percentual Mensal,Taxa de juros nacional acumulada no mês,6
01/11/2002,1.54,4390,Selic,Variação Percentual Mensal,Taxa de juros nacional acumulada no mês,6
01/12/2002,1.74,4390,Selic,Variação Percentual Mensal,Taxa de juros nacional acumulada no mês,6
01/01/2003,1.97,4390,Selic,Variação Percentual Mensal,Taxa de juros nacional acumulada no mês,6
01/02/2003,1.83,4390,Selic,Variação Percentual Mensal,Taxa de juros nacional acumulada no mês,6
01/03/2003,1.78,4390,Selic,Variação Percentual Mensal,Taxa de juros nacional acumulada no mês,6
01/04/2003,1.87,4390,Selic,Variação Percentual Mensal,Taxa de juros nacional acumulada no mês,6
01/05/2003,1.97,4390,Selic,Variação Percentual Mensal,Taxa de juros nacional acumulada no mês,6
01/06/2003,1.86,4390,Selic,Variação Percentual Mensal,Taxa de juros nacional acumulada no mês,6
01/07/2003,2.08,4390,Selic,Variação Percentual Mensal,Taxa de juros nacional acumulada no mês,6
01/08/2003,1.77,4390,Selic,Variação Percentual Mensal,Taxa de juros nacional acumulada no mês,6
01/09/2003,1.68,4390,Selic,Variação Percentual Mensal,Taxa de juros nacional acumulada no mês,6
01/10/2003,1.64,4390,Selic,Variação Percentual Mensal,Taxa de juros nacional acumulada no mês,6
01/11/2003,1.34,4390,Selic,Variação Percentual Mensal,Taxa de juros nacional acumulada no mês,6
01/12/2003,1.37,4390,Selic,Variação Percentual Mensal,Taxa de juros nacional acumulada no mês,6
01/01/2004,1.27,4390,Selic,Variação Percentual Mensal,Taxa de juros nacional acumulada no mês,6
01/02/2004,1.08,4390,Selic,Variação Percentual Mensal,Taxa de juros nacional acumulada no mês,6
01/03/2004,1.38,4390,Selic,Variação Percentual Mensal,Taxa de juros nacional acumulada no mês,6
01/04/2004,1.18,4390,Selic,Variação Percentual Mensal,Taxa de juros nacional acumulada no mês,6
01/05/2004,1.23,4390,Selic,Variação Percentual Mensal,Taxa de juros nacional acumulada no mês,6
01/06/2004,1.23,4390,Selic,Variação Percentual Mensal,Taxa de juros nacional acumulada no mês,6
01/07/2004,1.29,4390,Selic,Variação Percentual Mensal,Taxa de juros nacional acumulada no mês,6
01/08/2004,1.29,4390,Selic,Variação Percentual Mensal,Taxa de juros nacional acumulada no mês,6
01/09/2004,1.25,4390,Selic,Variação Percentual Mensal,Taxa de juros nacional acumulada no mês,6
01/10/2004,1.21,4390,Selic,Variação Percentual Mensal,Taxa de juros nacional acumulada no mês,6
01/11/2004,1.25,4390,Selic,Variação Percentual Mensal,Taxa de juros nacional acumulada no mês,6
01/12/2004,1.48,4390,Selic,Variação Percentual Mensal,Taxa de juros nacional acumulada no mês,6
01/01/2005,1.38,4390,Selic,Variação Percentual Mensal,Taxa de juros nacional acumulada no mês,6
01/02/2005,1.22,4390,Selic,Variação Percentual Mensal,Taxa de juros nacional acumulada no mês,6
01/03/2005,1.53,4390,Selic,Variação Percentual Mensal,Taxa de juros nacional acumulada no mês,6
01/04/2005,1.41,4390,Selic,Variação Percentual Mensal,Taxa de juros nacional acumulada no mês,6
01/05/2005,1.50,4390,Selic,Variação Percentual Mensal,Taxa de juros nacional acumulada no mês,6
01/06/2005,1.59,4390,Selic,Variação Percentual Mensal,Taxa de juros nacional acumulada no mês,6
01/07/2005,1.51,4390,Selic,Variação Percentual Mensal,Taxa de juros nacional acumulada no mês,6
01/08/2005,1.66,4390,Selic,Variação Percentual Mensal,Taxa de juros nacional acumulada no mês,6
01/09/2005,1.50,4390,Selic,Variação Percentual Mensal,Taxa de juros nacional acumulada no mês,6
01/10/2005,1.41,4390,Selic,Variação Percentual Mensal,Taxa de juros nacional acumulada no mês,6
01/11/2005,1.38,4390,Selic,Variação Percentual Mensal,Taxa de juros nacional acumulada no mês,6
01/12/2005,1.47,4390,Selic,Variação Percentual Mensal,Taxa de juros nacional acumulada no mês,6
01/01/2006,1.43,4390,Selic,Variação Percentual Mensal,Taxa de juros nacional acumulada no mês,6
01/02/2006,1.15,4390,Selic,Variação Percentual Mensal,Taxa de juros nacional acumulada no mês,6
01/03/2006,1.42,4390,Selic,Variação Percentual Mensal,Taxa de juros nacional acumulada no mês,6
01/04/2006,1.08,4390,Selic,Variação Percentual Mensal,Taxa de juros nacional acumulada no mês,6
01/05/2006,1.28,4390,Selic,Variação Percentual Mensal,Taxa de juros nacional acumulada no mês,6
01/06/2006,1.18,4390,Selic,Variação Percentual Mensal,Taxa de juros nacional acumulada no mês,6
01/07/2006,1.17,4390,Selic,Variação Percentual Mensal,Taxa de juros nacional acumulada no mês,6
01/08/2006,1.26,4390,Selic,Variação Percentual Mensal,Taxa de juros nacional acumulada no mês,6
01/09/2006,1.06,4390,Selic,Variação Percentual Mensal,Taxa de juros nacional acumulada no mês,6
01/10/2006,1.09,4390,Selic,Variação Percentual Mensal,Taxa de juros nacional acumulada no mês,6
01/11/2006,1.02,4390,Selic,Variação Percentual Mensal,Taxa de juros nacional acumulada no mês,6
01/12/2006,0.99,4390,Selic,Variação Percentual Mensal,Taxa de juros nacional acumulada no mês,6
01/01/2007,1.08,4390,Selic,Variação Percentual Mensal,Taxa de juros nacional acumulada no mês,6
01/02/2007,0.87,4390,Selic,Variação Percentual Mensal,Taxa de juros nacional acumulada no mês,6
01/03/2007,1.05,4390,Selic,Variação Percentual Mensal,Taxa de juros nacional acumulada no mês,6
01/04/2007,0.94,4390,Selic,Variação Percentual Mensal,Taxa de juros nacional acumulada no mês,6
01/05/2007,1.03,4390,Selic,Variação Percentual Mensal,Taxa de juros nacional acumulada no mês,6
01/06/2007,0.91,4390,Selic,Variação Percentual Mensal,Taxa de juros nacional acumulada no mês,6
01/07/2007,0.97,4390,Selic,Variação Percentual Mensal,Taxa de juros nacional acumulada no mês,6
01/08/2007,0.99,4390,Selic,Variação Percentual Mensal,Taxa de juros nacional acumulada no mês,6
01/09/2007,0.80,4390,Selic,Variação Percentual Mensal,Taxa de juros nacional acumulada no mês,6
01/10/2007,0.93,4390,Selic,Variação Percentual Mensal,Taxa de juros nacional acumulada no mês,6
01/11/2007,0.84,4390,Selic,Variação Percentual Mensal,Taxa de juros nacional acumulada no mês,6
01/12/2007,0.84,4390,Selic,Variação Percentual Mensal,Taxa de juros nacional acumulada no mês,6
01/01/2008,0.93,4390,Selic,Variação Percentual Mensal,Taxa de juros nacional acumulada no mês,6
01/02/2008,0.80,4390,Selic,Variação Percentual Mensal,Taxa de juros nacional acumulada no mês,6
01/03/2008,0.84,4390,Selic,Variação Percentual Mensal,Taxa de juros nacional acumulada no mês,6
01/04/2008,0.90,4390,Selic,Variação Percentual Mensal,Taxa de juros nacional acumulada no mês,6
01/05/2008,0.88,4390,Selic,Variação Percentual Mensal,Taxa de juros nacional acumulada no mês,6
01/06/2008,0.96,4390,Selic,Variação Percentual Mensal,Taxa de juros nacional acumulada no mês,6
01/07/2008,1.07,4390,Selic,Variação Percentual Mensal,Taxa de juros nacional acumulada no mês,6
01/08/2008,1.02,4390,Selic,Variação Percentual Mensal,Taxa de juros nacional acumulada no mês,6
01/09/2008,1.10,4390,Selic,Variação Percentual Mensal,Taxa de juros nacional acumulada no mês,6
01/10/2008,1.18,4390,Selic,Variação Percentual Mensal,Taxa de juros nacional acumulada no mês,6
01/11/2008,1.02,4390,Selic,Variação Percentual Mensal,Taxa de juros nacional acumulada no mês,6
01/12/2008,1.12,4390,Selic,Variação Percentual Mensal,Taxa de juros nacional acumulada no mês,6
01/01/2009,1.05,4390,Selic,Variação Percentual Mensal,Taxa de juros nacional acumulada no mês,6
01/02/2009,0.86,4390,Selic,Variação Percentual Mensal,Taxa de juros nacional acumulada no mês,6
01/03/2009,0.97,4390,Selic,Variação Percentual Mensal,Taxa de juros nacional acumulada no mês,6
01/04/2009,0.84,4390,Selic,Variação Percentual Mensal,Taxa de juros nacional acumulada no mês,6
01/05/2009,0.77,4390,Selic,Variação Percentual Mensal,Taxa de juros nacional acumulada no mês,6
01/06/2009,0.76,4390,Selic,Variação Percentual Mensal,Taxa de juros nacional acumulada no mês,6
01/07/2009,0.79,4390,Selic,Variação Percentual Mensal,Taxa de juros nacional acumulada no mês,6
01/08/2009,0.69,4390,Selic,Variação Percentual Mensal,Taxa de juros nacional acumulada no mês,6
01/09/2009,0.69,4390,Selic,Variação Percentual Mensal,Taxa de juros nacional acumulada no mês,6
01/10/2009,0.69,4390,Selic,Variação Percentual Mensal,Taxa de juros nacional acumulada no mês,6
01/11/2009,0.66,4390,Selic,Variação Percentual Mensal,Taxa de juros nacional acumulada no mês,6
01/12/2009,0.73,4390,Selic,Variação Percentual Mensal,Taxa de juros nacional acumulada no mês,6
01/01/2010,0.66,4390,Selic,Variação Percentual Mensal,Taxa de juros nacional acumulada no mês,6
01/02/2010,0.59,4390,Selic,Variação Percentual Mensal,Taxa de juros nacional acumulada no mês,6
01/03/2010,0.76,4390,Selic,Variação Percentual Mensal,Taxa de juros nacional acumulada no mês,6
01/04/2010,0.67,4390,Selic,Variação Percentual Mensal,Taxa de juros nacional acumulada no mês,6
01/05/2010,0.75,4390,Selic,Variação Percentual Mensal,Taxa de juros nacional acumulada no mês,6
01/06/2010,0.79,4390,Selic,Variação Percentual Mensal,Taxa de juros nacional acumulada no mês,6
01/07/2010,0.86,4390,Selic,Variação Percentual Mensal,Taxa de juros nacional acumulada no mês,6
01/08/2010,0.89,4390,Selic,Variação Percentual Mensal,Taxa de juros nacional acumulada no mês,6
01/09/2010,0.85,4390,Selic,Variação Percentual Mensal,Taxa de juros nacional acumulada no mês,6
01/10/2010,0.81,4390,Selic,Variação Percentual Mensal,Taxa de juros nacional acumulada no mês,6
01/11/2010,0.81,4390,Selic,Variação Percentual Mensal,Taxa de juros nacional acumulada no mês,6
01/12/2010,0.93,4390,Selic,Variação Percentual Mensal,Taxa de juros nacional acumulada no mês,6
01/01/2011,0.86,4390,Selic,Variação Percentual Mensal,Taxa de juros nacional acumulada no mês,6
01/02/2011,0.84,4390,Selic,Variação Percentual Mensal,Taxa de juros nacional acumulada no mês,6
01/03/2011,0.92,4390,Selic,Variação Percentual Mensal,Taxa de juros nacional acumulada no mês,6
01/04/2011,0.84,4390,Selic,Variação Percentual Mensal,Taxa de juros nacional acumulada no mês,6
01/05/2011,0.99,4390,Selic,Variação Percentual Mensal,Taxa de juros nacional acumulada no mês,6
01/06/2011,0.96,4390,Selic,Variação Percentual Mensal,Taxa de juros nacional acumulada no mês,6
01/07/2011,0.97,4390,Selic,Variação Percentual Mensal,Taxa de juros nacional acumulada no mês,6
01/08/2011,1.07,4390,Selic,Variação Percentual Mensal,Taxa de juros nacional acumulada no mês,6
01/09/2011,0.94,4390,Selic,Variação Percentual Mensal,Taxa de juros nacional acumulada no mês,6
01/10/2011,0.88,4390,Selic,Variação Percentual Mensal,Taxa de juros nacional acumulada no mês,6
01/11/2011,0.86,4390,Selic,Variação Percentual Mensal,Taxa de juros nacional acumulada no mês,6
01/12/2011,0.91,4390,Selic,Variação Percentual Mensal,Taxa de juros nacional acumulada no mês,6
01/01/2012,0.89,4390,Selic,Variação Percentual Mensal,Taxa de juros nacional acumulada no mês,6
01/02/2012,0.75,4390,Selic,Variação Percentual Mensal,Taxa de juros nacional acumulada no mês,6
01/03/2012,0.82,4390,Selic,Variação Percentual Mensal,Taxa de juros nacional acumulada no mês,6
01/04/2012,0.71,4390,Selic,Variação Percentual Mensal,Taxa de juros nacional acumulada no mês,6
01/05/2012,0.74,4390,Selic,Variação Percentual Mensal,Taxa de juros nacional acumulada no mês,6
01/06/2012,0.64,4390,Selic,Variação Percentual Mensal,Taxa de juros nacional acumulada no mês,6
01/07/2012,0.68,4390,Selic,Variação Percentual Mensal,Taxa de juros nacional acumulada no mês,6
01/08/2012,0.69,4390,Selic,Variação Percentual Mensal,Taxa de juros nacional acumulada no mês,6
01/09/2012,0.54,4390,Selic,Variação Percentual Mensal,Taxa de juros nacional acumulada no mês,6
01/10/2012,0.61,4390,Selic,Variação Percentual Mensal,Taxa de juros nacional acumulada no mês,6
01/11/2012,0.55,4390,Selic,Variação Percentual Mensal,Taxa de juros nacional acumulada no mês,6
01/12/2012,0.55,4390,Selic,Variação Percentual Mensal,Taxa de juros nacional acumulada no mês,6
01/01/2013,0.60,4390,Selic,Variação Percentual Mensal,Taxa de juros nacional acumulada no mês,6
01/02/2013,0.49,4390,Selic,Variação Percentual Mensal,Taxa de juros nacional acumulada no mês,6
01/03/2013,0.55,4390,Selic,Variação Percentual Mensal,Taxa de juros nacional acumulada no mês,6
01/04/2013,0.61,4390,Selic,Variação Percentual Mensal,Taxa de juros nacional acumulada no mês,6
01/05/2013,0.60,4390,Selic,Variação Percentual Mensal,Taxa de juros nacional acumulada no mês,6
01/06/2013,0.61,4390,Selic,Variação Percentual Mensal,Taxa de juros nacional acumulada no mês,6
01/07/2013,0.72,4390,Selic,Variação Percentual Mensal,Taxa de juros nacional acumulada no mês,6
01/08/2013,0.71,4390,Selic,Variação Percentual Mensal,Taxa de juros nacional acumulada no mês,6
01/09/2013,0.71,4390,Selic,Variação Percentual Mensal,Taxa de juros nacional acumulada no mês,6
01/10/2013,0.81,4390,Selic,Variação Percentual Mensal,Taxa de juros nacional acumulada no mês,6
01/11/2013,0.72,4390,Selic,Variação Percentual Mensal,Taxa de juros nacional acumulada no mês,6
01/12/2013,0.79,4390,Selic,Variação Percentual Mensal,Taxa de juros nacional acumulada no mês,6
01/01/2014,0.85,4390,Selic,Variação Percentual Mensal,Taxa de juros nacional acumulada no mês,6
01/02/2014,0.79,4390,Selic,Variação Percentual Mensal,Taxa de juros nacional acumulada no mês,6
01/03/2014,0.77,4390,Selic,Variação Percentual Mensal,Taxa de juros nacional acumulada no mês,6
01/04/2014,0.82,4390,Selic,Variação Percentual Mensal,Taxa de juros nacional acumulada no mês,6
01/05/2014,0.87,4390,Selic,Variação Percentual Mensal,Taxa de juros nacional acumulada no mês,6
01/06/2014,0.82,4390,Selic,Variação Percentual Mensal,Taxa de juros nacional acumulada no mês,6
01/07/2014,0.95,4390,Selic,Variação Percentual Mensal,Taxa de juros nacional acumulada no mês,6
01/08/2014,0.87,4390,Selic,Variação Percentual Mensal,Taxa de juros nacional acumulada no mês,6
01/09/2014,0.91,4390,Selic,Variação Percentual Mensal,Taxa de juros nacional acumulada no mês,6
01/10/2014,0.95,4390,Selic,Variação Percentual Mensal,Taxa de juros nacional acumulada no mês,6
01/11/2014,0.84,4390,Selic,Variação Percentual Mensal,Taxa de juros nacional acumulada no mês,6
01/12/2014,0.96,4390,Selic,Variação Percentual Mensal,Taxa de juros nacional acumulada no mês,6
01/01/2015,0.94,4390,Selic,Variação Percentual Mensal,Taxa de juros nacional acumulada no mês,6
01/02/2015,0.82,4390,Selic,Variação Percentual Mensal,Taxa de juros nacional acumulada no mês,6
01/03/2015,1.04,4390,Selic,Variação Percentual Mensal,Taxa de juros nacional acumulada no mês,6
01/04/2015,0.95,4390,Selic,Variação Percentual Mensal,Taxa de juros nacional acumulada no mês,6
01/05/2015,0.99,4390,Selic,Variação Percentual Mensal,Taxa de juros nacional acumulada no mês,6
01/06/2015,1.07,4390,Selic,Variação Percentual Mensal,Taxa de juros nacional acumulada no mês,6
01/07/2015,1.18,4390,Selic,Variação Percentual Mensal,Taxa de juros nacional acumulada no mês,6
01/08/2015,1.11,4390,Selic,Variação Percentual Mensal,Taxa de juros nacional acumulada no mês,6
01/09/2015,1.11,4390,Selic,Variação Percentual Mensal,Taxa de juros nacional acumulada no mês,6
01/10/2015,1.11,4390,Selic,Variação Percentual Mensal,Taxa de juros nacional acumulada no mês,6
01/11/2015,1.06,4390,Selic,Variação Percentual Mensal,Taxa de juros nacional acumulada no mês,6
01/12/2015,1.16,4390,Selic,Variação Percentual Mensal,Taxa de juros nacional acumulada no mês,6
01/01/2016,1.06,4390,Selic,Variação Percentual Mensal,Taxa de juros nacional acumulada no mês,6
01/02/2016,1.00,4390,Selic,Variação Percentual Mensal,Taxa de juros nacional acumulada no mês,6
01/03/2016,1.16,4390,Selic,Variação Percentual Mensal,Taxa de juros nacional acumulada no mês,6
01/04/2016,1.06,4390,Selic,Variação Percentual Mensal,Taxa de juros nacional acumulada no mês,6
01/05/2016,1.11,4390,Selic,Variação Percentual Mensal,Taxa de juros nacional acumulada no mês,6
01/06/2016,1.16,4390,Selic,Variação Percentual Mensal,Taxa de juros nacional acumulada no mês,6
01/07/2016,1.11,4390,Selic,Variação Percentual Mensal,Taxa de juros nacional acumulada no mês,6
01/08/2016,1.22,4390,Selic,Variação Percentual Mensal,Taxa de juros nacional acumulada no mês,6
01/09/2016,1.11,4390,Selic,Variação Percentual Mensal,Taxa de juros nacional acumulada no mês,6
01/10/2016,1.05,4390,Selic,Variação Percentual Mensal,Taxa de juros nacional acumulada no mês,6
01/11/2016,1.04,4390,Selic,Variação Percentual Mensal,Taxa de juros nacional acumulada no mês,6
01/12/2016,1.12,4390,Selic,Variação Percentual Mensal,Taxa de juros nacional acumulada no mês,6
01/01/2017,1.09,4390,Selic,Variação Percentual Mensal,Taxa de juros nacional acumulada no mês,6
01/02/2017,0.87,4390,Selic,Variação Percentual Mensal,Taxa de juros nacional acumulada no mês,6
01/03/2017,1.05,4390,Selic,Variação Percentual Mensal,Taxa de juros nacional acumulada no mês,6
01/04/2017,0.79,4390,Selic,Variação Percentual Mensal,Taxa de juros nacional acumulada no mês,6
01/05/2017,0.93,4390,Selic,Variação Percentual Mensal,Taxa de juros nacional acumulada no mês,6
01/06/2017,0.81,4390,Selic,Variação Percentual Mensal,Taxa de juros nacional acumulada no mês,6
01/07/2017,0.80,4390,Selic,Variação Percentual Mensal,Taxa de juros nacional acumulada no mês,6
01/08/2017,0.80,4390,Selic,Variação Percentual Mensal,Taxa de juros nacional acumulada no mês,6
01/09/2017,0.64,4390,Selic,Variação Percentual Mensal,Taxa de juros nacional acumulada no mês,6
01/10/2017,0.64,4390,Selic,Variação Percentual Mensal,Taxa de juros nacional acumulada no mês,6
01/11/2017,0.57,4390,Selic,Variação Percentual Mensal,Taxa de juros nacional acumulada no mês,6
01/12/2017,0.54,4390,Selic,Variação Percentual Mensal,Taxa de juros nacional acumulada no mês,6
01/01/2018,0.58,4390,Selic,Variação Percentual Mensal,Taxa de juros nacional acumulada no mês,6
01/02/2018,0.47,4390,Selic,Variação Percentual Mensal,Taxa de juros nacional acumulada no mês,6
01/03/2018,0.53,4390,Selic,Variação Percentual Mensal,Taxa de juros nacional acumulada no mês,6
01/04/2018,0.52,4390,Selic,Variação Percentual Mensal,Taxa de juros nacional acumulada no mês,6
01/05/2018,0.52,4390,Selic,Variação Percentual Mensal,Taxa de juros nacional acumulada no mês,6
01/06/2018,0.52,4390,Selic,Variação Percentual Mensal,Taxa de juros nacional acumulada no mês,6
01/07/2018,0.54,4390,Selic,Variação Percentual Mensal,Taxa de juros nacional acumulada no mês,6
01/08/2018,0.57,4390,Selic,Variação Percentual Mensal,Taxa de juros nacional acumulada no mês,6
01/09/2018,0.47,4390,Selic,Variação Percentual Mensal,Taxa de juros nacional acumulada no mês,6
01/10/2018,0.54,4390,Selic,Variação Percentual Mensal,Taxa de juros nacional acumulada no mês,6
01/11/2018,0.49,4390,Selic,Variação Percentual Mensal,Taxa de juros nacional acumulada no mês,6
01/12/2018,0.49,4390,Selic,Variação Percentual Mensal,Taxa de juros nacional acumulada no mês,6
01/01/2019,0.54,4390,Selic,Variação Percentual Mensal,Taxa de juros nacional acumulada no mês,6
01/02/2019,0.49,4390,Selic,Variação Percentual Mensal,Taxa de juros nacional acumulada no mês,6
01/03/2019,0.47,4390,Selic,Variação Percentual Mensal,Taxa de juros nacional acumulada no mês,6
01/04/2019,0.52,4390,Selic,Variação Percentual Mensal,Taxa de juros nacional acumulada no mês,6
01/05/2019,0.54,4390,Selic,Variação Percentual Mensal,Taxa de juros nacional acumulada no mês,6
01/06/2019,0.47,4390,Selic,Variação Percentual Mensal,Taxa de juros nacional acumulada no mês,6
01/07/2019,0.57,4390,Selic,Variação Percentual Mensal,Taxa de juros nacional acumulada no mês,6
01/08/2019,0.50,4390,Selic,Variação Percentual Mensal,Taxa de juros nacional acumulada no mês,6
01/09/2019,0.46,4390,Selic,Variação Percentual Mensal,Taxa de juros nacional acumulada no mês,6
01/10/2019,0.48,4390,Selic,Variação Percentual Mensal,Taxa de juros nacional acumulada no mês,6
01/11/2019,0.38,4390,Selic,Variação Percentual Mensal,Taxa de juros nacional acumulada no mês,6
01/12/2019,0.37,4390,Selic,Variação Percentual Mensal,Taxa de juros nacional acumulada no mês,6
01/01/2020,0.38,4390,Selic,Variação Percentual Mensal,Taxa de juros nacional acumulada no mês,6
01/02/2020,0.29,4390,Selic,Variação Percentual Mensal,Taxa de juros nacional acumulada no mês,6
01/03/2020,0.34,4390,Selic,Variação Percentual Mensal,Taxa de juros nacional acumulada no mês,6
01/04/2020,0.28,4390,Selic,Variação Percentual Mensal,Taxa de juros nacional acumulada no mês,6
01/05/2020,0.24,4390,Selic,Variação Percentual Mensal,Taxa de juros nacional acumulada no mês,6
01/06/2020,0.21,4390,Selic,Variação Percentual Mensal,Taxa de juros nacional acumulada no mês,6
01/07/2020,0.19,4390,Selic,Variação Percentual Mensal,Taxa de juros nacional acumulada no mês,6
01/08/2020,0.16,4390,Selic,Variação Percentual Mensal,Taxa de juros nacional acumulada no mês,6
01/09/2020,0.16,4390,Selic,Variação Percentual Mensal,Taxa de juros nacional acumulada no mês,6
01/10/2020,0.16,4390,Selic,Variação Percentual Mensal,Taxa de juros nacional acumulada no mês,6
01/11/2020,0.15,4390,Selic,Variação Percentual Mensal,Taxa de juros nacional acumulada no mês,6
01/12/2020,0.16,4390,Selic,Variação Percentual Mensal,Taxa de juros nacional acumulada no mês,6
01/01/2021,0.15,4390,Selic,Variação Percentual Mensal,Taxa de juros nacional acumulada no mês,6
01/02/2021,0.13,4390,Selic,Variação Percentual Mensal,Taxa de juros nacional acumulada no mês,6
01/03/2021,0.20,4390,Selic,Variação Percentual Mensal,Taxa de juros nacional acumulada no mês,6
01/04/2021,0.21,4390,Selic,Variação Percentual Mensal,Taxa de juros nacional acumulada no mês,6
01/05/2021,0.27,4390,Selic,Variação Percentual Mensal,Taxa de juros nacional acumulada no mês,6
01/06/2021,0.31,4390,Selic,Variação Percentual Mensal,Taxa de juros nacional acumulada no mês,6
01/07/2021,0.36,4390,Selic,Variação Percentual Mensal,Taxa de juros nacional acumulada no mês,6
01/08/2021,0.43,4390,Selic,Variação Percentual Mensal,Taxa de juros nacional acumulada no mês,6
01/09/2021,0.44,4390,Selic,Variação Percentual Mensal,Taxa de juros nacional acumulada no mês,6
01/10/2021,0.49,4390,Selic,Variação Percentual Mensal,Taxa de juros nacional acumulada no mês,6
01/11/2021,0.59,4390,Selic,Variação Percentual Mensal,Taxa de juros nacional acumulada no mês,6
01/12/2021,0.77,4390,Selic,Variação Percentual Mensal,Taxa de juros nacional acumulada no mês,6
01/01/2022,0.73,4390,Selic,Variação Percentual Mensal,Taxa de juros nacional acumulada no mês,6
01/02/2022,0.76,4390,Selic,Variação Percentual Mensal,Taxa de juros nacional acumulada no mês,6
01/03/2022,0.93,4390,Selic,Variação Percentual Mensal,Taxa de juros nacional acumulada no mês,6
01/04/2022,0.83,4390,Selic,Variação Percentual Mensal,Taxa de juros nacional acumulada no mês,6
01/05/2022,1.03,4390,Selic,Variação Percentual Mensal,Taxa de juros nacional acumulada no mês,6
01/06/2022,1.02,4390,Selic,Variação Percentual Mensal,Taxa de juros nacional acumulada no mês,6
01/07/2022,1.03,4390,Selic,Variação Percentual Mensal,Taxa de juros nacional acumulada no mês,6
01/08/2022,1.17,4390,Selic,Variação Percentual Mensal,Taxa de juros nacional acumulada no mês,6
01/09/2022,1.07,4390,Selic,Variação Percentual Mensal,Taxa de juros nacional acumulada no mês,6
01/10/2022,1.02,4390,Selic,Variação Percentual Mensal,Taxa de juros nacional acumulada no mês,6
01/11/2022,1.02,4390,Selic,Variação Percentual Mensal,Taxa de juros nacional acumulada no mês,6
01/12/2022,1.12,4390,Selic,Variação Percentual Mensal,Taxa de juros nacional acumulada no mês,6
01/01/2023,1.12,4390,Selic,Variação Percentual Mensal,Taxa de juros nacional acumulada no mês,6
01/02/2023,0.92,4390,Selic,Variação Percentual Mensal,Taxa de juros nacional acumulada no mês,6
01/03/2023,1.17,4390,Selic,Variação Percentual Mensal,Taxa de juros nacional acumulada no mês,6
01/04/2023,0.92,4390,Selic,Variação Percentual Mensal,Taxa de juros nacional acumulada no mês,6
01/05/2023,1.12,4390,Selic,Variação Percentual Mensal,Taxa de juros nacional acumulada no mês,6
01/06/2023,1.07,4390,Selic,Variação Percentual Mensal,Taxa de juros nacional acumulada no mês,6
01/07/2023,1.07,4390,Selic,Variação Percentual Mensal,Taxa de juros nacional acumulada no mês,6
01/08/2023,1.14,4390,Selic,Variação Percentual Mensal,Taxa de juros nacional acumulada no mês,6
01/09/2023,0.97,4390,Selic,Variação Percentual Mensal,Taxa de juros nacional acumulada no mês,6
01/10/2023,1.00,4390,Selic,Variação Percentual Mensal,Taxa de juros nacional acumulada no mês,6
01/11/2023,0.92,4390,Selic,Variação Percentual Mensal,Taxa de juros nacional acumulada no mês,6
01/12/2023,0.89,4390,Selic,Variação Percentual Mensal,Taxa de juros nacional acumulada no mês,6
01/01/2024,0.97,4390,Selic,Variação Percentual Mensal,Taxa de juros nacional acumulada no mês,6
01/02/2024,0.80,4390,Selic,Variação Percentual Mensal,Taxa de juros nacional acumulada no mês,6
01/03/2024,0.83,4390,Selic,Variação Percentual Mensal,Taxa de juros nacional acumulada no mês,6
01/04/2024,0.89,4390,Selic,Variação Percentual Mensal,Taxa de juros nacional acumulada no mês,6
01/05/2024,0.83,4390,Selic,Variação Percentual Mensal,Taxa de juros nacional acumulada no mês,6
01/06/2024,0.79,4390,Selic,Variação Percentual Mensal,Taxa de juros nacional acumulada no mês,6
01/07/2024,0.91,4390,Selic,Variação Percentual Mensal,Taxa de juros nacional acumulada no mês,6
01/08/2024,0.87,4390,Selic,Variação Percentual Mensal,Taxa de juros nacional acumulada no mês,6
01/09/2024,0.84,4390,Selic,Variação Percentual Mensal,Taxa de juros nacional acumulada no mês,6
01/10/2024,0.93,4390,Selic,Variação Percentual Mensal,Taxa de juros nacional acumulada no mês,6
01/11/2024,0.79,4390,Selic,Variação Percentual Mensal,Taxa de juros nacional acumulada no mês,6
01/12/2024,0.93,4390,Selic,Variação Percentual Mensal,Taxa de juros nacional acumulada no mês,6
01/01/2025,1.01,4390,Selic,Variação Percentual Mensal,Taxa de juros nacional acumulada no mês,6
01/02/2025,0.99,4390,Selic,Variação Percentual Mensal,Taxa de juros nacional acumulada no mês,6
01/03/2025,0.96,4390,Selic,Variação Percentual Mensal,Taxa de juros nacional acumulada no mês,6
01/04/2025,1.06,4390,Selic,Variação Percentual Mensal,Taxa de juros nacional acumulada no mês,6
01/05/2025,1.14,4390,Selic,Variação Percentual Mensal,Taxa de juros nacional acumulada no mês,6
01/06/2025,1.10,4390,Selic,Variação Percentual Mensal,Taxa de juros nacional acumulada no mês,6
01/07/2025,1.28,4390,Selic,Variação Percentual Mensal,Taxa de juros nacional acumulada no mês,6
01/08/2025,1.16,4390,Selic,Variação Percentual Mensal,Taxa de juros nacional acumulada no mês,6
01/09/2025,1.22,4390,Selic,Variação Percentual Mensal,Taxa de juros nacional acumulada no mês,6
01/10/2025,1.28,4390,Selic,Variação Percentual Mensal,Taxa de juros nacional acumulada no mês,6
01/11/2025,1.05,4390,Selic,Variação Percentual Mensal,Taxa de juros nacional acumulada no mês,6
01/12/2025,1.22,4390,Selic,Variação Percentual Mensal,Taxa de juros nacional acumulada no mês,6
01/01/2026,1.16,4390,Selic,Variação Percentual Mensal,Taxa de juros nacional acumulada no mês,6
01/02/2026,1.00,4390,Selic,Variação Percentual Mensal,Taxa de juros nacional acumulada no mês,6
01/03/2026,1.21,4390,Selic,Variação Percentual Mensal,Taxa de juros nacional acumulada no mês,6
01/04/2026,1.09,4390,Selic,Variação Percentual Mensal,Taxa de juros nacional acumulada no mês,6
01/05/2026,0.16,4390,Selic,Variação Percentual Mensal,Taxa de juros nacional acumulada no mês,6
01/07/1994,6.68,4391,CDI,Variação Percentual Mensal,Taxa CDI. Fechamento Mensal,6
01/08/1994,4.16,4391,CDI,Variação Percentual Mensal,Taxa CDI. Fechamento Mensal,6
01/09/1994,3.85,4391,CDI,Variação Percentual Mensal,Taxa CDI. Fechamento Mensal,6
01/10/1994,3.65,4391,CDI,Variação Percentual Mensal,Taxa CDI. Fechamento Mensal,6
01/11/1994,4.11,4391,CDI,Variação Percentual Mensal,Taxa CDI. Fechamento Mensal,6
01/12/1994,3.84,4391,CDI,Variação Percentual Mensal,Taxa CDI. Fechamento Mensal,6
01/01/1995,3.48,4391,CDI,Variação Percentual Mensal,Taxa CDI. Fechamento Mensal,6
01/02/1995,3.24,4391,CDI,Variação Percentual Mensal,Taxa CDI. Fechamento Mensal,6
01/03/1995,4.41,4391,CDI,Variação Percentual Mensal,Taxa CDI. Fechamento Mensal,6
01/04/1995,4.22,4391,CDI,Variação Percentual Mensal,Taxa CDI. Fechamento Mensal,6
01/05/1995,4.27,4391,CDI,Variação Percentual Mensal,Taxa CDI. Fechamento Mensal,6
01/06/1995,4.05,4391,CDI,Variação Percentual Mensal,Taxa CDI. Fechamento Mensal,6
01/07/1995,4.01,4391,CDI,Variação Percentual Mensal,Taxa CDI. Fechamento Mensal,6
01/08/1995,3.81,4391,CDI,Variação Percentual Mensal,Taxa CDI. Fechamento Mensal,6
01/09/1995,3.25,4391,CDI,Variação Percentual Mensal,Taxa CDI. Fechamento Mensal,6
01/10/1995,3.06,4391,CDI,Variação Percentual Mensal,Taxa CDI. Fechamento Mensal,6
01/11/1995,2.84,4391,CDI,Variação Percentual Mensal,Taxa CDI. Fechamento Mensal,6
01/12/1995,2.73,4391,CDI,Variação Percentual Mensal,Taxa CDI. Fechamento Mensal,6
01/01/1996,2.56,4391,CDI,Variação Percentual Mensal,Taxa CDI. Fechamento Mensal,6
01/02/1996,2.31,4391,CDI,Variação Percentual Mensal,Taxa CDI. Fechamento Mensal,6
01/03/1996,2.20,4391,CDI,Variação Percentual Mensal,Taxa CDI. Fechamento Mensal,6
01/04/1996,2.03,4391,CDI,Variação Percentual Mensal,Taxa CDI. Fechamento Mensal,6
01/05/1996,2.00,4391,CDI,Variação Percentual Mensal,Taxa CDI. Fechamento Mensal,6
01/06/1996,1.94,4391,CDI,Variação Percentual Mensal,Taxa CDI. Fechamento Mensal,6
01/07/1996,1.91,4391,CDI,Variação Percentual Mensal,Taxa CDI. Fechamento Mensal,6
01/08/1996,1.95,4391,CDI,Variação Percentual Mensal,Taxa CDI. Fechamento Mensal,6
01/09/1996,1.88,4391,CDI,Variação Percentual Mensal,Taxa CDI. Fechamento Mensal,6
01/10/1996,1.86,4391,CDI,Variação Percentual Mensal,Taxa CDI. Fechamento Mensal,6
01/11/1996,1.79,4391,CDI,Variação Percentual Mensal,Taxa CDI. Fechamento Mensal,6
01/12/1996,1.79,4391,CDI,Variação Percentual Mensal,Taxa CDI. Fechamento Mensal,6
01/01/1997,1.74,4391,CDI,Variação Percentual Mensal,Taxa CDI. Fechamento Mensal,6
01/02/1997,1.66,4391,CDI,Variação Percentual Mensal,Taxa CDI. Fechamento Mensal,6
01/03/1997,1.63,4391,CDI,Variação Percentual Mensal,Taxa CDI. Fechamento Mensal,6
01/04/1997,1.66,4391,CDI,Variação Percentual Mensal,Taxa CDI. Fechamento Mensal,6
01/05/1997,1.58,4391,CDI,Variação Percentual Mensal,Taxa CDI. Fechamento Mensal,6
01/06/1997,1.59,4391,CDI,Variação Percentual Mensal,Taxa CDI. Fechamento Mensal,6
01/07/1997,1.61,4391,CDI,Variação Percentual Mensal,Taxa CDI. Fechamento Mensal,6
01/08/1997,1.58,4391,CDI,Variação Percentual Mensal,Taxa CDI. Fechamento Mensal,6
01/09/1997,1.58,4391,CDI,Variação Percentual Mensal,Taxa CDI. Fechamento Mensal,6
01/10/1997,1.68,4391,CDI,Variação Percentual Mensal,Taxa CDI. Fechamento Mensal,6
01/11/1997,2.98,4391,CDI,Variação Percentual Mensal,Taxa CDI. Fechamento Mensal,6
01/12/1997,2.92,4391,CDI,Variação Percentual Mensal,Taxa CDI. Fechamento Mensal,6
01/01/1998,2.67,4391,CDI,Variação Percentual Mensal,Taxa CDI. Fechamento Mensal,6
01/02/1998,2.11,4391,CDI,Variação Percentual Mensal,Taxa CDI. Fechamento Mensal,6
01/03/1998,2.18,4391,CDI,Variação Percentual Mensal,Taxa CDI. Fechamento Mensal,6
01/04/1998,1.69,4391,CDI,Variação Percentual Mensal,Taxa CDI. Fechamento Mensal,6
01/05/1998,1.63,4391,CDI,Variação Percentual Mensal,Taxa CDI. Fechamento Mensal,6
01/06/1998,1.60,4391,CDI,Variação Percentual Mensal,Taxa CDI. Fechamento Mensal,6
01/07/1998,1.69,4391,CDI,Variação Percentual Mensal,Taxa CDI. Fechamento Mensal,6
01/08/1998,1.47,4391,CDI,Variação Percentual Mensal,Taxa CDI. Fechamento Mensal,6
01/09/1998,2.49,4391,CDI,Variação Percentual Mensal,Taxa CDI. Fechamento Mensal,6
01/10/1998,2.93,4391,CDI,Variação Percentual Mensal,Taxa CDI. Fechamento Mensal,6
01/11/1998,2.58,4391,CDI,Variação Percentual Mensal,Taxa CDI. Fechamento Mensal,6
01/12/1998,2.38,4391,CDI,Variação Percentual Mensal,Taxa CDI. Fechamento Mensal,6
01/01/1999,2.17,4391,CDI,Variação Percentual Mensal,Taxa CDI. Fechamento Mensal,6
01/02/1999,2.35,4391,CDI,Variação Percentual Mensal,Taxa CDI. Fechamento Mensal,6
01/03/1999,3.29,4391,CDI,Variação Percentual Mensal,Taxa CDI. Fechamento Mensal,6
01/04/1999,2.28,4391,CDI,Variação Percentual Mensal,Taxa CDI. Fechamento Mensal,6
01/05/1999,1.96,4391,CDI,Variação Percentual Mensal,Taxa CDI. Fechamento Mensal,6
01/06/1999,1.63,4391,CDI,Variação Percentual Mensal,Taxa CDI. Fechamento Mensal,6
01/07/1999,1.62,4391,CDI,Variação Percentual Mensal,Taxa CDI. Fechamento Mensal,6
01/08/1999,1.55,4391,CDI,Variação Percentual Mensal,Taxa CDI. Fechamento Mensal,6
01/09/1999,1.47,4391,CDI,Variação Percentual Mensal,Taxa CDI. Fechamento Mensal,6
01/10/1999,1.37,4391,CDI,Variação Percentual Mensal,Taxa CDI. Fechamento Mensal,6
01/11/1999,1.37,4391,CDI,Variação Percentual Mensal,Taxa CDI. Fechamento Mensal,6
01/12/1999,1.58,4391,CDI,Variação Percentual Mensal,Taxa CDI. Fechamento Mensal,6
01/01/2000,1.44,4391,CDI,Variação Percentual Mensal,Taxa CDI. Fechamento Mensal,6
01/02/2000,1.44,4391,CDI,Variação Percentual Mensal,Taxa CDI. Fechamento Mensal,6
01/03/2000,1.44,4391,CDI,Variação Percentual Mensal,Taxa CDI. Fechamento Mensal,6
01/04/2000,1.28,4391,CDI,Variação Percentual Mensal,Taxa CDI. Fechamento Mensal,6
01/05/2000,1.49,4391,CDI,Variação Percentual Mensal,Taxa CDI. Fechamento Mensal,6
01/06/2000,1.39,4391,CDI,Variação Percentual Mensal,Taxa CDI. Fechamento Mensal,6
01/07/2000,1.30,4391,CDI,Variação Percentual Mensal,Taxa CDI. Fechamento Mensal,6
01/08/2000,1.40,4391,CDI,Variação Percentual Mensal,Taxa CDI. Fechamento Mensal,6
01/09/2000,1.22,4391,CDI,Variação Percentual Mensal,Taxa CDI. Fechamento Mensal,6
01/10/2000,1.28,4391,CDI,Variação Percentual Mensal,Taxa CDI. Fechamento Mensal,6
01/11/2000,1.22,4391,CDI,Variação Percentual Mensal,Taxa CDI. Fechamento Mensal,6
01/12/2000,1.19,4391,CDI,Variação Percentual Mensal,Taxa CDI. Fechamento Mensal,6
01/01/2001,1.26,4391,CDI,Variação Percentual Mensal,Taxa CDI. Fechamento Mensal,6
01/02/2001,1.01,4391,CDI,Variação Percentual Mensal,Taxa CDI. Fechamento Mensal,6
01/03/2001,1.25,4391,CDI,Variação Percentual Mensal,Taxa CDI. Fechamento Mensal,6
01/04/2001,1.18,4391,CDI,Variação Percentual Mensal,Taxa CDI. Fechamento Mensal,6
01/05/2001,1.33,4391,CDI,Variação Percentual Mensal,Taxa CDI. Fechamento Mensal,6
01/06/2001,1.27,4391,CDI,Variação Percentual Mensal,Taxa CDI. Fechamento Mensal,6
01/07/2001,1.50,4391,CDI,Variação Percentual Mensal,Taxa CDI. Fechamento Mensal,6
01/08/2001,1.60,4391,CDI,Variação Percentual Mensal,Taxa CDI. Fechamento Mensal,6
01/09/2001,1.32,4391,CDI,Variação Percentual Mensal,Taxa CDI. Fechamento Mensal,6
01/10/2001,1.53,4391,CDI,Variação Percentual Mensal,Taxa CDI. Fechamento Mensal,6
01/11/2001,1.39,4391,CDI,Variação Percentual Mensal,Taxa CDI. Fechamento Mensal,6
01/12/2001,1.39,4391,CDI,Variação Percentual Mensal,Taxa CDI. Fechamento Mensal,6
01/01/2002,1.53,4391,CDI,Variação Percentual Mensal,Taxa CDI. Fechamento Mensal,6
01/02/2002,1.25,4391,CDI,Variação Percentual Mensal,Taxa CDI. Fechamento Mensal,6
01/03/2002,1.37,4391,CDI,Variação Percentual Mensal,Taxa CDI. Fechamento Mensal,6
01/04/2002,1.48,4391,CDI,Variação Percentual Mensal,Taxa CDI. Fechamento Mensal,6
01/05/2002,1.40,4391,CDI,Variação Percentual Mensal,Taxa CDI. Fechamento Mensal,6
01/06/2002,1.31,4391,CDI,Variação Percentual Mensal,Taxa CDI. Fechamento Mensal,6
01/07/2002,1.53,4391,CDI,Variação Percentual Mensal,Taxa CDI. Fechamento Mensal,6
01/08/2002,1.45,4391,CDI,Variação Percentual Mensal,Taxa CDI. Fechamento Mensal,6
01/09/2002,1.38,4391,CDI,Variação Percentual Mensal,Taxa CDI. Fechamento Mensal,6
01/10/2002,1.64,4391,CDI,Variação Percentual Mensal,Taxa CDI. Fechamento Mensal,6
01/11/2002,1.53,4391,CDI,Variação Percentual Mensal,Taxa CDI. Fechamento Mensal,6
01/12/2002,1.73,4391,CDI,Variação Percentual Mensal,Taxa CDI. Fechamento Mensal,6
01/01/2003,1.97,4391,CDI,Variação Percentual Mensal,Taxa CDI. Fechamento Mensal,6
01/02/2003,1.83,4391,CDI,Variação Percentual Mensal,Taxa CDI. Fechamento Mensal,6
01/03/2003,1.77,4391,CDI,Variação Percentual Mensal,Taxa CDI. Fechamento Mensal,6
01/04/2003,1.87,4391,CDI,Variação Percentual Mensal,Taxa CDI. Fechamento Mensal,6
01/05/2003,1.96,4391,CDI,Variação Percentual Mensal,Taxa CDI. Fechamento Mensal,6
01/06/2003,1.85,4391,CDI,Variação Percentual Mensal,Taxa CDI. Fechamento Mensal,6
01/07/2003,2.08,4391,CDI,Variação Percentual Mensal,Taxa CDI. Fechamento Mensal,6
01/08/2003,1.76,4391,CDI,Variação Percentual Mensal,Taxa CDI. Fechamento Mensal,6
01/09/2003,1.67,4391,CDI,Variação Percentual Mensal,Taxa CDI. Fechamento Mensal,6
01/10/2003,1.63,4391,CDI,Variação Percentual Mensal,Taxa CDI. Fechamento Mensal,6
01/11/2003,1.34,4391,CDI,Variação Percentual Mensal,Taxa CDI. Fechamento Mensal,6
01/12/2003,1.37,4391,CDI,Variação Percentual Mensal,Taxa CDI. Fechamento Mensal,6
01/01/2004,1.26,4391,CDI,Variação Percentual Mensal,Taxa CDI. Fechamento Mensal,6
01/02/2004,1.08,4391,CDI,Variação Percentual Mensal,Taxa CDI. Fechamento Mensal,6
01/03/2004,1.37,4391,CDI,Variação Percentual Mensal,Taxa CDI. Fechamento Mensal,6
01/04/2004,1.17,4391,CDI,Variação Percentual Mensal,Taxa CDI. Fechamento Mensal,6
01/05/2004,1.22,4391,CDI,Variação Percentual Mensal,Taxa CDI. Fechamento Mensal,6
01/06/2004,1.22,4391,CDI,Variação Percentual Mensal,Taxa CDI. Fechamento Mensal,6
01/07/2004,1.28,4391,CDI,Variação Percentual Mensal,Taxa CDI. Fechamento Mensal,6
01/08/2004,1.29,4391,CDI,Variação Percentual Mensal,Taxa CDI. Fechamento Mensal,6
01/09/2004,1.24,4391,CDI,Variação Percentual Mensal,Taxa CDI. Fechamento Mensal,6
01/10/2004,1.21,4391,CDI,Variação Percentual Mensal,Taxa CDI. Fechamento Mensal,6
01/11/2004,1.25,4391,CDI,Variação Percentual Mensal,Taxa CDI. Fechamento Mensal,6
01/12/2004,1.48,4391,CDI,Variação Percentual Mensal,Taxa CDI. Fechamento Mensal,6
01/01/2005,1.38,4391,CDI,Variação Percentual Mensal,Taxa CDI. Fechamento Mensal,6
01/02/2005,1.22,4391,CDI,Variação Percentual Mensal,Taxa CDI. Fechamento Mensal,6
01/03/2005,1.52,4391,CDI,Variação Percentual Mensal,Taxa CDI. Fechamento Mensal,6
01/04/2005,1.41,4391,CDI,Variação Percentual Mensal,Taxa CDI. Fechamento Mensal,6
01/05/2005,1.50,4391,CDI,Variação Percentual Mensal,Taxa CDI. Fechamento Mensal,6
01/06/2005,1.58,4391,CDI,Variação Percentual Mensal,Taxa CDI. Fechamento Mensal,6
01/07/2005,1.51,4391,CDI,Variação Percentual Mensal,Taxa CDI. Fechamento Mensal,6
01/08/2005,1.65,4391,CDI,Variação Percentual Mensal,Taxa CDI. Fechamento Mensal,6
01/09/2005,1.50,4391,CDI,Variação Percentual Mensal,Taxa CDI. Fechamento Mensal,6
01/10/2005,1.40,4391,CDI,Variação Percentual Mensal,Taxa CDI. Fechamento Mensal,6
01/11/2005,1.38,4391,CDI,Variação Percentual Mensal,Taxa CDI. Fechamento Mensal,6
01/12/2005,1.47,4391,CDI,Variação Percentual Mensal,Taxa CDI. Fechamento Mensal,6
01/01/2006,1.43,4391,CDI,Variação Percentual Mensal,Taxa CDI. Fechamento Mensal,6
01/02/2006,1.14,4391,CDI,Variação Percentual Mensal,Taxa CDI. Fechamento Mensal,6
01/03/2006,1.42,4391,CDI,Variação Percentual Mensal,Taxa CDI. Fechamento Mensal,6
01/04/2006,1.08,4391,CDI,Variação Percentual Mensal,Taxa CDI. Fechamento Mensal,6
01/05/2006,1.28,4391,CDI,Variação Percentual Mensal,Taxa CDI. Fechamento Mensal,6
01/06/2006,1.18,4391,CDI,Variação Percentual Mensal,Taxa CDI. Fechamento Mensal,6
01/07/2006,1.17,4391,CDI,Variação Percentual Mensal,Taxa CDI. Fechamento Mensal,6
01/08/2006,1.25,4391,CDI,Variação Percentual Mensal,Taxa CDI. Fechamento Mensal,6
01/09/2006,1.05,4391,CDI,Variação Percentual Mensal,Taxa CDI. Fechamento Mensal,6
01/10/2006,1.09,4391,CDI,Variação Percentual Mensal,Taxa CDI. Fechamento Mensal,6
01/11/2006,1.02,4391,CDI,Variação Percentual Mensal,Taxa CDI. Fechamento Mensal,6
01/12/2006,0.98,4391,CDI,Variação Percentual Mensal,Taxa CDI. Fechamento Mensal,6
01/01/2007,1.08,4391,CDI,Variação Percentual Mensal,Taxa CDI. Fechamento Mensal,6
01/02/2007,0.87,4391,CDI,Variação Percentual Mensal,Taxa CDI. Fechamento Mensal,6
01/03/2007,1.05,4391,CDI,Variação Percentual Mensal,Taxa CDI. Fechamento Mensal,6
01/04/2007,0.94,4391,CDI,Variação Percentual Mensal,Taxa CDI. Fechamento Mensal,6
01/05/2007,1.02,4391,CDI,Variação Percentual Mensal,Taxa CDI. Fechamento Mensal,6
01/06/2007,0.90,4391,CDI,Variação Percentual Mensal,Taxa CDI. Fechamento Mensal,6
01/07/2007,0.97,4391,CDI,Variação Percentual Mensal,Taxa CDI. Fechamento Mensal,6
01/08/2007,0.99,4391,CDI,Variação Percentual Mensal,Taxa CDI. Fechamento Mensal,6
01/09/2007,0.80,4391,CDI,Variação Percentual Mensal,Taxa CDI. Fechamento Mensal,6
01/10/2007,0.92,4391,CDI,Variação Percentual Mensal,Taxa CDI. Fechamento Mensal,6
01/11/2007,0.84,4391,CDI,Variação Percentual Mensal,Taxa CDI. Fechamento Mensal,6
01/12/2007,0.84,4391,CDI,Variação Percentual Mensal,Taxa CDI. Fechamento Mensal,6
01/01/2008,0.92,4391,CDI,Variação Percentual Mensal,Taxa CDI. Fechamento Mensal,6
01/02/2008,0.80,4391,CDI,Variação Percentual Mensal,Taxa CDI. Fechamento Mensal,6
01/03/2008,0.84,4391,CDI,Variação Percentual Mensal,Taxa CDI. Fechamento Mensal,6
01/04/2008,0.90,4391,CDI,Variação Percentual Mensal,Taxa CDI. Fechamento Mensal,6
01/05/2008,0.87,4391,CDI,Variação Percentual Mensal,Taxa CDI. Fechamento Mensal,6
01/06/2008,0.95,4391,CDI,Variação Percentual Mensal,Taxa CDI. Fechamento Mensal,6
01/07/2008,1.06,4391,CDI,Variação Percentual Mensal,Taxa CDI. Fechamento Mensal,6
01/08/2008,1.01,4391,CDI,Variação Percentual Mensal,Taxa CDI. Fechamento Mensal,6
01/09/2008,1.10,4391,CDI,Variação Percentual Mensal,Taxa CDI. Fechamento Mensal,6
01/10/2008,1.17,4391,CDI,Variação Percentual Mensal,Taxa CDI. Fechamento Mensal,6
01/11/2008,1.00,4391,CDI,Variação Percentual Mensal,Taxa CDI. Fechamento Mensal,6
01/12/2008,1.11,4391,CDI,Variação Percentual Mensal,Taxa CDI. Fechamento Mensal,6
01/01/2009,1.04,4391,CDI,Variação Percentual Mensal,Taxa CDI. Fechamento Mensal,6
01/02/2009,0.85,4391,CDI,Variação Percentual Mensal,Taxa CDI. Fechamento Mensal,6
01/03/2009,0.97,4391,CDI,Variação Percentual Mensal,Taxa CDI. Fechamento Mensal,6
01/04/2009,0.84,4391,CDI,Variação Percentual Mensal,Taxa CDI. Fechamento Mensal,6
01/05/2009,0.77,4391,CDI,Variação Percentual Mensal,Taxa CDI. Fechamento Mensal,6
01/06/2009,0.75,4391,CDI,Variação Percentual Mensal,Taxa CDI. Fechamento Mensal,6
01/07/2009,0.78,4391,CDI,Variação Percentual Mensal,Taxa CDI. Fechamento Mensal,6
01/08/2009,0.69,4391,CDI,Variação Percentual Mensal,Taxa CDI. Fechamento Mensal,6
01/09/2009,0.69,4391,CDI,Variação Percentual Mensal,Taxa CDI. Fechamento Mensal,6
01/10/2009,0.69,4391,CDI,Variação Percentual Mensal,Taxa CDI. Fechamento Mensal,6
01/11/2009,0.66,4391,CDI,Variação Percentual Mensal,Taxa CDI. Fechamento Mensal,6
01/12/2009,0.72,4391,CDI,Variação Percentual Mensal,Taxa CDI. Fechamento Mensal,6
01/01/2010,0.66,4391,CDI,Variação Percentual Mensal,Taxa CDI. Fechamento Mensal,6
01/02/2010,0.59,4391,CDI,Variação Percentual Mensal,Taxa CDI. Fechamento Mensal,6
01/03/2010,0.76,4391,CDI,Variação Percentual Mensal,Taxa CDI. Fechamento Mensal,6
01/04/2010,0.66,4391,CDI,Variação Percentual Mensal,Taxa CDI. Fechamento Mensal,6
01/05/2010,0.75,4391,CDI,Variação Percentual Mensal,Taxa CDI. Fechamento Mensal,6
01/06/2010,0.79,4391,CDI,Variação Percentual Mensal,Taxa CDI. Fechamento Mensal,6
01/07/2010,0.86,4391,CDI,Variação Percentual Mensal,Taxa CDI. Fechamento Mensal,6
01/08/2010,0.89,4391,CDI,Variação Percentual Mensal,Taxa CDI. Fechamento Mensal,6
01/09/2010,0.84,4391,CDI,Variação Percentual Mensal,Taxa CDI. Fechamento Mensal,6
01/10/2010,0.81,4391,CDI,Variação Percentual Mensal,Taxa CDI. Fechamento Mensal,6
01/11/2010,0.81,4391,CDI,Variação Percentual Mensal,Taxa CDI. Fechamento Mensal,6
01/12/2010,0.93,4391,CDI,Variação Percentual Mensal,Taxa CDI. Fechamento Mensal,6
01/01/2011,0.86,4391,CDI,Variação Percentual Mensal,Taxa CDI. Fechamento Mensal,6
01/02/2011,0.84,4391,CDI,Variação Percentual Mensal,Taxa CDI. Fechamento Mensal,6
01/03/2011,0.92,4391,CDI,Variação Percentual Mensal,Taxa CDI. Fechamento Mensal,6
01/04/2011,0.84,4391,CDI,Variação Percentual Mensal,Taxa CDI. Fechamento Mensal,6
01/05/2011,0.99,4391,CDI,Variação Percentual Mensal,Taxa CDI. Fechamento Mensal,6
01/06/2011,0.95,4391,CDI,Variação Percentual Mensal,Taxa CDI. Fechamento Mensal,6
01/07/2011,0.97,4391,CDI,Variação Percentual Mensal,Taxa CDI. Fechamento Mensal,6
01/08/2011,1.07,4391,CDI,Variação Percentual Mensal,Taxa CDI. Fechamento Mensal,6
01/09/2011,0.94,4391,CDI,Variação Percentual Mensal,Taxa CDI. Fechamento Mensal,6
01/10/2011,0.88,4391,CDI,Variação Percentual Mensal,Taxa CDI. Fechamento Mensal,6
01/11/2011,0.86,4391,CDI,Variação Percentual Mensal,Taxa CDI. Fechamento Mensal,6
01/12/2011,0.90,4391,CDI,Variação Percentual Mensal,Taxa CDI. Fechamento Mensal,6
01/01/2012,0.89,4391,CDI,Variação Percentual Mensal,Taxa CDI. Fechamento Mensal,6
01/02/2012,0.74,4391,CDI,Variação Percentual Mensal,Taxa CDI. Fechamento Mensal,6
01/03/2012,0.81,4391,CDI,Variação Percentual Mensal,Taxa CDI. Fechamento Mensal,6
01/04/2012,0.70,4391,CDI,Variação Percentual Mensal,Taxa CDI. Fechamento Mensal,6
01/05/2012,0.73,4391,CDI,Variação Percentual Mensal,Taxa CDI. Fechamento Mensal,6
01/06/2012,0.64,4391,CDI,Variação Percentual Mensal,Taxa CDI. Fechamento Mensal,6
01/07/2012,0.68,4391,CDI,Variação Percentual Mensal,Taxa CDI. Fechamento Mensal,6
01/08/2012,0.69,4391,CDI,Variação Percentual Mensal,Taxa CDI. Fechamento Mensal,6
01/09/2012,0.54,4391,CDI,Variação Percentual Mensal,Taxa CDI. Fechamento Mensal,6
01/10/2012,0.61,4391,CDI,Variação Percentual Mensal,Taxa CDI. Fechamento Mensal,6
01/11/2012,0.54,4391,CDI,Variação Percentual Mensal,Taxa CDI. Fechamento Mensal,6
01/12/2012,0.53,4391,CDI,Variação Percentual Mensal,Taxa CDI. Fechamento Mensal,6
01/01/2013,0.59,4391,CDI,Variação Percentual Mensal,Taxa CDI. Fechamento Mensal,6
01/02/2013,0.48,4391,CDI,Variação Percentual Mensal,Taxa CDI. Fechamento Mensal,6
01/03/2013,0.54,4391,CDI,Variação Percentual Mensal,Taxa CDI. Fechamento Mensal,6
01/04/2013,0.60,4391,CDI,Variação Percentual Mensal,Taxa CDI. Fechamento Mensal,6
01/05/2013,0.58,4391,CDI,Variação Percentual Mensal,Taxa CDI. Fechamento Mensal,6
01/06/2013,0.59,4391,CDI,Variação Percentual Mensal,Taxa CDI. Fechamento Mensal,6
01/07/2013,0.71,4391,CDI,Variação Percentual Mensal,Taxa CDI. Fechamento Mensal,6
01/08/2013,0.70,4391,CDI,Variação Percentual Mensal,Taxa CDI. Fechamento Mensal,6
01/09/2013,0.70,4391,CDI,Variação Percentual Mensal,Taxa CDI. Fechamento Mensal,6
01/10/2013,0.80,4391,CDI,Variação Percentual Mensal,Taxa CDI. Fechamento Mensal,6
01/11/2013,0.71,4391,CDI,Variação Percentual Mensal,Taxa CDI. Fechamento Mensal,6
01/12/2013,0.78,4391,CDI,Variação Percentual Mensal,Taxa CDI. Fechamento Mensal,6
01/01/2014,0.84,4391,CDI,Variação Percentual Mensal,Taxa CDI. Fechamento Mensal,6
01/02/2014,0.78,4391,CDI,Variação Percentual Mensal,Taxa CDI. Fechamento Mensal,6
01/03/2014,0.76,4391,CDI,Variação Percentual Mensal,Taxa CDI. Fechamento Mensal,6
01/04/2014,0.82,4391,CDI,Variação Percentual Mensal,Taxa CDI. Fechamento Mensal,6
01/05/2014,0.86,4391,CDI,Variação Percentual Mensal,Taxa CDI. Fechamento Mensal,6
01/06/2014,0.82,4391,CDI,Variação Percentual Mensal,Taxa CDI. Fechamento Mensal,6
01/07/2014,0.94,4391,CDI,Variação Percentual Mensal,Taxa CDI. Fechamento Mensal,6
01/08/2014,0.86,4391,CDI,Variação Percentual Mensal,Taxa CDI. Fechamento Mensal,6
01/09/2014,0.90,4391,CDI,Variação Percentual Mensal,Taxa CDI. Fechamento Mensal,6
01/10/2014,0.94,4391,CDI,Variação Percentual Mensal,Taxa CDI. Fechamento Mensal,6
01/11/2014,0.84,4391,CDI,Variação Percentual Mensal,Taxa CDI. Fechamento Mensal,6
01/12/2014,0.96,4391,CDI,Variação Percentual Mensal,Taxa CDI. Fechamento Mensal,6
01/01/2015,0.93,4391,CDI,Variação Percentual Mensal,Taxa CDI. Fechamento Mensal,6
01/02/2015,0.82,4391,CDI,Variação Percentual Mensal,Taxa CDI. Fechamento Mensal,6
01/03/2015,1.04,4391,CDI,Variação Percentual Mensal,Taxa CDI. Fechamento Mensal,6
01/04/2015,0.95,4391,CDI,Variação Percentual Mensal,Taxa CDI. Fechamento Mensal,6
01/05/2015,0.98,4391,CDI,Variação Percentual Mensal,Taxa CDI. Fechamento Mensal,6
01/06/2015,1.07,4391,CDI,Variação Percentual Mensal,Taxa CDI. Fechamento Mensal,6
01/07/2015,1.18,4391,CDI,Variação Percentual Mensal,Taxa CDI. Fechamento Mensal,6
01/08/2015,1.11,4391,CDI,Variação Percentual Mensal,Taxa CDI. Fechamento Mensal,6
01/09/2015,1.11,4391,CDI,Variação Percentual Mensal,Taxa CDI. Fechamento Mensal,6
01/10/2015,1.11,4391,CDI,Variação Percentual Mensal,Taxa CDI. Fechamento Mensal,6
01/11/2015,1.06,4391,CDI,Variação Percentual Mensal,Taxa CDI. Fechamento Mensal,6
01/12/2015,1.16,4391,CDI,Variação Percentual Mensal,Taxa CDI. Fechamento Mensal,6
01/01/2016,1.05,4391,CDI,Variação Percentual Mensal,Taxa CDI. Fechamento Mensal,6
01/02/2016,1.00,4391,CDI,Variação Percentual Mensal,Taxa CDI. Fechamento Mensal,6
01/03/2016,1.16,4391,CDI,Variação Percentual Mensal,Taxa CDI. Fechamento Mensal,6
01/04/2016,1.05,4391,CDI,Variação Percentual Mensal,Taxa CDI. Fechamento Mensal,6
01/05/2016,1.11,4391,CDI,Variação Percentual Mensal,Taxa CDI. Fechamento Mensal,6
01/06/2016,1.16,4391,CDI,Variação Percentual Mensal,Taxa CDI. Fechamento Mensal,6
01/07/2016,1.11,4391,CDI,Variação Percentual Mensal,Taxa CDI. Fechamento Mensal,6
01/08/2016,1.21,4391,CDI,Variação Percentual Mensal,Taxa CDI. Fechamento Mensal,6
01/09/2016,1.11,4391,CDI,Variação Percentual Mensal,Taxa CDI. Fechamento Mensal,6
01/10/2016,1.05,4391,CDI,Variação Percentual Mensal,Taxa CDI. Fechamento Mensal,6
01/11/2016,1.04,4391,CDI,Variação Percentual Mensal,Taxa CDI. Fechamento Mensal,6
01/12/2016,1.12,4391,CDI,Variação Percentual Mensal,Taxa CDI. Fechamento Mensal,6
01/01/2017,1.08,4391,CDI,Variação Percentual Mensal,Taxa CDI. Fechamento Mensal,6
01/02/2017,0.86,4391,CDI,Variação Percentual Mensal,Taxa CDI. Fechamento Mensal,6
01/03/2017,1.05,4391,CDI,Variação Percentual Mensal,Taxa CDI. Fechamento Mensal,6
01/04/2017,0.79,4391,CDI,Variação Percentual Mensal,Taxa CDI. Fechamento Mensal,6
01/05/2017,0.93,4391,CDI,Variação Percentual Mensal,Taxa CDI. Fechamento Mensal,6
01/06/2017,0.81,4391,CDI,Variação Percentual Mensal,Taxa CDI. Fechamento Mensal,6
01/07/2017,0.80,4391,CDI,Variação Percentual Mensal,Taxa CDI. Fechamento Mensal,6
01/08/2017,0.80,4391,CDI,Variação Percentual Mensal,Taxa CDI. Fechamento Mensal,6
01/09/2017,0.64,4391,CDI,Variação Percentual Mensal,Taxa CDI. Fechamento Mensal,6
01/10/2017,0.64,4391,CDI,Variação Percentual Mensal,Taxa CDI. Fechamento Mensal,6
01/11/2017,0.57,4391,CDI,Variação Percentual Mensal,Taxa CDI. Fechamento Mensal,6
01/12/2017,0.54,4391,CDI,Variação Percentual Mensal,Taxa CDI. Fechamento Mensal,6
01/01/2018,0.58,4391,CDI,Variação Percentual Mensal,Taxa CDI. Fechamento Mensal,6
01/02/2018,0.46,4391,CDI,Variação Percentual Mensal,Taxa CDI. Fechamento Mensal,6
01/03/2018,0.53,4391,CDI,Variação Percentual Mensal,Taxa CDI. Fechamento Mensal,6
01/04/2018,0.52,4391,CDI,Variação Percentual Mensal,Taxa CDI. Fechamento Mensal,6
01/05/2018,0.52,4391,CDI,Variação Percentual Mensal,Taxa CDI. Fechamento Mensal,6
01/06/2018,0.52,4391,CDI,Variação Percentual Mensal,Taxa CDI. Fechamento Mensal,6
01/07/2018,0.54,4391,CDI,Variação Percentual Mensal,Taxa CDI. Fechamento Mensal,6
01/08/2018,0.57,4391,CDI,Variação Percentual Mensal,Taxa CDI. Fechamento Mensal,6
01/09/2018,0.47,4391,CDI,Variação Percentual Mensal,Taxa CDI. Fechamento Mensal,6
01/10/2018,0.54,4391,CDI,Variação Percentual Mensal,Taxa CDI. Fechamento Mensal,6
01/11/2018,0.49,4391,CDI,Variação Percentual Mensal,Taxa CDI. Fechamento Mensal,6
01/12/2018,0.49,4391,CDI,Variação Percentual Mensal,Taxa CDI. Fechamento Mensal,6
01/01/2019,0.54,4391,CDI,Variação Percentual Mensal,Taxa CDI. Fechamento Mensal,6
01/02/2019,0.49,4391,CDI,Variação Percentual Mensal,Taxa CDI. Fechamento Mensal,6
01/03/2019,0.47,4391,CDI,Variação Percentual Mensal,Taxa CDI. Fechamento Mensal,6
01/04/2019,0.52,4391,CDI,Variação Percentual Mensal,Taxa CDI. Fechamento Mensal,6
01/05/2019,0.54,4391,CDI,Variação Percentual Mensal,Taxa CDI. Fechamento Mensal,6
01/06/2019,0.47,4391,CDI,Variação Percentual Mensal,Taxa CDI. Fechamento Mensal,6
01/07/2019,0.57,4391,CDI,Variação Percentual Mensal,Taxa CDI. Fechamento Mensal,6
01/08/2019,0.50,4391,CDI,Variação Percentual Mensal,Taxa CDI. Fechamento Mensal,6
01/09/2019,0.46,4391,CDI,Variação Percentual Mensal,Taxa CDI. Fechamento Mensal,6
01/10/2019,0.48,4391,CDI,Variação Percentual Mensal,Taxa CDI. Fechamento Mensal,6
01/11/2019,0.38,4391,CDI,Variação Percentual Mensal,Taxa CDI. Fechamento Mensal,6
01/12/2019,0.37,4391,CDI,Variação Percentual Mensal,Taxa CDI. Fechamento Mensal,6
01/01/2020,0.38,4391,CDI,Variação Percentual Mensal,Taxa CDI. Fechamento Mensal,6
01/02/2020,0.29,4391,CDI,Variação Percentual Mensal,Taxa CDI. Fechamento Mensal,6
01/03/2020,0.34,4391,CDI,Variação Percentual Mensal,Taxa CDI. Fechamento Mensal,6
01/04/2020,0.28,4391,CDI,Variação Percentual Mensal,Taxa CDI. Fechamento Mensal,6
01/05/2020,0.24,4391,CDI,Variação Percentual Mensal,Taxa CDI. Fechamento Mensal,6
01/06/2020,0.21,4391,CDI,Variação Percentual Mensal,Taxa CDI. Fechamento Mensal,6
01/07/2020,0.19,4391,CDI,Variação Percentual Mensal,Taxa CDI. Fechamento Mensal,6
01/08/2020,0.16,4391,CDI,Variação Percentual Mensal,Taxa CDI. Fechamento Mensal,6
01/09/2020,0.16,4391,CDI,Variação Percentual Mensal,Taxa CDI. Fechamento Mensal,6
01/10/2020,0.16,4391,CDI,Variação Percentual Mensal,Taxa CDI. Fechamento Mensal,6
01/11/2020,0.15,4391,CDI,Variação Percentual Mensal,Taxa CDI. Fechamento Mensal,6
01/12/2020,0.16,4391,CDI,Variação Percentual Mensal,Taxa CDI. Fechamento Mensal,6
01/01/2021,0.15,4391,CDI,Variação Percentual Mensal,Taxa CDI. Fechamento Mensal,6
01/02/2021,0.13,4391,CDI,Variação Percentual Mensal,Taxa CDI. Fechamento Mensal,6
01/03/2021,0.20,4391,CDI,Variação Percentual Mensal,Taxa CDI. Fechamento Mensal,6
01/04/2021,0.21,4391,CDI,Variação Percentual Mensal,Taxa CDI. Fechamento Mensal,6
01/05/2021,0.27,4391,CDI,Variação Percentual Mensal,Taxa CDI. Fechamento Mensal,6
01/06/2021,0.31,4391,CDI,Variação Percentual Mensal,Taxa CDI. Fechamento Mensal,6
01/07/2021,0.36,4391,CDI,Variação Percentual Mensal,Taxa CDI. Fechamento Mensal,6
01/08/2021,0.43,4391,CDI,Variação Percentual Mensal,Taxa CDI. Fechamento Mensal,6
01/09/2021,0.44,4391,CDI,Variação Percentual Mensal,Taxa CDI. Fechamento Mensal,6
01/10/2021,0.49,4391,CDI,Variação Percentual Mensal,Taxa CDI. Fechamento Mensal,6
01/11/2021,0.59,4391,CDI,Variação Percentual Mensal,Taxa CDI. Fechamento Mensal,6
01/12/2021,0.77,4391,CDI,Variação Percentual Mensal,Taxa CDI. Fechamento Mensal,6
01/01/2022,0.73,4391,CDI,Variação Percentual Mensal,Taxa CDI. Fechamento Mensal,6
01/02/2022,0.76,4391,CDI,Variação Percentual Mensal,Taxa CDI. Fechamento Mensal,6
01/03/2022,0.93,4391,CDI,Variação Percentual Mensal,Taxa CDI. Fechamento Mensal,6
01/04/2022,0.83,4391,CDI,Variação Percentual Mensal,Taxa CDI. Fechamento Mensal,6
01/05/2022,1.03,4391,CDI,Variação Percentual Mensal,Taxa CDI. Fechamento Mensal,6
01/06/2022,1.02,4391,CDI,Variação Percentual Mensal,Taxa CDI. Fechamento Mensal,6
01/07/2022,1.03,4391,CDI,Variação Percentual Mensal,Taxa CDI. Fechamento Mensal,6
01/08/2022,1.17,4391,CDI,Variação Percentual Mensal,Taxa CDI. Fechamento Mensal,6
01/09/2022,1.07,4391,CDI,Variação Percentual Mensal,Taxa CDI. Fechamento Mensal,6
01/10/2022,1.02,4391,CDI,Variação Percentual Mensal,Taxa CDI. Fechamento Mensal,6
01/11/2022,1.02,4391,CDI,Variação Percentual Mensal,Taxa CDI. Fechamento Mensal,6
01/12/2022,1.12,4391,CDI,Variação Percentual Mensal,Taxa CDI. Fechamento Mensal,6
01/01/2023,1.12,4391,CDI,Variação Percentual Mensal,Taxa CDI. Fechamento Mensal,6
01/02/2023,0.92,4391,CDI,Variação Percentual Mensal,Taxa CDI. Fechamento Mensal,6
01/03/2023,1.17,4391,CDI,Variação Percentual Mensal,Taxa CDI. Fechamento Mensal,6
01/04/2023,0.92,4391,CDI,Variação Percentual Mensal,Taxa CDI. Fechamento Mensal,6
01/05/2023,1.12,4391,CDI,Variação Percentual Mensal,Taxa CDI. Fechamento Mensal,6
01/06/2023,1.07,4391,CDI,Variação Percentual Mensal,Taxa CDI. Fechamento Mensal,6
01/07/2023,1.07,4391,CDI,Variação Percentual Mensal,Taxa CDI. Fechamento Mensal,6
01/08/2023,1.14,4391,CDI,Variação Percentual Mensal,Taxa CDI. Fechamento Mensal,6
01/09/2023,0.97,4391,CDI,Variação Percentual Mensal,Taxa CDI. Fechamento Mensal,6
01/10/2023,1.00,4391,CDI,Variação Percentual Mensal,Taxa CDI. Fechamento Mensal,6
01/11/2023,0.92,4391,CDI,Variação Percentual Mensal,Taxa CDI. Fechamento Mensal,6
01/12/2023,0.89,4391,CDI,Variação Percentual Mensal,Taxa CDI. Fechamento Mensal,6
01/01/2024,0.97,4391,CDI,Variação Percentual Mensal,Taxa CDI. Fechamento Mensal,6
01/02/2024,0.80,4391,CDI,Variação Percentual Mensal,Taxa CDI. Fechamento Mensal,6
01/03/2024,0.83,4391,CDI,Variação Percentual Mensal,Taxa CDI. Fechamento Mensal,6
01/04/2024,0.89,4391,CDI,Variação Percentual Mensal,Taxa CDI. Fechamento Mensal,6
01/05/2024,0.83,4391,CDI,Variação Percentual Mensal,Taxa CDI. Fechamento Mensal,6
01/06/2024,0.79,4391,CDI,Variação Percentual Mensal,Taxa CDI. Fechamento Mensal,6
01/07/2024,0.91,4391,CDI,Variação Percentual Mensal,Taxa CDI. Fechamento Mensal,6
01/08/2024,0.87,4391,CDI,Variação Percentual Mensal,Taxa CDI. Fechamento Mensal,6
01/09/2024,0.84,4391,CDI,Variação Percentual Mensal,Taxa CDI. Fechamento Mensal,6
01/10/2024,0.93,4391,CDI,Variação Percentual Mensal,Taxa CDI. Fechamento Mensal,6
01/11/2024,0.79,4391,CDI,Variação Percentual Mensal,Taxa CDI. Fechamento Mensal,6
01/12/2024,0.93,4391,CDI,Variação Percentual Mensal,Taxa CDI. Fechamento Mensal,6
01/01/2025,1.01,4391,CDI,Variação Percentual Mensal,Taxa CDI. Fechamento Mensal,6
01/02/2025,0.99,4391,CDI,Variação Percentual Mensal,Taxa CDI. Fechamento Mensal,6
01/03/2025,0.96,4391,CDI,Variação Percentual Mensal,Taxa CDI. Fechamento Mensal,6
01/04/2025,1.06,4391,CDI,Variação Percentual Mensal,Taxa CDI. Fechamento Mensal,6
01/05/2025,1.14,4391,CDI,Variação Percentual Mensal,Taxa CDI. Fechamento Mensal,6
01/06/2025,1.10,4391,CDI,Variação Percentual Mensal,Taxa CDI. Fechamento Mensal,6
01/07/2025,1.28,4391,CDI,Variação Percentual Mensal,Taxa CDI. Fechamento Mensal,6
01/08/2025,1.16,4391,CDI,Variação Percentual Mensal,Taxa CDI. Fechamento Mensal,6
01/09/2025,1.22,4391,CDI,Variação Percentual Mensal,Taxa CDI. Fechamento Mensal,6
01/10/2025,1.28,4391,CDI,Variação Percentual Mensal,Taxa CDI. Fechamento Mensal,6
01/11/2025,1.05,4391,CDI,Variação Percentual Mensal,Taxa CDI. Fechamento Mensal,6
01/12/2025,1.22,4391,CDI,Variação Percentual Mensal,Taxa CDI. Fechamento Mensal,6
01/01/2026,1.16,4391,CDI,Variação Percentual Mensal,Taxa CDI. Fechamento Mensal,6
01/02/2026,1.00,4391,CDI,Variação Percentual Mensal,Taxa CDI. Fechamento Mensal,6
01/03/2026,1.21,4391,CDI,Variação Percentual Mensal,Taxa CDI. Fechamento Mensal,6
01/04/2026,1.09,4391,CDI,Variação Percentual Mensal,Taxa CDI. Fechamento Mensal,6
01/05/2026,0.16,4391,CDI,Variação Percentual Mensal,Taxa CDI. Fechamento Mensal,6
01/07/1994,926841,2295,Déficit Nominal,Milhões de Reais,Fluxo Mensal Nominal Consolidado. Transfer of funds from the National Treasury to states and municipalities (flows),6
01/08/1994,959209,2295,Déficit Nominal,Milhões de Reais,Fluxo Mensal Nominal Consolidado. Transfer of funds from the National Treasury to states and municipalities (flows),6
01/09/1994,990227,2295,Déficit Nominal,Milhões de Reais,Fluxo Mensal Nominal Consolidado. Transfer of funds from the National Treasury to states and municipalities (flows),6
01/10/1994,1029401,2295,Déficit Nominal,Milhões de Reais,Fluxo Mensal Nominal Consolidado. Transfer of funds from the National Treasury to states and municipalities (flows),6
01/11/1994,1165323,2295,Déficit Nominal,Milhões de Reais,Fluxo Mensal Nominal Consolidado. Transfer of funds from the National Treasury to states and municipalities (flows),6
01/12/1994,1228288,2295,Déficit Nominal,Milhões de Reais,Fluxo Mensal Nominal Consolidado. Transfer of funds from the National Treasury to states and municipalities (flows),6
01/01/1995,1389106,2295,Déficit Nominal,Milhões de Reais,Fluxo Mensal Nominal Consolidado. Transfer of funds from the National Treasury to states and municipalities (flows),6
01/02/1995,1525100,2295,Déficit Nominal,Milhões de Reais,Fluxo Mensal Nominal Consolidado. Transfer of funds from the National Treasury to states and municipalities (flows),6
01/03/1995,1213398,2295,Déficit Nominal,Milhões de Reais,Fluxo Mensal Nominal Consolidado. Transfer of funds from the National Treasury to states and municipalities (flows),6
01/04/1995,1361987,2295,Déficit Nominal,Milhões de Reais,Fluxo Mensal Nominal Consolidado. Transfer of funds from the National Treasury to states and municipalities (flows),6
01/05/1995,1390494,2295,Déficit Nominal,Milhões de Reais,Fluxo Mensal Nominal Consolidado. Transfer of funds from the National Treasury to states and municipalities (flows),6
01/06/1995,1814430,2295,Déficit Nominal,Milhões de Reais,Fluxo Mensal Nominal Consolidado. Transfer of funds from the National Treasury to states and municipalities (flows),6
01/07/1995,1503685,2295,Déficit Nominal,Milhões de Reais,Fluxo Mensal Nominal Consolidado. Transfer of funds from the National Treasury to states and municipalities (flows),6
01/08/1995,1334583,2295,Déficit Nominal,Milhões de Reais,Fluxo Mensal Nominal Consolidado. Transfer of funds from the National Treasury to states and municipalities (flows),6
01/09/1995,1353307,2295,Déficit Nominal,Milhões de Reais,Fluxo Mensal Nominal Consolidado. Transfer of funds from the National Treasury to states and municipalities (flows),6
01/10/1995,1379500,2295,Déficit Nominal,Milhões de Reais,Fluxo Mensal Nominal Consolidado. Transfer of funds from the National Treasury to states and municipalities (flows),6
01/11/1995,1411507,2295,Déficit Nominal,Milhões de Reais,Fluxo Mensal Nominal Consolidado. Transfer of funds from the National Treasury to states and municipalities (flows),6
01/12/1995,1469426,2295,Déficit Nominal,Milhões de Reais,Fluxo Mensal Nominal Consolidado. Transfer of funds from the National Treasury to states and municipalities (flows),6
01/01/1996,1559811,2295,Déficit Nominal,Milhões de Reais,Fluxo Mensal Nominal Consolidado. Transfer of funds from the National Treasury to states and municipalities (flows),6
01/02/1996,1587655,2295,Déficit Nominal,Milhões de Reais,Fluxo Mensal Nominal Consolidado. Transfer of funds from the National Treasury to states and municipalities (flows),6
01/03/1996,1394894,2295,Déficit Nominal,Milhões de Reais,Fluxo Mensal Nominal Consolidado. Transfer of funds from the National Treasury to states and municipalities (flows),6
01/04/1996,2375077,2295,Déficit Nominal,Milhões de Reais,Fluxo Mensal Nominal Consolidado. Transfer of funds from the National Treasury to states and municipalities (flows),6
01/05/1996,1568390,2295,Déficit Nominal,Milhões de Reais,Fluxo Mensal Nominal Consolidado. Transfer of funds from the National Treasury to states and municipalities (flows),6
01/06/1996,1505016,2295,Déficit Nominal,Milhões de Reais,Fluxo Mensal Nominal Consolidado. Transfer of funds from the National Treasury to states and municipalities (flows),6
01/07/1996,1556944,2295,Déficit Nominal,Milhões de Reais,Fluxo Mensal Nominal Consolidado. Transfer of funds from the National Treasury to states and municipalities (flows),6
01/08/1996,1438511,2295,Déficit Nominal,Milhões de Reais,Fluxo Mensal Nominal Consolidado. Transfer of funds from the National Treasury to states and municipalities (flows),6
01/09/1996,1519880,2295,Déficit Nominal,Milhões de Reais,Fluxo Mensal Nominal Consolidado. Transfer of funds from the National Treasury to states and municipalities (flows),6
01/10/1996,1421866,2295,Déficit Nominal,Milhões de Reais,Fluxo Mensal Nominal Consolidado. Transfer of funds from the National Treasury to states and municipalities (flows),6
01/11/1996,1541000,2295,Déficit Nominal,Milhões de Reais,Fluxo Mensal Nominal Consolidado. Transfer of funds from the National Treasury to states and municipalities (flows),6
01/12/1996,2004502,2295,Déficit Nominal,Milhões de Reais,Fluxo Mensal Nominal Consolidado. Transfer of funds from the National Treasury to states and municipalities (flows),6
01/01/1997,2251729,2295,Déficit Nominal,Milhões de Reais,Fluxo Mensal Nominal Consolidado. Transfer of funds from the National Treasury to states and municipalities (flows),6
01/02/1997,1718777,2295,Déficit Nominal,Milhões de Reais,Fluxo Mensal Nominal Consolidado. Transfer of funds from the National Treasury to states and municipalities (flows),6
01/03/1997,1585776,2295,Déficit Nominal,Milhões de Reais,Fluxo Mensal Nominal Consolidado. Transfer of funds from the National Treasury to states and municipalities (flows),6
01/04/1997,1974546,2295,Déficit Nominal,Milhões de Reais,Fluxo Mensal Nominal Consolidado. Transfer of funds from the National Treasury to states and municipalities (flows),6
01/05/1997,2011431,2295,Déficit Nominal,Milhões de Reais,Fluxo Mensal Nominal Consolidado. Transfer of funds from the National Treasury to states and municipalities (flows),6
01/06/1997,1585066,2295,Déficit Nominal,Milhões de Reais,Fluxo Mensal Nominal Consolidado. Transfer of funds from the National Treasury to states and municipalities (flows),6
01/07/1997,1748099,2295,Déficit Nominal,Milhões de Reais,Fluxo Mensal Nominal Consolidado. Transfer of funds from the National Treasury to states and municipalities (flows),6
01/08/1997,1807968,2295,Déficit Nominal,Milhões de Reais,Fluxo Mensal Nominal Consolidado. Transfer of funds from the National Treasury to states and municipalities (flows),6
01/09/1997,2434969,2295,Déficit Nominal,Milhões de Reais,Fluxo Mensal Nominal Consolidado. Transfer of funds from the National Treasury to states and municipalities (flows),6
01/10/1997,2163366,2295,Déficit Nominal,Milhões de Reais,Fluxo Mensal Nominal Consolidado. Transfer of funds from the National Treasury to states and municipalities (flows),6
01/11/1997,2082194,2295,Déficit Nominal,Milhões de Reais,Fluxo Mensal Nominal Consolidado. Transfer of funds from the National Treasury to states and municipalities (flows),6
01/12/1997,2173775,2295,Déficit Nominal,Milhões de Reais,Fluxo Mensal Nominal Consolidado. Transfer of funds from the National Treasury to states and municipalities (flows),6
01/01/1998,2719270,2295,Déficit Nominal,Milhões de Reais,Fluxo Mensal Nominal Consolidado. Transfer of funds from the National Treasury to states and municipalities (flows),6
01/02/1998,2611504,2295,Déficit Nominal,Milhões de Reais,Fluxo Mensal Nominal Consolidado. Transfer of funds from the National Treasury to states and municipalities (flows),6
01/03/1998,2164696,2295,Déficit Nominal,Milhões de Reais,Fluxo Mensal Nominal Consolidado. Transfer of funds from the National Treasury to states and municipalities (flows),6
01/04/1998,2613827,2295,Déficit Nominal,Milhões de Reais,Fluxo Mensal Nominal Consolidado. Transfer of funds from the National Treasury to states and municipalities (flows),6
01/05/1998,2443976,2295,Déficit Nominal,Milhões de Reais,Fluxo Mensal Nominal Consolidado. Transfer of funds from the National Treasury to states and municipalities (flows),6
01/06/1998,1826787,2295,Déficit Nominal,Milhões de Reais,Fluxo Mensal Nominal Consolidado. Transfer of funds from the National Treasury to states and municipalities (flows),6
01/07/1998,1897931,2295,Déficit Nominal,Milhões de Reais,Fluxo Mensal Nominal Consolidado. Transfer of funds from the National Treasury to states and municipalities (flows),6
01/08/1998,2396792,2295,Déficit Nominal,Milhões de Reais,Fluxo Mensal Nominal Consolidado. Transfer of funds from the National Treasury to states and municipalities (flows),6
01/09/1998,2314063,2295,Déficit Nominal,Milhões de Reais,Fluxo Mensal Nominal Consolidado. Transfer of funds from the National Treasury to states and municipalities (flows),6
01/10/1998,2025754,2295,Déficit Nominal,Milhões de Reais,Fluxo Mensal Nominal Consolidado. Transfer of funds from the National Treasury to states and municipalities (flows),6
01/11/1998,2099334,2295,Déficit Nominal,Milhões de Reais,Fluxo Mensal Nominal Consolidado. Transfer of funds from the National Treasury to states and municipalities (flows),6
01/12/1998,2375765,2295,Déficit Nominal,Milhões de Reais,Fluxo Mensal Nominal Consolidado. Transfer of funds from the National Treasury to states and municipalities (flows),6
01/01/1999,2862809,2295,Déficit Nominal,Milhões de Reais,Fluxo Mensal Nominal Consolidado. Transfer of funds from the National Treasury to states and municipalities (flows),6
01/02/1999,2789184,2295,Déficit Nominal,Milhões de Reais,Fluxo Mensal Nominal Consolidado. Transfer of funds from the National Treasury to states and municipalities (flows),6
01/03/1999,3159088,2295,Déficit Nominal,Milhões de Reais,Fluxo Mensal Nominal Consolidado. Transfer of funds from the National Treasury to states and municipalities (flows),6
01/04/1999,2732344,2295,Déficit Nominal,Milhões de Reais,Fluxo Mensal Nominal Consolidado. Transfer of funds from the National Treasury to states and municipalities (flows),6
01/05/1999,2947614,2295,Déficit Nominal,Milhões de Reais,Fluxo Mensal Nominal Consolidado. Transfer of funds from the National Treasury to states and municipalities (flows),6
01/06/1999,2024433,2295,Déficit Nominal,Milhões de Reais,Fluxo Mensal Nominal Consolidado. Transfer of funds from the National Treasury to states and municipalities (flows),6
01/07/1999,2380370,2295,Déficit Nominal,Milhões de Reais,Fluxo Mensal Nominal Consolidado. Transfer of funds from the National Treasury to states and municipalities (flows),6
01/08/1999,2569025,2295,Déficit Nominal,Milhões de Reais,Fluxo Mensal Nominal Consolidado. Transfer of funds from the National Treasury to states and municipalities (flows),6
01/09/1999,2334001,2295,Déficit Nominal,Milhões de Reais,Fluxo Mensal Nominal Consolidado. Transfer of funds from the National Treasury to states and municipalities (flows),6
01/10/1999,2711205,2295,Déficit Nominal,Milhões de Reais,Fluxo Mensal Nominal Consolidado. Transfer of funds from the National Treasury to states and municipalities (flows),6
01/11/1999,2652373,2295,Déficit Nominal,Milhões de Reais,Fluxo Mensal Nominal Consolidado. Transfer of funds from the National Treasury to states and municipalities (flows),6
01/12/1999,2931450,2295,Déficit Nominal,Milhões de Reais,Fluxo Mensal Nominal Consolidado. Transfer of funds from the National Treasury to states and municipalities (flows),6
01/01/2000,3007933,2295,Déficit Nominal,Milhões de Reais,Fluxo Mensal Nominal Consolidado. Transfer of funds from the National Treasury to states and municipalities (flows),6
01/02/2000,2896905,2295,Déficit Nominal,Milhões de Reais,Fluxo Mensal Nominal Consolidado. Transfer of funds from the National Treasury to states and municipalities (flows),6
01/03/2000,3031621,2295,Déficit Nominal,Milhões de Reais,Fluxo Mensal Nominal Consolidado. Transfer of funds from the National Treasury to states and municipalities (flows),6
01/04/2000,3160951,2295,Déficit Nominal,Milhões de Reais,Fluxo Mensal Nominal Consolidado. Transfer of funds from the National Treasury to states and municipalities (flows),6
01/05/2000,3066372,2295,Déficit Nominal,Milhões de Reais,Fluxo Mensal Nominal Consolidado. Transfer of funds from the National Treasury to states and municipalities (flows),6
01/06/2000,2527054,2295,Déficit Nominal,Milhões de Reais,Fluxo Mensal Nominal Consolidado. Transfer of funds from the National Treasury to states and municipalities (flows),6
01/07/2000,2522208,2295,Déficit Nominal,Milhões de Reais,Fluxo Mensal Nominal Consolidado. Transfer of funds from the National Treasury to states and municipalities (flows),6
01/08/2000,2987122,2295,Déficit Nominal,Milhões de Reais,Fluxo Mensal Nominal Consolidado. Transfer of funds from the National Treasury to states and municipalities (flows),6
01/09/2000,2890512,2295,Déficit Nominal,Milhões de Reais,Fluxo Mensal Nominal Consolidado. Transfer of funds from the National Treasury to states and municipalities (flows),6
01/10/2000,3024341,2295,Déficit Nominal,Milhões de Reais,Fluxo Mensal Nominal Consolidado. Transfer of funds from the National Treasury to states and municipalities (flows),6
01/11/2000,3139747,2295,Déficit Nominal,Milhões de Reais,Fluxo Mensal Nominal Consolidado. Transfer of funds from the National Treasury to states and municipalities (flows),6
01/12/2000,3337507,2295,Déficit Nominal,Milhões de Reais,Fluxo Mensal Nominal Consolidado. Transfer of funds from the National Treasury to states and municipalities (flows),6
01/01/2001,3847087,2295,Déficit Nominal,Milhões de Reais,Fluxo Mensal Nominal Consolidado. Transfer of funds from the National Treasury to states and municipalities (flows),6
01/02/2001,3243998,2295,Déficit Nominal,Milhões de Reais,Fluxo Mensal Nominal Consolidado. Transfer of funds from the National Treasury to states and municipalities (flows),6
01/03/2001,2929885,2295,Déficit Nominal,Milhões de Reais,Fluxo Mensal Nominal Consolidado. Transfer of funds from the National Treasury to states and municipalities (flows),6
01/04/2001,3344269,2295,Déficit Nominal,Milhões de Reais,Fluxo Mensal Nominal Consolidado. Transfer of funds from the National Treasury to states and municipalities (flows),6
01/05/2001,3700620,2295,Déficit Nominal,Milhões de Reais,Fluxo Mensal Nominal Consolidado. Transfer of funds from the National Treasury to states and municipalities (flows),6
01/06/2001,3269298,2295,Déficit Nominal,Milhões de Reais,Fluxo Mensal Nominal Consolidado. Transfer of funds from the National Treasury to states and municipalities (flows),6
01/07/2001,3083341,2295,Déficit Nominal,Milhões de Reais,Fluxo Mensal Nominal Consolidado. Transfer of funds from the National Treasury to states and municipalities (flows),6
01/08/2001,3169456,2295,Déficit Nominal,Milhões de Reais,Fluxo Mensal Nominal Consolidado. Transfer of funds from the National Treasury to states and municipalities (flows),6
01/09/2001,3355694,2295,Déficit Nominal,Milhões de Reais,Fluxo Mensal Nominal Consolidado. Transfer of funds from the National Treasury to states and municipalities (flows),6
01/10/2001,3277277,2295,Déficit Nominal,Milhões de Reais,Fluxo Mensal Nominal Consolidado. Transfer of funds from the National Treasury to states and municipalities (flows),6
01/11/2001,3359774,2295,Déficit Nominal,Milhões de Reais,Fluxo Mensal Nominal Consolidado. Transfer of funds from the National Treasury to states and municipalities (flows),6
01/12/2001,4014531,2295,Déficit Nominal,Milhões de Reais,Fluxo Mensal Nominal Consolidado. Transfer of funds from the National Treasury to states and municipalities (flows),6
01/01/2002,4249424,2295,Déficit Nominal,Milhões de Reais,Fluxo Mensal Nominal Consolidado. Transfer of funds from the National Treasury to states and municipalities (flows),6
01/02/2002,4915838,2295,Déficit Nominal,Milhões de Reais,Fluxo Mensal Nominal Consolidado. Transfer of funds from the National Treasury to states and municipalities (flows),6
01/03/2002,3843010,2295,Déficit Nominal,Milhões de Reais,Fluxo Mensal Nominal Consolidado. Transfer of funds from the National Treasury to states and municipalities (flows),6
01/04/2002,4025932,2295,Déficit Nominal,Milhões de Reais,Fluxo Mensal Nominal Consolidado. Transfer of funds from the National Treasury to states and municipalities (flows),6
01/05/2002,4527311,2295,Déficit Nominal,Milhões de Reais,Fluxo Mensal Nominal Consolidado. Transfer of funds from the National Treasury to states and municipalities (flows),6
01/06/2002,3360076,2295,Déficit Nominal,Milhões de Reais,Fluxo Mensal Nominal Consolidado. Transfer of funds from the National Treasury to states and municipalities (flows),6
01/07/2002,3647178,2295,Déficit Nominal,Milhões de Reais,Fluxo Mensal Nominal Consolidado. Transfer of funds from the National Treasury to states and municipalities (flows),6
01/08/2002,3437682,2295,Déficit Nominal,Milhões de Reais,Fluxo Mensal Nominal Consolidado. Transfer of funds from the National Treasury to states and municipalities (flows),6
01/09/2002,3743186,2295,Déficit Nominal,Milhões de Reais,Fluxo Mensal Nominal Consolidado. Transfer of funds from the National Treasury to states and municipalities (flows),6
01/10/2002,4828996,2295,Déficit Nominal,Milhões de Reais,Fluxo Mensal Nominal Consolidado. Transfer of funds from the National Treasury to states and municipalities (flows),6
01/11/2002,4264338,2295,Déficit Nominal,Milhões de Reais,Fluxo Mensal Nominal Consolidado. Transfer of funds from the National Treasury to states and municipalities (flows),6
01/12/2002,4253495,2295,Déficit Nominal,Milhões de Reais,Fluxo Mensal Nominal Consolidado. Transfer of funds from the National Treasury to states and municipalities (flows),6
01/01/2003,4820098,2295,Déficit Nominal,Milhões de Reais,Fluxo Mensal Nominal Consolidado. Transfer of funds from the National Treasury to states and municipalities (flows),6
01/02/2003,4984786,2295,Déficit Nominal,Milhões de Reais,Fluxo Mensal Nominal Consolidado. Transfer of funds from the National Treasury to states and municipalities (flows),6
01/03/2003,4074565,2295,Déficit Nominal,Milhões de Reais,Fluxo Mensal Nominal Consolidado. Transfer of funds from the National Treasury to states and municipalities (flows),6
01/04/2003,3917122,2295,Déficit Nominal,Milhões de Reais,Fluxo Mensal Nominal Consolidado. Transfer of funds from the National Treasury to states and municipalities (flows),6
01/05/2003,5274622,2295,Déficit Nominal,Milhões de Reais,Fluxo Mensal Nominal Consolidado. Transfer of funds from the National Treasury to states and municipalities (flows),6
01/06/2003,3843319,2295,Déficit Nominal,Milhões de Reais,Fluxo Mensal Nominal Consolidado. Transfer of funds from the National Treasury to states and municipalities (flows),6
01/07/2003,3326969,2295,Déficit Nominal,Milhões de Reais,Fluxo Mensal Nominal Consolidado. Transfer of funds from the National Treasury to states and municipalities (flows),6
01/08/2003,4186068,2295,Déficit Nominal,Milhões de Reais,Fluxo Mensal Nominal Consolidado. Transfer of funds from the National Treasury to states and municipalities (flows),6
01/09/2003,3676169,2295,Déficit Nominal,Milhões de Reais,Fluxo Mensal Nominal Consolidado. Transfer of funds from the National Treasury to states and municipalities (flows),6
01/10/2003,3855522,2295,Déficit Nominal,Milhões de Reais,Fluxo Mensal Nominal Consolidado. Transfer of funds from the National Treasury to states and municipalities (flows),6
01/11/2003,4230258,2295,Déficit Nominal,Milhões de Reais,Fluxo Mensal Nominal Consolidado. Transfer of funds from the National Treasury to states and municipalities (flows),6
01/12/2003,4427755,2295,Déficit Nominal,Milhões de Reais,Fluxo Mensal Nominal Consolidado. Transfer of funds from the National Treasury to states and municipalities (flows),6
01/01/2004,4761625,2295,Déficit Nominal,Milhões de Reais,Fluxo Mensal Nominal Consolidado. Transfer of funds from the National Treasury to states and municipalities (flows),6
01/02/2004,5153350,2295,Déficit Nominal,Milhões de Reais,Fluxo Mensal Nominal Consolidado. Transfer of funds from the National Treasury to states and municipalities (flows),6
01/03/2004,4247236,2295,Déficit Nominal,Milhões de Reais,Fluxo Mensal Nominal Consolidado. Transfer of funds from the National Treasury to states and municipalities (flows),6
01/04/2004,5070281,2295,Déficit Nominal,Milhões de Reais,Fluxo Mensal Nominal Consolidado. Transfer of funds from the National Treasury to states and municipalities (flows),6
01/05/2004,5350970,2295,Déficit Nominal,Milhões de Reais,Fluxo Mensal Nominal Consolidado. Transfer of funds from the National Treasury to states and municipalities (flows),6
01/06/2004,3648702,2295,Déficit Nominal,Milhões de Reais,Fluxo Mensal Nominal Consolidado. Transfer of funds from the National Treasury to states and municipalities (flows),6
01/07/2004,4347988,2295,Déficit Nominal,Milhões de Reais,Fluxo Mensal Nominal Consolidado. Transfer of funds from the National Treasury to states and municipalities (flows),6
01/08/2004,4852035,2295,Déficit Nominal,Milhões de Reais,Fluxo Mensal Nominal Consolidado. Transfer of funds from the National Treasury to states and municipalities (flows),6
01/09/2004,4272670,2295,Déficit Nominal,Milhões de Reais,Fluxo Mensal Nominal Consolidado. Transfer of funds from the National Treasury to states and municipalities (flows),6
01/10/2004,5047378,2295,Déficit Nominal,Milhões de Reais,Fluxo Mensal Nominal Consolidado. Transfer of funds from the National Treasury to states and municipalities (flows),6
01/11/2004,4536630,2295,Déficit Nominal,Milhões de Reais,Fluxo Mensal Nominal Consolidado. Transfer of funds from the National Treasury to states and municipalities (flows),6
01/12/2004,5630320,2295,Déficit Nominal,Milhões de Reais,Fluxo Mensal Nominal Consolidado. Transfer of funds from the National Treasury to states and municipalities (flows),6
01/01/2005,6492376,2295,Déficit Nominal,Milhões de Reais,Fluxo Mensal Nominal Consolidado. Transfer of funds from the National Treasury to states and municipalities (flows),6
01/02/2005,5337081,2295,Déficit Nominal,Milhões de Reais,Fluxo Mensal Nominal Consolidado. Transfer of funds from the National Treasury to states and municipalities (flows),6
01/03/2005,5206855,2295,Déficit Nominal,Milhões de Reais,Fluxo Mensal Nominal Consolidado. Transfer of funds from the National Treasury to states and municipalities (flows),6
01/04/2005,6005507,2295,Déficit Nominal,Milhões de Reais,Fluxo Mensal Nominal Consolidado. Transfer of funds from the National Treasury to states and municipalities (flows),6
01/05/2005,6220435,2295,Déficit Nominal,Milhões de Reais,Fluxo Mensal Nominal Consolidado. Transfer of funds from the National Treasury to states and municipalities (flows),6
01/06/2005,6008690,2295,Déficit Nominal,Milhões de Reais,Fluxo Mensal Nominal Consolidado. Transfer of funds from the National Treasury to states and municipalities (flows),6
01/07/2005,5523122,2295,Déficit Nominal,Milhões de Reais,Fluxo Mensal Nominal Consolidado. Transfer of funds from the National Treasury to states and municipalities (flows),6
01/08/2005,5213800,2295,Déficit Nominal,Milhões de Reais,Fluxo Mensal Nominal Consolidado. Transfer of funds from the National Treasury to states and municipalities (flows),6
01/09/2005,4462350,2295,Déficit Nominal,Milhões de Reais,Fluxo Mensal Nominal Consolidado. Transfer of funds from the National Treasury to states and municipalities (flows),6
01/10/2005,5588715,2295,Déficit Nominal,Milhões de Reais,Fluxo Mensal Nominal Consolidado. Transfer of funds from the National Treasury to states and municipalities (flows),6
01/11/2005,4437130,2295,Déficit Nominal,Milhões de Reais,Fluxo Mensal Nominal Consolidado. Transfer of funds from the National Treasury to states and municipalities (flows),6
01/12/2005,8738884,2295,Déficit Nominal,Milhões de Reais,Fluxo Mensal Nominal Consolidado. Transfer of funds from the National Treasury to states and municipalities (flows),6
01/01/2006,7346182,2295,Déficit Nominal,Milhões de Reais,Fluxo Mensal Nominal Consolidado. Transfer of funds from the National Treasury to states and municipalities (flows),6
01/02/2006,5521817,2295,Déficit Nominal,Milhões de Reais,Fluxo Mensal Nominal Consolidado. Transfer of funds from the National Treasury to states and municipalities (flows),6
01/03/2006,5274433,2295,Déficit Nominal,Milhões de Reais,Fluxo Mensal Nominal Consolidado. Transfer of funds from the National Treasury to states and municipalities (flows),6
01/04/2006,6350272,2295,Déficit Nominal,Milhões de Reais,Fluxo Mensal Nominal Consolidado. Transfer of funds from the National Treasury to states and municipalities (flows),6
01/05/2006,6605279,2295,Déficit Nominal,Milhões de Reais,Fluxo Mensal Nominal Consolidado. Transfer of funds from the National Treasury to states and municipalities (flows),6
01/06/2006,7102296,2295,Déficit Nominal,Milhões de Reais,Fluxo Mensal Nominal Consolidado. Transfer of funds from the National Treasury to states and municipalities (flows),6
01/07/2006,6314446,2295,Déficit Nominal,Milhões de Reais,Fluxo Mensal Nominal Consolidado. Transfer of funds from the National Treasury to states and municipalities (flows),6
01/08/2006,5899802,2295,Déficit Nominal,Milhões de Reais,Fluxo Mensal Nominal Consolidado. Transfer of funds from the National Treasury to states and municipalities (flows),6
01/09/2006,5594581,2295,Déficit Nominal,Milhões de Reais,Fluxo Mensal Nominal Consolidado. Transfer of funds from the National Treasury to states and municipalities (flows),6
01/10/2006,5594434,2295,Déficit Nominal,Milhões de Reais,Fluxo Mensal Nominal Consolidado. Transfer of funds from the National Treasury to states and municipalities (flows),6
01/11/2006,7099071,2295,Déficit Nominal,Milhões de Reais,Fluxo Mensal Nominal Consolidado. Transfer of funds from the National Treasury to states and municipalities (flows),6
01/12/2006,8400435,2295,Déficit Nominal,Milhões de Reais,Fluxo Mensal Nominal Consolidado. Transfer of funds from the National Treasury to states and municipalities (flows),6
01/01/2007,6890984,2295,Déficit Nominal,Milhões de Reais,Fluxo Mensal Nominal Consolidado. Transfer of funds from the National Treasury to states and municipalities (flows),6
01/02/2007,6856382,2295,Déficit Nominal,Milhões de Reais,Fluxo Mensal Nominal Consolidado. Transfer of funds from the National Treasury to states and municipalities (flows),6
01/03/2007,5710641,2295,Déficit Nominal,Milhões de Reais,Fluxo Mensal Nominal Consolidado. Transfer of funds from the National Treasury to states and municipalities (flows),6
01/04/2007,7512804,2295,Déficit Nominal,Milhões de Reais,Fluxo Mensal Nominal Consolidado. Transfer of funds from the National Treasury to states and municipalities (flows),6
01/05/2007,7290288,2295,Déficit Nominal,Milhões de Reais,Fluxo Mensal Nominal Consolidado. Transfer of funds from the National Treasury to states and municipalities (flows),6
01/06/2007,7456567,2295,Déficit Nominal,Milhões de Reais,Fluxo Mensal Nominal Consolidado. Transfer of funds from the National Treasury to states and municipalities (flows),6
01/07/2007,6327266,2295,Déficit Nominal,Milhões de Reais,Fluxo Mensal Nominal Consolidado. Transfer of funds from the National Treasury to states and municipalities (flows),6
01/08/2007,6168362,2295,Déficit Nominal,Milhões de Reais,Fluxo Mensal Nominal Consolidado. Transfer of funds from the National Treasury to states and municipalities (flows),6
01/09/2007,6402871,2295,Déficit Nominal,Milhões de Reais,Fluxo Mensal Nominal Consolidado. Transfer of funds from the National Treasury to states and municipalities (flows),6
01/10/2007,6635089,2295,Déficit Nominal,Milhões de Reais,Fluxo Mensal Nominal Consolidado. Transfer of funds from the National Treasury to states and municipalities (flows),6
01/11/2007,7073024,2295,Déficit Nominal,Milhões de Reais,Fluxo Mensal Nominal Consolidado. Transfer of funds from the National Treasury to states and municipalities (flows),6
01/12/2007,9929929,2295,Déficit Nominal,Milhões de Reais,Fluxo Mensal Nominal Consolidado. Transfer of funds from the National Treasury to states and municipalities (flows),6
01/01/2008,8966093,2295,Déficit Nominal,Milhões de Reais,Fluxo Mensal Nominal Consolidado. Transfer of funds from the National Treasury to states and municipalities (flows),6
01/02/2008,9320134,2295,Déficit Nominal,Milhões de Reais,Fluxo Mensal Nominal Consolidado. Transfer of funds from the National Treasury to states and municipalities (flows),6
01/03/2008,7400797,2295,Déficit Nominal,Milhões de Reais,Fluxo Mensal Nominal Consolidado. Transfer of funds from the National Treasury to states and municipalities (flows),6
01/04/2008,9022094,2295,Déficit Nominal,Milhões de Reais,Fluxo Mensal Nominal Consolidado. Transfer of funds from the National Treasury to states and municipalities (flows),6
01/05/2008,8996979,2295,Déficit Nominal,Milhões de Reais,Fluxo Mensal Nominal Consolidado. Transfer of funds from the National Treasury to states and municipalities (flows),6
01/06/2008,7784501,2295,Déficit Nominal,Milhões de Reais,Fluxo Mensal Nominal Consolidado. Transfer of funds from the National Treasury to states and municipalities (flows),6
01/07/2008,7485138,2295,Déficit Nominal,Milhões de Reais,Fluxo Mensal Nominal Consolidado. Transfer of funds from the National Treasury to states and municipalities (flows),6
01/08/2008,8620373,2295,Déficit Nominal,Milhões de Reais,Fluxo Mensal Nominal Consolidado. Transfer of funds from the National Treasury to states and municipalities (flows),6
01/09/2008,7630035,2295,Déficit Nominal,Milhões de Reais,Fluxo Mensal Nominal Consolidado. Transfer of funds from the National Treasury to states and municipalities (flows),6
01/10/2008,7659019,2295,Déficit Nominal,Milhões de Reais,Fluxo Mensal Nominal Consolidado. Transfer of funds from the National Treasury to states and municipalities (flows),6
01/11/2008,9140034,2295,Déficit Nominal,Milhões de Reais,Fluxo Mensal Nominal Consolidado. Transfer of funds from the National Treasury to states and municipalities (flows),6
01/12/2008,11606675,2295,Déficit Nominal,Milhões de Reais,Fluxo Mensal Nominal Consolidado. Transfer of funds from the National Treasury to states and municipalities (flows),6
01/01/2009,9173358,2295,Déficit Nominal,Milhões de Reais,Fluxo Mensal Nominal Consolidado. Transfer of funds from the National Treasury to states and municipalities (flows),6
01/02/2009,8279300,2295,Déficit Nominal,Milhões de Reais,Fluxo Mensal Nominal Consolidado. Transfer of funds from the National Treasury to states and municipalities (flows),6
01/03/2009,6620638,2295,Déficit Nominal,Milhões de Reais,Fluxo Mensal Nominal Consolidado. Transfer of funds from the National Treasury to states and municipalities (flows),6
01/04/2009,7864521,2295,Déficit Nominal,Milhões de Reais,Fluxo Mensal Nominal Consolidado. Transfer of funds from the National Treasury to states and municipalities (flows),6
01/05/2009,10103589,2295,Déficit Nominal,Milhões de Reais,Fluxo Mensal Nominal Consolidado. Transfer of funds from the National Treasury to states and municipalities (flows),6
01/06/2009,8281832,2295,Déficit Nominal,Milhões de Reais,Fluxo Mensal Nominal Consolidado. Transfer of funds from the National Treasury to states and municipalities (flows),6
01/07/2009,6499718,2295,Déficit Nominal,Milhões de Reais,Fluxo Mensal Nominal Consolidado. Transfer of funds from the National Treasury to states and municipalities (flows),6
01/08/2009,7236112,2295,Déficit Nominal,Milhões de Reais,Fluxo Mensal Nominal Consolidado. Transfer of funds from the National Treasury to states and municipalities (flows),6
01/09/2009,6444127,2295,Déficit Nominal,Milhões de Reais,Fluxo Mensal Nominal Consolidado. Transfer of funds from the National Treasury to states and municipalities (flows),6
01/10/2009,8904428,2295,Déficit Nominal,Milhões de Reais,Fluxo Mensal Nominal Consolidado. Transfer of funds from the National Treasury to states and municipalities (flows),6
01/11/2009,9159006,2295,Déficit Nominal,Milhões de Reais,Fluxo Mensal Nominal Consolidado. Transfer of funds from the National Treasury to states and municipalities (flows),6
01/12/2009,12059638,2295,Déficit Nominal,Milhões de Reais,Fluxo Mensal Nominal Consolidado. Transfer of funds from the National Treasury to states and municipalities (flows),6
01/01/2010,8666084,2295,Déficit Nominal,Milhões de Reais,Fluxo Mensal Nominal Consolidado. Transfer of funds from the National Treasury to states and municipalities (flows),6
01/02/2010,9320645,2295,Déficit Nominal,Milhões de Reais,Fluxo Mensal Nominal Consolidado. Transfer of funds from the National Treasury to states and municipalities (flows),6
01/03/2010,6971637,2295,Déficit Nominal,Milhões de Reais,Fluxo Mensal Nominal Consolidado. Transfer of funds from the National Treasury to states and municipalities (flows),6
01/04/2010,9616939,2295,Déficit Nominal,Milhões de Reais,Fluxo Mensal Nominal Consolidado. Transfer of funds from the National Treasury to states and municipalities (flows),6
01/05/2010,10173103,2295,Déficit Nominal,Milhões de Reais,Fluxo Mensal Nominal Consolidado. Transfer of funds from the National Treasury to states and municipalities (flows),6
01/06/2010,8907544,2295,Déficit Nominal,Milhões de Reais,Fluxo Mensal Nominal Consolidado. Transfer of funds from the National Treasury to states and municipalities (flows),6
01/07/2010,7039908,2295,Déficit Nominal,Milhões de Reais,Fluxo Mensal Nominal Consolidado. Transfer of funds from the National Treasury to states and municipalities (flows),6
01/08/2010,8791939,2295,Déficit Nominal,Milhões de Reais,Fluxo Mensal Nominal Consolidado. Transfer of funds from the National Treasury to states and municipalities (flows),6
01/09/2010,7395627,2295,Déficit Nominal,Milhões de Reais,Fluxo Mensal Nominal Consolidado. Transfer of funds from the National Treasury to states and municipalities (flows),6
01/10/2010,8638579,2295,Déficit Nominal,Milhões de Reais,Fluxo Mensal Nominal Consolidado. Transfer of funds from the National Treasury to states and municipalities (flows),6
01/11/2010,9507357,2295,Déficit Nominal,Milhões de Reais,Fluxo Mensal Nominal Consolidado. Transfer of funds from the National Treasury to states and municipalities (flows),6
01/12/2010,14174560,2295,Déficit Nominal,Milhões de Reais,Fluxo Mensal Nominal Consolidado. Transfer of funds from the National Treasury to states and municipalities (flows),6
01/01/2011,12075184,2295,Déficit Nominal,Milhões de Reais,Fluxo Mensal Nominal Consolidado. Transfer of funds from the National Treasury to states and municipalities (flows),6
01/02/2011,12407309,2295,Déficit Nominal,Milhões de Reais,Fluxo Mensal Nominal Consolidado. Transfer of funds from the National Treasury to states and municipalities (flows),6
01/03/2011,8132313,2295,Déficit Nominal,Milhões de Reais,Fluxo Mensal Nominal Consolidado. Transfer of funds from the National Treasury to states and municipalities (flows),6
01/04/2011,11262795,2295,Déficit Nominal,Milhões de Reais,Fluxo Mensal Nominal Consolidado. Transfer of funds from the National Treasury to states and municipalities (flows),6
01/05/2011,12263653,2295,Déficit Nominal,Milhões de Reais,Fluxo Mensal Nominal Consolidado. Transfer of funds from the National Treasury to states and municipalities (flows),6
01/06/2011,11133520,2295,Déficit Nominal,Milhões de Reais,Fluxo Mensal Nominal Consolidado. Transfer of funds from the National Treasury to states and municipalities (flows),6
01/07/2011,10084860,2295,Déficit Nominal,Milhões de Reais,Fluxo Mensal Nominal Consolidado. Transfer of funds from the National Treasury to states and municipalities (flows),6
01/08/2011,9809359,2295,Déficit Nominal,Milhões de Reais,Fluxo Mensal Nominal Consolidado. Transfer of funds from the National Treasury to states and municipalities (flows),6
01/09/2011,7894072,2295,Déficit Nominal,Milhões de Reais,Fluxo Mensal Nominal Consolidado. Transfer of funds from the National Treasury to states and municipalities (flows),6
01/10/2011,11192288,2295,Déficit Nominal,Milhões de Reais,Fluxo Mensal Nominal Consolidado. Transfer of funds from the National Treasury to states and municipalities (flows),6
01/11/2011,10946274,2295,Déficit Nominal,Milhões de Reais,Fluxo Mensal Nominal Consolidado. Transfer of funds from the National Treasury to states and municipalities (flows),6
01/12/2011,15483483,2295,Déficit Nominal,Milhões de Reais,Fluxo Mensal Nominal Consolidado. Transfer of funds from the National Treasury to states and municipalities (flows),6
01/01/2012,11768434,2295,Déficit Nominal,Milhões de Reais,Fluxo Mensal Nominal Consolidado. Transfer of funds from the National Treasury to states and municipalities (flows),6
01/02/2012,13831924,2295,Déficit Nominal,Milhões de Reais,Fluxo Mensal Nominal Consolidado. Transfer of funds from the National Treasury to states and municipalities (flows),6
01/03/2012,9477935,2295,Déficit Nominal,Milhões de Reais,Fluxo Mensal Nominal Consolidado. Transfer of funds from the National Treasury to states and municipalities (flows),6
01/04/2012,12167884,2295,Déficit Nominal,Milhões de Reais,Fluxo Mensal Nominal Consolidado. Transfer of funds from the National Treasury to states and municipalities (flows),6
01/05/2012,13283237,2295,Déficit Nominal,Milhões de Reais,Fluxo Mensal Nominal Consolidado. Transfer of funds from the National Treasury to states and municipalities (flows),6
01/06/2012,11353657,2295,Déficit Nominal,Milhões de Reais,Fluxo Mensal Nominal Consolidado. Transfer of funds from the National Treasury to states and municipalities (flows),6
01/07/2012,8872480,2295,Déficit Nominal,Milhões de Reais,Fluxo Mensal Nominal Consolidado. Transfer of funds from the National Treasury to states and municipalities (flows),6
01/08/2012,9433681,2295,Déficit Nominal,Milhões de Reais,Fluxo Mensal Nominal Consolidado. Transfer of funds from the National Treasury to states and municipalities (flows),6
01/09/2012,8335790,2295,Déficit Nominal,Milhões de Reais,Fluxo Mensal Nominal Consolidado. Transfer of funds from the National Treasury to states and municipalities (flows),6
01/10/2012,8335790,2295,Déficit Nominal,Milhões de Reais,Fluxo Mensal Nominal Consolidado. Transfer of funds from the National Treasury to states and municipalities (flows),6
01/11/2012,11779552,2295,Déficit Nominal,Milhões de Reais,Fluxo Mensal Nominal Consolidado. Transfer of funds from the National Treasury to states and municipalities (flows),6
01/12/2012,16178027,2295,Déficit Nominal,Milhões de Reais,Fluxo Mensal Nominal Consolidado. Transfer of funds from the National Treasury to states and municipalities (flows),6
01/01/2013,12334334,2295,Déficit Nominal,Milhões de Reais,Fluxo Mensal Nominal Consolidado. Transfer of funds from the National Treasury to states and municipalities (flows),6
01/02/2013,16318238,2295,Déficit Nominal,Milhões de Reais,Fluxo Mensal Nominal Consolidado. Transfer of funds from the National Treasury to states and municipalities (flows),6
01/03/2013,9504185,2295,Déficit Nominal,Milhões de Reais,Fluxo Mensal Nominal Consolidado. Transfer of funds from the National Treasury to states and municipalities (flows),6
01/04/2013,10213253,2295,Déficit Nominal,Milhões de Reais,Fluxo Mensal Nominal Consolidado. Transfer of funds from the National Treasury to states and municipalities (flows),6
01/05/2013,14561903,2295,Déficit Nominal,Milhões de Reais,Fluxo Mensal Nominal Consolidado. Transfer of funds from the National Treasury to states and municipalities (flows),6
01/06/2013,12231694,2295,Déficit Nominal,Milhões de Reais,Fluxo Mensal Nominal Consolidado. Transfer of funds from the National Treasury to states and municipalities (flows),6
01/07/2013,8813724,2295,Déficit Nominal,Milhões de Reais,Fluxo Mensal Nominal Consolidado. Transfer of funds from the National Treasury to states and municipalities (flows),6
01/08/2013,11433640,2295,Déficit Nominal,Milhões de Reais,Fluxo Mensal Nominal Consolidado. Transfer of funds from the National Treasury to states and municipalities (flows),6
01/09/2013,11032016,2295,Déficit Nominal,Milhões de Reais,Fluxo Mensal Nominal Consolidado. Transfer of funds from the National Treasury to states and municipalities (flows),6
01/10/2013,9828401,2295,Déficit Nominal,Milhões de Reais,Fluxo Mensal Nominal Consolidado. Transfer of funds from the National Treasury to states and municipalities (flows),6
01/11/2013,13174251,2295,Déficit Nominal,Milhões de Reais,Fluxo Mensal Nominal Consolidado. Transfer of funds from the National Treasury to states and municipalities (flows),6
01/12/2013,16673537,2295,Déficit Nominal,Milhões de Reais,Fluxo Mensal Nominal Consolidado. Transfer of funds from the National Treasury to states and municipalities (flows),6
01/01/2014,16216808,2295,Déficit Nominal,Milhões de Reais,Fluxo Mensal Nominal Consolidado. Transfer of funds from the National Treasury to states and municipalities (flows),6
01/02/2014,17082437,2295,Déficit Nominal,Milhões de Reais,Fluxo Mensal Nominal Consolidado. Transfer of funds from the National Treasury to states and municipalities (flows),6
01/03/2014,10267905,2295,Déficit Nominal,Milhões de Reais,Fluxo Mensal Nominal Consolidado. Transfer of funds from the National Treasury to states and municipalities (flows),6
01/04/2014,13196504,2295,Déficit Nominal,Milhões de Reais,Fluxo Mensal Nominal Consolidado. Transfer of funds from the National Treasury to states and municipalities (flows),6
01/05/2014,15487742,2295,Déficit Nominal,Milhões de Reais,Fluxo Mensal Nominal Consolidado. Transfer of funds from the National Treasury to states and municipalities (flows),6
01/06/2014,11700995,2295,Déficit Nominal,Milhões de Reais,Fluxo Mensal Nominal Consolidado. Transfer of funds from the National Treasury to states and municipalities (flows),6
01/07/2014,10118240,2295,Déficit Nominal,Milhões de Reais,Fluxo Mensal Nominal Consolidado. Transfer of funds from the National Treasury to states and municipalities (flows),6
01/08/2014,12223615,2295,Déficit Nominal,Milhões de Reais,Fluxo Mensal Nominal Consolidado. Transfer of funds from the National Treasury to states and municipalities (flows),6
01/09/2014,10776046,2295,Déficit Nominal,Milhões de Reais,Fluxo Mensal Nominal Consolidado. Transfer of funds from the National Treasury to states and municipalities (flows),6
01/10/2014,10606695,2295,Déficit Nominal,Milhões de Reais,Fluxo Mensal Nominal Consolidado. Transfer of funds from the National Treasury to states and municipalities (flows),6
01/11/2014,13488735,2295,Déficit Nominal,Milhões de Reais,Fluxo Mensal Nominal Consolidado. Transfer of funds from the National Treasury to states and municipalities (flows),6
01/12/2014,18117258,2295,Déficit Nominal,Milhões de Reais,Fluxo Mensal Nominal Consolidado. Transfer of funds from the National Treasury to states and municipalities (flows),6
01/01/2015,16567863,2295,Déficit Nominal,Milhões de Reais,Fluxo Mensal Nominal Consolidado. Transfer of funds from the National Treasury to states and municipalities (flows),6
01/02/2015,16627596,2295,Déficit Nominal,Milhões de Reais,Fluxo Mensal Nominal Consolidado. Transfer of funds from the National Treasury to states and municipalities (flows),6
01/03/2015,12199708,2295,Déficit Nominal,Milhões de Reais,Fluxo Mensal Nominal Consolidado. Transfer of funds from the National Treasury to states and municipalities (flows),6
01/04/2015,13154952,2295,Déficit Nominal,Milhões de Reais,Fluxo Mensal Nominal Consolidado. Transfer of funds from the National Treasury to states and municipalities (flows),6
01/05/2015,16137374,2295,Déficit Nominal,Milhões de Reais,Fluxo Mensal Nominal Consolidado. Transfer of funds from the National Treasury to states and municipalities (flows),6
01/06/2015,14073897,2295,Déficit Nominal,Milhões de Reais,Fluxo Mensal Nominal Consolidado. Transfer of funds from the National Treasury to states and municipalities (flows),6
01/07/2015,11562199,2295,Déficit Nominal,Milhões de Reais,Fluxo Mensal Nominal Consolidado. Transfer of funds from the National Treasury to states and municipalities (flows),6
01/08/2015,12245581,2295,Déficit Nominal,Milhões de Reais,Fluxo Mensal Nominal Consolidado. Transfer of funds from the National Treasury to states and municipalities (flows),6
01/09/2015,10301095,2295,Déficit Nominal,Milhões de Reais,Fluxo Mensal Nominal Consolidado. Transfer of funds from the National Treasury to states and municipalities (flows),6
01/10/2015,12530066,2295,Déficit Nominal,Milhões de Reais,Fluxo Mensal Nominal Consolidado. Transfer of funds from the National Treasury to states and municipalities (flows),6
01/11/2015,13181466,2295,Déficit Nominal,Milhões de Reais,Fluxo Mensal Nominal Consolidado. Transfer of funds from the National Treasury to states and municipalities (flows),6
01/12/2015,18583542,2295,Déficit Nominal,Milhões de Reais,Fluxo Mensal Nominal Consolidado. Transfer of funds from the National Treasury to states and municipalities (flows),6
01/01/2016,14733427,2295,Déficit Nominal,Milhões de Reais,Fluxo Mensal Nominal Consolidado. Transfer of funds from the National Treasury to states and municipalities (flows),6
01/02/2016,17754808,2295,Déficit Nominal,Milhões de Reais,Fluxo Mensal Nominal Consolidado. Transfer of funds from the National Treasury to states and municipalities (flows),6
01/03/2016,10914381,2295,Déficit Nominal,Milhões de Reais,Fluxo Mensal Nominal Consolidado. Transfer of funds from the National Treasury to states and municipalities (flows),6
01/04/2016,13331003,2295,Déficit Nominal,Milhões de Reais,Fluxo Mensal Nominal Consolidado. Transfer of funds from the National Treasury to states and municipalities (flows),6
01/05/2016,17100391,2295,Déficit Nominal,Milhões de Reais,Fluxo Mensal Nominal Consolidado. Transfer of funds from the National Treasury to states and municipalities (flows),6
01/06/2016,14038121,2295,Déficit Nominal,Milhões de Reais,Fluxo Mensal Nominal Consolidado. Transfer of funds from the National Treasury to states and municipalities (flows),6
01/07/2016,13540385,2295,Déficit Nominal,Milhões de Reais,Fluxo Mensal Nominal Consolidado. Transfer of funds from the National Treasury to states and municipalities (flows),6
01/08/2016,12732034,2295,Déficit Nominal,Milhões de Reais,Fluxo Mensal Nominal Consolidado. Transfer of funds from the National Treasury to states and municipalities (flows),6
01/09/2016,10470322,2295,Déficit Nominal,Milhões de Reais,Fluxo Mensal Nominal Consolidado. Transfer of funds from the National Treasury to states and municipalities (flows),6
01/10/2016,13183769,2295,Déficit Nominal,Milhões de Reais,Fluxo Mensal Nominal Consolidado. Transfer of funds from the National Treasury to states and municipalities (flows),6
01/11/2016,22797900,2295,Déficit Nominal,Milhões de Reais,Fluxo Mensal Nominal Consolidado. Transfer of funds from the National Treasury to states and municipalities (flows),6
01/12/2016,31557008,2295,Déficit Nominal,Milhões de Reais,Fluxo Mensal Nominal Consolidado. Transfer of funds from the National Treasury to states and municipalities (flows),6
01/01/2017,15755838,2295,Déficit Nominal,Milhões de Reais,Fluxo Mensal Nominal Consolidado. Transfer of funds from the National Treasury to states and municipalities (flows),6
01/02/2017,19514161,2295,Déficit Nominal,Milhões de Reais,Fluxo Mensal Nominal Consolidado. Transfer of funds from the National Treasury to states and municipalities (flows),6
01/03/2017,12292760,2295,Déficit Nominal,Milhões de Reais,Fluxo Mensal Nominal Consolidado. Transfer of funds from the National Treasury to states and municipalities (flows),6
01/04/2017,15200713,2295,Déficit Nominal,Milhões de Reais,Fluxo Mensal Nominal Consolidado. Transfer of funds from the National Treasury to states and municipalities (flows),6
01/05/2017,16737022,2295,Déficit Nominal,Milhões de Reais,Fluxo Mensal Nominal Consolidado. Transfer of funds from the National Treasury to states and municipalities (flows),6
01/06/2017,15448967,2295,Déficit Nominal,Milhões de Reais,Fluxo Mensal Nominal Consolidado. Transfer of funds from the National Treasury to states and municipalities (flows),6
01/07/2017,16472509,2295,Déficit Nominal,Milhões de Reais,Fluxo Mensal Nominal Consolidado. Transfer of funds from the National Treasury to states and municipalities (flows),6
01/08/2017,13600169,2295,Déficit Nominal,Milhões de Reais,Fluxo Mensal Nominal Consolidado. Transfer of funds from the National Treasury to states and municipalities (flows),6
01/09/2017,11547669,2295,Déficit Nominal,Milhões de Reais,Fluxo Mensal Nominal Consolidado. Transfer of funds from the National Treasury to states and municipalities (flows),6
01/10/2017,14123866,2295,Déficit Nominal,Milhões de Reais,Fluxo Mensal Nominal Consolidado. Transfer of funds from the National Treasury to states and municipalities (flows),6
01/11/2017,13438191,2295,Déficit Nominal,Milhões de Reais,Fluxo Mensal Nominal Consolidado. Transfer of funds from the National Treasury to states and municipalities (flows),6
01/12/2017,21822840,2295,Déficit Nominal,Milhões de Reais,Fluxo Mensal Nominal Consolidado. Transfer of funds from the National Treasury to states and municipalities (flows),6
01/01/2018,16789057,2295,Déficit Nominal,Milhões de Reais,Fluxo Mensal Nominal Consolidado. Transfer of funds from the National Treasury to states and municipalities (flows),6
01/02/2018,21163974,2295,Déficit Nominal,Milhões de Reais,Fluxo Mensal Nominal Consolidado. Transfer of funds from the National Treasury to states and municipalities (flows),6
01/03/2018,14361901,2295,Déficit Nominal,Milhões de Reais,Fluxo Mensal Nominal Consolidado. Transfer of funds from the National Treasury to states and municipalities (flows),6
01/04/2018,15417754,2295,Déficit Nominal,Milhões de Reais,Fluxo Mensal Nominal Consolidado. Transfer of funds from the National Treasury to states and municipalities (flows),6
01/05/2018,18366573,2295,Déficit Nominal,Milhões de Reais,Fluxo Mensal Nominal Consolidado. Transfer of funds from the National Treasury to states and municipalities (flows),6
01/06/2018,17273023,2295,Déficit Nominal,Milhões de Reais,Fluxo Mensal Nominal Consolidado. Transfer of funds from the National Treasury to states and municipalities (flows),6
01/07/2018,16253917,2295,Déficit Nominal,Milhões de Reais,Fluxo Mensal Nominal Consolidado. Transfer of funds from the National Treasury to states and municipalities (flows),6
01/08/2018,14827465,2295,Déficit Nominal,Milhões de Reais,Fluxo Mensal Nominal Consolidado. Transfer of funds from the National Treasury to states and municipalities (flows),6
01/09/2018,11368183,2295,Déficit Nominal,Milhões de Reais,Fluxo Mensal Nominal Consolidado. Transfer of funds from the National Treasury to states and municipalities (flows),6
01/10/2018,13611320,2295,Déficit Nominal,Milhões de Reais,Fluxo Mensal Nominal Consolidado. Transfer of funds from the National Treasury to states and municipalities (flows),6
01/11/2018,16014538,2295,Déficit Nominal,Milhões de Reais,Fluxo Mensal Nominal Consolidado. Transfer of funds from the National Treasury to states and municipalities (flows),6
01/12/2018,23713599,2295,Déficit Nominal,Milhões de Reais,Fluxo Mensal Nominal Consolidado. Transfer of funds from the National Treasury to states and municipalities (flows),6
01/01/2019,19869227,2295,Déficit Nominal,Milhões de Reais,Fluxo Mensal Nominal Consolidado. Transfer of funds from the National Treasury to states and municipalities (flows),6
01/02/2019,21517717,2295,Déficit Nominal,Milhões de Reais,Fluxo Mensal Nominal Consolidado. Transfer of funds from the National Treasury to states and municipalities (flows),6
01/03/2019,16206378,2295,Déficit Nominal,Milhões de Reais,Fluxo Mensal Nominal Consolidado. Transfer of funds from the National Treasury to states and municipalities (flows),6
01/04/2019,16040744,2295,Déficit Nominal,Milhões de Reais,Fluxo Mensal Nominal Consolidado. Transfer of funds from the National Treasury to states and municipalities (flows),6
01/05/2019,20178454,2295,Déficit Nominal,Milhões de Reais,Fluxo Mensal Nominal Consolidado. Transfer of funds from the National Treasury to states and municipalities (flows),6
01/06/2019,16009834,2295,Déficit Nominal,Milhões de Reais,Fluxo Mensal Nominal Consolidado. Transfer of funds from the National Treasury to states and municipalities (flows),6
01/07/2019,17784583,2295,Déficit Nominal,Milhões de Reais,Fluxo Mensal Nominal Consolidado. Transfer of funds from the National Treasury to states and municipalities (flows),6
01/08/2019,15940363,2295,Déficit Nominal,Milhões de Reais,Fluxo Mensal Nominal Consolidado. Transfer of funds from the National Treasury to states and municipalities (flows),6
01/07/1994,300286,4386,GDP,Milhões de Dolares,Gross Production. Valor mensal do PIB em dólares,4
01/08/1994,348840,4386,GDP,Milhões de Dolares,Gross Production. Valor mensal do PIB em dólares,4
01/09/1994,397744,4386,GDP,Milhões de Dolares,Gross Production. Valor mensal do PIB em dólares,4
01/10/1994,447031,4386,GDP,Milhões de Dolares,Gross Production. Valor mensal do PIB em dólares,4
01/11/1994,496040,4386,GDP,Milhões de Dolares,Gross Production. Valor mensal do PIB em dólares,4
01/12/1994,543087,4386,GDP,Milhões de Dolares,Gross Production. Valor mensal do PIB em dólares,4
01/01/1995,60958,4386,GDP,Milhões de Dolares,Gross Production. Valor mensal do PIB em dólares,4
01/02/1995,120602,4386,GDP,Milhões de Dolares,Gross Production. Valor mensal do PIB em dólares,4
01/03/1995,186146,4386,GDP,Milhões de Dolares,Gross Production. Valor mensal do PIB em dólares,4
01/04/1995,249949,4386,GDP,Milhões de Dolares,Gross Production. Valor mensal do PIB em dólares,4
01/05/1995,313918,4386,GDP,Milhões de Dolares,Gross Production. Valor mensal do PIB em dólares,4
01/06/1995,378696,4386,GDP,Milhões de Dolares,Gross Production. Valor mensal do PIB em dólares,4
01/07/1995,443908,4386,GDP,Milhões de Dolares,Gross Production. Valor mensal do PIB em dólares,4
01/08/1995,510246,4386,GDP,Milhões de Dolares,Gross Production. Valor mensal do PIB em dólares,4
01/09/1995,576477,4386,GDP,Milhões de Dolares,Gross Production. Valor mensal do PIB em dólares,4
01/10/1995,642474,4386,GDP,Milhões de Dolares,Gross Production. Valor mensal do PIB em dólares,4
01/11/1995,708794,4386,GDP,Milhões de Dolares,Gross Production. Valor mensal do PIB em dólares,4
01/12/1995,770733,4386,GDP,Milhões de Dolares,Gross Production. Valor mensal do PIB em dólares,4
01/01/1996,64694,4386,GDP,Milhões de Dolares,Gross Production. Valor mensal do PIB em dólares,4
01/02/1996,129984,4386,GDP,Milhões de Dolares,Gross Production. Valor mensal do PIB em dólares,4
01/03/1996,199236,4386,GDP,Milhões de Dolares,Gross Production. Valor mensal do PIB em dólares,4
01/04/1996,267249,4386,GDP,Milhões de Dolares,Gross Production. Valor mensal do PIB em dólares,4
01/05/1996,337759,4386,GDP,Milhões de Dolares,Gross Production. Valor mensal do PIB em dólares,4
01/06/1996,406981,4386,GDP,Milhões de Dolares,Gross Production. Valor mensal do PIB em dólares,4
01/07/1996,481065,4386,GDP,Milhões de Dolares,Gross Production. Valor mensal do PIB em dólares,4
01/08/1996,556858,4386,GDP,Milhões de Dolares,Gross Production. Valor mensal do PIB em dólares,4
01/09/1996,631451,4386,GDP,Milhões de Dolares,Gross Production. Valor mensal do PIB em dólares,4
01/10/1996,706949,4386,GDP,Milhões de Dolares,Gross Production. Valor mensal do PIB em dólares,4
01/11/1996,780907,4386,GDP,Milhões de Dolares,Gross Production. Valor mensal do PIB em dólares,4
01/12/1996,851019,4386,GDP,Milhões de Dolares,Gross Production. Valor mensal do PIB em dólares,4
01/01/1997,69104,4386,GDP,Milhões de Dolares,Gross Production. Valor mensal do PIB em dólares,4
01/02/1997,136829,4386,GDP,Milhões de Dolares,Gross Production. Valor mensal do PIB em dólares,4
01/03/1997,208043,4386,GDP,Milhões de Dolares,Gross Production. Valor mensal do PIB em dólares,4
01/04/1997,279645,4386,GDP,Milhões de Dolares,Gross Production. Valor mensal do PIB em dólares,4
01/05/1997,353004,4386,GDP,Milhões de Dolares,Gross Production. Valor mensal do PIB em dólares,4
01/06/1997,426448,4386,GDP,Milhões de Dolares,Gross Production. Valor mensal do PIB em dólares,4
01/07/1997,501721,4386,GDP,Milhões de Dolares,Gross Production. Valor mensal do PIB em dólares,4
01/08/1997,578327,4386,GDP,Milhões de Dolares,Gross Production. Valor mensal do PIB em dólares,4
01/09/1997,655594,4386,GDP,Milhões de Dolares,Gross Production. Valor mensal do PIB em dólares,4
01/10/1997,736020,4386,GDP,Milhões de Dolares,Gross Production. Valor mensal do PIB em dólares,4
01/11/1997,812503,4386,GDP,Milhões de Dolares,Gross Production. Valor mensal do PIB em dólares,4
01/12/1997,883282,4386,GDP,Milhões de Dolares,Gross Production. Valor mensal do PIB em dólares,4
01/01/1998,67416,4386,GDP,Milhões de Dolares,Gross Production. Valor mensal do PIB em dólares,4
01/02/1998,133302,4386,GDP,Milhões de Dolares,Gross Production. Valor mensal do PIB em dólares,4
01/03/1998,204707,4386,GDP,Milhões de Dolares,Gross Production. Valor mensal do PIB em dólares,4
01/04/1998,275628,4386,GDP,Milhões de Dolares,Gross Production. Valor mensal do PIB em dólares,4
01/05/1998,348802,4386,GDP,Milhões de Dolares,Gross Production. Valor mensal do PIB em dólares,4
01/06/1998,420895,4386,GDP,Milhões de Dolares,Gross Production. Valor mensal do PIB em dólares,4
01/07/1998,495444,4386,GDP,Milhões de Dolares,Gross Production. Valor mensal do PIB em dólares,4
01/08/1998,570566,4386,GDP,Milhões de Dolares,Gross Production. Valor mensal do PIB em dólares,4
01/09/1998,645160,4386,GDP,Milhões de Dolares,Gross Production. Valor mensal do PIB em dólares,4
01/10/1998,720883,4386,GDP,Milhões de Dolares,Gross Production. Valor mensal do PIB em dólares,4
01/11/1998,794667,4386,GDP,Milhões de Dolares,Gross Production. Valor mensal do PIB em dólares,4
01/12/1998,863872,4386,GDP,Milhões de Dolares,Gross Production. Valor mensal do PIB em dólares,4
01/01/1999,46251,4386,GDP,Milhões de Dolares,Gross Production. Valor mensal do PIB em dólares,4
01/02/1999,91635,4386,GDP,Milhões de Dolares,Gross Production. Valor mensal do PIB em dólares,4
01/03/1999,141714,4386,GDP,Milhões de Dolares,Gross Production. Valor mensal do PIB em dólares,4
01/04/1999,190879,4386,GDP,Milhões de Dolares,Gross Production. Valor mensal do PIB em dólares,4
01/05/1999,240442,4386,GDP,Milhões de Dolares,Gross Production. Valor mensal do PIB em dólares,4
01/06/1999,290255,4386,GDP,Milhões de Dolares,Gross Production. Valor mensal do PIB em dólares,4
01/07/1999,340655,4386,GDP,Milhões de Dolares,Gross Production. Valor mensal do PIB em dólares,4
01/08/1999,392506,4386,GDP,Milhões de Dolares,Gross Production. Valor mensal do PIB em dólares,4
01/09/1999,444370,4386,GDP,Milhões de Dolares,Gross Production. Valor mensal do PIB em dólares,4
01/10/1999,497047,4386,GDP,Milhões de Dolares,Gross Production. Valor mensal do PIB em dólares,4
01/11/1999,549235,4386,GDP,Milhões de Dolares,Gross Production. Valor mensal do PIB em dólares,4
01/12/1999,599290,4386,GDP,Milhões de Dolares,Gross Production. Valor mensal do PIB em dólares,4
01/01/2000,49367,4386,GDP,Milhões de Dolares,Gross Production. Valor mensal do PIB em dólares,4
01/02/2000,100636,4386,GDP,Milhões de Dolares,Gross Production. Valor mensal do PIB em dólares,4
01/03/2000,154920,4386,GDP,Milhões de Dolares,Gross Production. Valor mensal do PIB em dólares,4
01/04/2000,207019,4386,GDP,Milhões de Dolares,Gross Production. Valor mensal do PIB em dólares,4
01/05/2000,261588,4386,GDP,Milhões de Dolares,Gross Production. Valor mensal do PIB em dólares,4
01/06/2000,316691,4386,GDP,Milhões de Dolares,Gross Production. Valor mensal do PIB em dólares,4
01/07/2000,372544,4386,GDP,Milhões de Dolares,Gross Production. Valor mensal do PIB em dólares,4
01/08/2000,429802,4386,GDP,Milhões de Dolares,Gross Production. Valor mensal do PIB em dólares,4
01/09/2000,485749,4386,GDP,Milhões de Dolares,Gross Production. Valor mensal do PIB em dólares,4
01/10/2000,543942,4386,GDP,Milhões de Dolares,Gross Production. Valor mensal do PIB em dólares,4
01/11/2000,601087,4386,GDP,Milhões de Dolares,Gross Production. Valor mensal do PIB em dólares,4
01/12/2000,655707,4386,GDP,Milhões de Dolares,Gross Production. Valor mensal do PIB em dólares,4
01/01/2001,44006,4386,GDP,Milhões de Dolares,Gross Production. Valor mensal do PIB em dólares,4
01/02/2001,88233,4386,GDP,Milhões de Dolares,Gross Production. Valor mensal do PIB em dólares,4
01/03/2001,135717,4386,GDP,Milhões de Dolares,Gross Production. Valor mensal do PIB em dólares,4
01/04/2001,182422,4386,GDP,Milhões de Dolares,Gross Production. Valor mensal do PIB em dólares,4
01/05/2001,230726,4386,GDP,Milhões de Dolares,Gross Production. Valor mensal do PIB em dólares,4
01/06/2001,275750,4386,GDP,Milhões de Dolares,Gross Production. Valor mensal do PIB em dólares,4
01/07/2001,323009,4386,GDP,Milhões de Dolares,Gross Production. Valor mensal do PIB em dólares,4
01/08/2001,371415,4386,GDP,Milhões de Dolares,Gross Production. Valor mensal do PIB em dólares,4
01/09/2001,418537,4386,GDP,Milhões de Dolares,Gross Production. Valor mensal do PIB em dólares,4
01/10/2001,467005,4386,GDP,Milhões de Dolares,Gross Production. Valor mensal do PIB em dólares,4
01/11/2001,514795,4386,GDP,Milhões de Dolares,Gross Production. Valor mensal do PIB em dólares,4
01/12/2001,559563,4386,GDP,Milhões de Dolares,Gross Production. Valor mensal do PIB em dólares,4
01/01/2002,38931,4386,GDP,Milhões de Dolares,Gross Production. Valor mensal do PIB em dólares,4
01/02/2002,77885,4386,GDP,Milhões de Dolares,Gross Production. Valor mensal do PIB em dólares,4
01/03/2002,119708,4386,GDP,Milhões de Dolares,Gross Production. Valor mensal do PIB em dólares,4
01/04/2002,161784,4386,GDP,Milhões de Dolares,Gross Production. Valor mensal do PIB em dólares,4
01/05/2002,204210,4386,GDP,Milhões de Dolares,Gross Production. Valor mensal do PIB em dólares,4
01/06/2002,245570,4386,GDP,Milhões de Dolares,Gross Production. Valor mensal do PIB em dólares,4
01/07/2002,288783,4386,GDP,Milhões de Dolares,Gross Production. Valor mensal do PIB em dólares,4
01/08/2002,332929,4386,GDP,Milhões de Dolares,Gross Production. Valor mensal do PIB em dólares,4
01/09/2002,376594,4386,GDP,Milhões de Dolares,Gross Production. Valor mensal do PIB em dólares,4
01/10/2002,421850,4386,GDP,Milhões de Dolares,Gross Production. Valor mensal do PIB em dólares,4
01/11/2002,466163,4386,GDP,Milhões de Dolares,Gross Production. Valor mensal do PIB em dólares,4
01/12/2002,508101,4386,GDP,Milhões de Dolares,Gross Production. Valor mensal do PIB em dólares,4
01/01/2003,36234,4386,GDP,Milhões de Dolares,Gross Production. Valor mensal do PIB em dólares,4
01/02/2003,72496,4386,GDP,Milhões de Dolares,Gross Production. Valor mensal do PIB em dólares,4
01/03/2003,112799,4386,GDP,Milhões de Dolares,Gross Production. Valor mensal do PIB em dólares,4
01/04/2003,157623,4386,GDP,Milhões de Dolares,Gross Production. Valor mensal do PIB em dólares,4
01/05/2003,204616,4386,GDP,Milhões de Dolares,Gross Production. Valor mensal do PIB em dólares,4
01/06/2003,252076,4386,GDP,Milhões de Dolares,Gross Production. Valor mensal do PIB em dólares,4
01/07/2003,301921,4386,GDP,Milhões de Dolares,Gross Production. Valor mensal do PIB em dólares,4
01/08/2003,349666,4386,GDP,Milhões de Dolares,Gross Production. Valor mensal do PIB em dólares,4
01/09/2003,400779,4386,GDP,Milhões de Dolares,Gross Production. Valor mensal do PIB em dólares,4
01/10/2003,455800,4386,GDP,Milhões de Dolares,Gross Production. Valor mensal do PIB em dólares,4
01/11/2003,508651,4386,GDP,Milhões de Dolares,Gross Production. Valor mensal do PIB em dólares,4
01/12/2003,559465,4386,GDP,Milhões de Dolares,Gross Production. Valor mensal do PIB em dólares,4
01/01/2004,49795,4386,GDP,Milhões de Dolares,Gross Production. Valor mensal do PIB em dólares,4
01/02/2004,98022,4386,GDP,Milhões de Dolares,Gross Production. Valor mensal do PIB em dólares,4
01/03/2004,153226,4386,GDP,Milhões de Dolares,Gross Production. Valor mensal do PIB em dólares,4
01/04/2004,207910,4386,GDP,Milhões de Dolares,Gross Production. Valor mensal do PIB em dólares,4
01/05/2004,259502,4386,GDP,Milhões de Dolares,Gross Production. Valor mensal do PIB em dólares,4
01/06/2004,311410,4386,GDP,Milhões de Dolares,Gross Production. Valor mensal do PIB em dólares,4
01/07/2004,366754,4386,GDP,Milhões de Dolares,Gross Production. Valor mensal do PIB em dólares,4
01/08/2004,422661,4386,GDP,Milhões de Dolares,Gross Production. Valor mensal do PIB em dólares,4
01/09/2004,481020,4386,GDP,Milhões de Dolares,Gross Production. Valor mensal do PIB em dólares,4
01/10/2004,542023,4386,GDP,Milhões de Dolares,Gross Production. Valor mensal do PIB em dólares,4
01/11/2004,605741,4386,GDP,Milhões de Dolares,Gross Production. Valor mensal do PIB em dólares,4
01/12/2004,669340,4386,GDP,Milhões de Dolares,Gross Production. Valor mensal do PIB em dólares,4
01/01/2005,59732,4386,GDP,Milhões de Dolares,Gross Production. Valor mensal do PIB em dólares,4
01/02/2005,120949,4386,GDP,Milhões de Dolares,Gross Production. Valor mensal do PIB em dólares,4
01/03/2005,186355,4386,GDP,Milhões de Dolares,Gross Production. Valor mensal do PIB em dólares,4
01/04/2005,254831,4386,GDP,Milhões de Dolares,Gross Production. Valor mensal do PIB em dólares,4
01/05/2005,326887,4386,GDP,Milhões de Dolares,Gross Production. Valor mensal do PIB em dólares,4
01/06/2005,400663,4386,GDP,Milhões de Dolares,Gross Production. Valor mensal do PIB em dólares,4
01/07/2005,476582,4386,GDP,Milhões de Dolares,Gross Production. Valor mensal do PIB em dólares,4
01/08/2005,555042,4386,GDP,Milhões de Dolares,Gross Production. Valor mensal do PIB em dólares,4
01/09/2005,634825,4386,GDP,Milhões de Dolares,Gross Production. Valor mensal do PIB em dólares,4
01/10/2005,719722,4386,GDP,Milhões de Dolares,Gross Production. Valor mensal do PIB em dólares,4
01/11/2005,808002,4386,GDP,Milhões de Dolares,Gross Production. Valor mensal do PIB em dólares,4
01/12/2005,892033,4386,GDP,Milhões de Dolares,Gross Production. Valor mensal do PIB em dólares,4
01/01/2006,79580,4386,GDP,Milhões de Dolares,Gross Production. Valor mensal do PIB em dólares,4
01/02/2006,161199,4386,GDP,Milhões de Dolares,Gross Production. Valor mensal do PIB em dólares,4
01/03/2006,251891,4386,GDP,Milhões de Dolares,Gross Production. Valor mensal do PIB em dólares,4
01/04/2006,340344,4386,GDP,Milhões de Dolares,Gross Production. Valor mensal do PIB em dólares,4
01/05/2006,431523,4386,GDP,Milhões de Dolares,Gross Production. Valor mensal do PIB em dólares,4
01/06/2006,518085,4386,GDP,Milhões de Dolares,Gross Production. Valor mensal do PIB em dólares,4
01/07/2006,611042,4386,GDP,Milhões de Dolares,Gross Production. Valor mensal do PIB em dólares,4
01/08/2006,707918,4386,GDP,Milhões de Dolares,Gross Production. Valor mensal do PIB em dólares,4
01/09/2006,802724,4386,GDP,Milhões de Dolares,Gross Production. Valor mensal do PIB em dólares,4
01/10/2006,904686,4386,GDP,Milhões de Dolares,Gross Production. Valor mensal do PIB em dólares,4
01/11/2006,1007058,4386,GDP,Milhões de Dolares,Gross Production. Valor mensal do PIB em dólares,4
01/12/2006,1107131,4386,GDP,Milhões de Dolares,Gross Production. Valor mensal do PIB em dólares,4
01/01/2007,96483,4386,GDP,Milhões de Dolares,Gross Production. Valor mensal do PIB em dólares,4
01/02/2007,192402,4386,GDP,Milhões de Dolares,Gross Production. Valor mensal do PIB em dólares,4
01/03/2007,298930,4386,GDP,Milhões de Dolares,Gross Production. Valor mensal do PIB em dólares,4
01/04/2007,406245,4386,GDP,Milhões de Dolares,Gross Production. Valor mensal do PIB em dólares,4
01/05/2007,520518,4386,GDP,Milhões de Dolares,Gross Production. Valor mensal do PIB em dólares,4
01/06/2007,635905,4386,GDP,Milhões de Dolares,Gross Production. Valor mensal do PIB em dólares,4
01/07/2007,757744,4386,GDP,Milhões de Dolares,Gross Production. Valor mensal do PIB em dólares,4
01/08/2007,875822,4386,GDP,Milhões de Dolares,Gross Production. Valor mensal do PIB em dólares,4
01/09/2007,994317,4386,GDP,Milhões de Dolares,Gross Production. Valor mensal do PIB em dólares,4
01/10/2007,1129437,4386,GDP,Milhões de Dolares,Gross Production. Valor mensal do PIB em dólares,4
01/11/2007,1265434,4386,GDP,Milhões de Dolares,Gross Production. Valor mensal do PIB em dólares,4
01/12/2007,1396797,4386,GDP,Milhões de Dolares,Gross Production. Valor mensal do PIB em dólares,4
01/01/2008,129542,4386,GDP,Milhões de Dolares,Gross Production. Valor mensal do PIB em dólares,4
01/02/2008,261955,4386,GDP,Milhões de Dolares,Gross Production. Valor mensal do PIB em dólares,4
01/03/2008,404598,4386,GDP,Milhões de Dolares,Gross Production. Valor mensal do PIB em dólares,4
01/04/2008,552149,4386,GDP,Milhões de Dolares,Gross Production. Valor mensal do PIB em dólares,4
01/05/2008,703606,4386,GDP,Milhões de Dolares,Gross Production. Valor mensal do PIB em dólares,4
01/06/2008,861767,4386,GDP,Milhões de Dolares,Gross Production. Valor mensal do PIB em dólares,4
01/07/2008,1029153,4386,GDP,Milhões de Dolares,Gross Production. Valor mensal do PIB em dólares,4
01/08/2008,1192593,4386,GDP,Milhões de Dolares,Gross Production. Valor mensal do PIB em dólares,4
01/09/2008,1341233,4386,GDP,Milhões de Dolares,Gross Production. Valor mensal do PIB em dólares,4
01/10/2008,1469748,4386,GDP,Milhões de Dolares,Gross Production. Valor mensal do PIB em dólares,4
01/11/2008,1587383,4386,GDP,Milhões de Dolares,Gross Production. Valor mensal do PIB em dólares,4
01/12/2008,1693147,4386,GDP,Milhões de Dolares,Gross Production. Valor mensal do PIB em dólares,4
01/01/2009,103864,4386,GDP,Milhões de Dolares,Gross Production. Valor mensal do PIB em dólares,4
01/02/2009,206508,4386,GDP,Milhões de Dolares,Gross Production. Valor mensal do PIB em dólares,4
01/03/2009,320254,4386,GDP,Milhões de Dolares,Gross Production. Valor mensal do PIB em dólares,4
01/04/2009,437188,4386,GDP,Milhões de Dolares,Gross Production. Valor mensal do PIB em dólares,4
01/05/2009,564922,4386,GDP,Milhões de Dolares,Gross Production. Valor mensal do PIB em dólares,4
01/06/2009,700819,4386,GDP,Milhões de Dolares,Gross Production. Valor mensal do PIB em dólares,4
01/07/2009,843670,4386,GDP,Milhões de Dolares,Gross Production. Valor mensal do PIB em dólares,4
01/08/2009,994028,4386,GDP,Milhões de Dolares,Gross Production. Valor mensal do PIB em dólares,4
01/09/2009,1150116,4386,GDP,Milhões de Dolares,Gross Production. Valor mensal do PIB em dólares,4
01/10/2009,1325247,4386,GDP,Milhões de Dolares,Gross Production. Valor mensal do PIB em dólares,4
01/11/2009,1501250,4386,GDP,Milhões de Dolares,Gross Production. Valor mensal do PIB em dólares,4
01/12/2009,1672625,4386,GDP,Milhões de Dolares,Gross Production. Valor mensal do PIB em dólares,4
01/01/2010,158338,4386,GDP,Milhões de Dolares,Gross Production. Valor mensal do PIB em dólares,4
01/02/2010,311128,4386,GDP,Milhões de Dolares,Gross Production. Valor mensal do PIB em dólares,4
01/03/2010,488663,4386,GDP,Milhões de Dolares,Gross Production. Valor mensal do PIB em dólares,4
01/04/2010,665478,4386,GDP,Milhões de Dolares,Gross Production. Valor mensal do PIB em dólares,4
01/05/2010,839383,4386,GDP,Milhões de Dolares,Gross Production. Valor mensal do PIB em dólares,4
01/06/2010,1014477,4386,GDP,Milhões de Dolares,Gross Production. Valor mensal do PIB em dólares,4
01/07/2010,1200375,4386,GDP,Milhões de Dolares,Gross Production. Valor mensal do PIB em dólares,4
01/08/2010,1389449,4386,GDP,Milhões de Dolares,Gross Production. Valor mensal do PIB em dólares,4
01/09/2010,1585618,4386,GDP,Milhões de Dolares,Gross Production. Valor mensal do PIB em dólares,4
01/10/2010,1794428,4386,GDP,Milhões de Dolares,Gross Production. Valor mensal do PIB em dólares,4
01/11/2010,2003976,4386,GDP,Milhões de Dolares,Gross Production. Valor mensal do PIB em dólares,4
01/12/2010,2209751,4386,GDP,Milhões de Dolares,Gross Production. Valor mensal do PIB em dólares,4
01/01/2011,195734,4386,GDP,Milhões de Dolares,Gross Production. Valor mensal do PIB em dólares,4
01/02/2011,395007,4386,GDP,Milhões de Dolares,Gross Production. Valor mensal do PIB em dólares,4
01/03/2011,609903,4386,GDP,Milhões de Dolares,Gross Production. Valor mensal do PIB em dólares,4
01/04/2011,833293,4386,GDP,Milhões de Dolares,Gross Production. Valor mensal do PIB em dólares,4
01/05/2011,1061324,4386,GDP,Milhões de Dolares,Gross Production. Valor mensal do PIB em dólares,4
01/06/2011,1290298,4386,GDP,Milhões de Dolares,Gross Production. Valor mensal do PIB em dólares,4
01/07/2011,1524859,4386,GDP,Milhões de Dolares,Gross Production. Valor mensal do PIB em dólares,4
01/08/2011,1759240,4386,GDP,Milhões de Dolares,Gross Production. Valor mensal do PIB em dólares,4
01/09/2011,1970424,4386,GDP,Milhões de Dolares,Gross Production. Valor mensal do PIB em dólares,4
01/10/2011,2186571,4386,GDP,Milhões de Dolares,Gross Production. Valor mensal do PIB em dólares,4
01/11/2011,2404908,4386,GDP,Milhões de Dolares,Gross Production. Valor mensal do PIB em dólares,4
01/12/2011,2614482,4386,GDP,Milhões de Dolares,Gross Production. Valor mensal do PIB em dólares,4
01/01/2012,203258,4386,GDP,Milhões de Dolares,Gross Production. Valor mensal do PIB em dólares,4
01/02/2012,416918,4386,GDP,Milhões de Dolares,Gross Production. Valor mensal do PIB em dólares,4
01/03/2012,638271,4386,GDP,Milhões de Dolares,Gross Production. Valor mensal do PIB em dólares,4
01/04/2012,846137,4386,GDP,Milhões de Dolares,Gross Production. Valor mensal do PIB em dólares,4
01/05/2012,1048307,4386,GDP,Milhões de Dolares,Gross Production. Valor mensal do PIB em dólares,4
01/06/2012,1241069,4386,GDP,Milhões de Dolares,Gross Production. Valor mensal do PIB em dólares,4
01/07/2012,1442471,4386,GDP,Milhões de Dolares,Gross Production. Valor mensal do PIB em dólares,4
01/08/2012,1648559,4386,GDP,Milhões de Dolares,Gross Production. Valor mensal do PIB em dólares,4
01/09/2012,1846830,4386,GDP,Milhões de Dolares,Gross Production. Valor mensal do PIB em dólares,4
01/10/2012,2059003,4386,GDP,Milhões de Dolares,Gross Production. Valor mensal do PIB em dólares,4
01/11/2012,2264911,4386,GDP,Milhões de Dolares,Gross Production. Valor mensal do PIB em dólares,4
01/12/2012,2463549,4386,GDP,Milhões de Dolares,Gross Production. Valor mensal do PIB em dólares,4
01/01/2013,200764,4386,GDP,Milhões de Dolares,Gross Production. Valor mensal do PIB em dólares,4
01/02/2013,401881,4386,GDP,Milhões de Dolares,Gross Production. Valor mensal do PIB em dólares,4
01/03/2013,620345,4386,GDP,Milhões de Dolares,Gross Production. Valor mensal do PIB em dólares,4
01/04/2013,842583,4386,GDP,Milhões de Dolares,Gross Production. Valor mensal do PIB em dólares,4
01/05/2013,1058699,4386,GDP,Milhões de Dolares,Gross Production. Valor mensal do PIB em dólares,4
01/06/2013,1258073,4386,GDP,Milhões de Dolares,Gross Production. Valor mensal do PIB em dólares,4
01/07/2013,1458357,4386,GDP,Milhões de Dolares,Gross Production. Valor mensal do PIB em dólares,4
01/08/2013,1651496,4386,GDP,Milhões de Dolares,Gross Production. Valor mensal do PIB em dólares,4
01/09/2013,1848151,4386,GDP,Milhões de Dolares,Gross Production. Valor mensal do PIB em dólares,4
01/10/2013,2064987,4386,GDP,Milhões de Dolares,Gross Production. Valor mensal do PIB em dólares,4
01/11/2013,2269503,4386,GDP,Milhões de Dolares,Gross Production. Valor mensal do PIB em dólares,4
01/12/2013,2468456,4386,GDP,Milhões de Dolares,Gross Production. Valor mensal do PIB em dólares,4
01/01/2014,190156,4386,GDP,Milhões de Dolares,Gross Production. Valor mensal do PIB em dólares,4
01/02/2014,381216,4386,GDP,Milhões de Dolares,Gross Production. Valor mensal do PIB em dólares,4
01/03/2014,586386,4386,GDP,Milhões de Dolares,Gross Production. Valor mensal do PIB em dólares,4
01/04/2014,801265,4386,GDP,Milhões de Dolares,Gross Production. Valor mensal do PIB em dólares,4
01/05/2014,1017939,4386,GDP,Milhões de Dolares,Gross Production. Valor mensal do PIB em dólares,4
01/06/2014,1224172,4386,GDP,Milhões de Dolares,Gross Production. Valor mensal do PIB em dólares,4
01/07/2014,1442739,4386,GDP,Milhões de Dolares,Gross Production. Valor mensal do PIB em dólares,4
01/08/2014,1655551,4386,GDP,Milhões de Dolares,Gross Production. Valor mensal do PIB em dólares,4
01/09/2014,1865477,4386,GDP,Milhões de Dolares,Gross Production. Valor mensal do PIB em dólares,4
01/10/2014,2072377,4386,GDP,Milhões de Dolares,Gross Production. Valor mensal do PIB em dólares,4
01/11/2014,2266703,4386,GDP,Milhões de Dolares,Gross Production. Valor mensal do PIB em dólares,4
01/12/2014,2454846,4386,GDP,Milhões de Dolares,Gross Production. Valor mensal do PIB em dólares,4
01/01/2015,178218,4386,GDP,Milhões de Dolares,Gross Production. Valor mensal do PIB em dólares,4
01/02/2015,341937,4386,GDP,Milhões de Dolares,Gross Production. Valor mensal do PIB em dólares,4
01/03/2015,503698,4386,GDP,Milhões de Dolares,Gross Production. Valor mensal do PIB em dólares,4
01/04/2015,664556,4386,GDP,Milhões de Dolares,Gross Production. Valor mensal do PIB em dólares,4
01/05/2015,822746,4386,GDP,Milhões de Dolares,Gross Production. Valor mensal do PIB em dólares,4
01/06/2015,977793,4386,GDP,Milhões de Dolares,Gross Production. Valor mensal do PIB em dólares,4
01/07/2015,1132514,4386,GDP,Milhões de Dolares,Gross Production. Valor mensal do PIB em dólares,4
01/08/2015,1272749,4386,GDP,Milhões de Dolares,Gross Production. Valor mensal do PIB em dólares,4
01/09/2015,1398561,4386,GDP,Milhões de Dolares,Gross Production. Valor mensal do PIB em dólares,4
01/10/2015,1530774,4386,GDP,Milhões de Dolares,Gross Production. Valor mensal do PIB em dólares,4
01/11/2015,1664871,4386,GDP,Milhões de Dolares,Gross Production. Valor mensal do PIB em dólares,4
01/12/2015,1796168,4386,GDP,Milhões de Dolares,Gross Production. Valor mensal do PIB em dólares,4
01/01/2016,117558,4386,GDP,Milhões de Dolares,Gross Production. Valor mensal do PIB em dólares,4
01/02/2016,239522,4386,GDP,Milhões de Dolares,Gross Production. Valor mensal do PIB em dólares,4
01/03/2016,380542,4386,GDP,Milhões de Dolares,Gross Production. Valor mensal do PIB em dólares,4
01/04/2016,525286,4386,GDP,Milhões de Dolares,Gross Production. Valor mensal do PIB em dólares,4
01/05/2016,670030,4386,GDP,Milhões de Dolares,Gross Production. Valor mensal do PIB em dólares,4
01/06/2016,821490,4386,GDP,Milhões de Dolares,Gross Production. Valor mensal do PIB em dólares,4
01/07/2016,980108,4386,GDP,Milhões de Dolares,Gross Production. Valor mensal do PIB em dólares,4
01/08/2016,1144662,4386,GDP,Milhões de Dolares,Gross Production. Valor mensal do PIB em dólares,4
01/09/2016,1305069,4386,GDP,Milhões de Dolares,Gross Production. Valor mensal do PIB em dólares,4
01/10/2016,1474064,4386,GDP,Milhões de Dolares,Gross Production. Valor mensal do PIB em dólares,4
01/11/2016,1637053,4386,GDP,Milhões de Dolares,Gross Production. Valor mensal do PIB em dólares,4
01/12/2016,1800134,4386,GDP,Milhões de Dolares,Gross Production. Valor mensal do PIB em dólares,4
01/01/2017,160942,4386,GDP,Milhões de Dolares,Gross Production. Valor mensal do PIB em dólares,4
01/02/2017,325381,4386,GDP,Milhões de Dolares,Gross Production. Valor mensal do PIB em dólares,4
01/03/2017,504742,4386,GDP,Milhões de Dolares,Gross Production. Valor mensal do PIB em dólares,4
01/04/2017,676268,4386,GDP,Milhões de Dolares,Gross Production. Valor mensal do PIB em dólares,4
01/05/2017,847990,4386,GDP,Milhões de Dolares,Gross Production. Valor mensal do PIB em dólares,4
01/06/2017,1012834,4386,GDP,Milhões de Dolares,Gross Production. Valor mensal do PIB em dólares,4
01/07/2017,1184087,4386,GDP,Milhões de Dolares,Gross Production. Valor mensal do PIB em dólares,4
01/08/2017,1360621,4386,GDP,Milhões de Dolares,Gross Production. Valor mensal do PIB em dólares,4
01/09/2017,1534159,4386,GDP,Milhões de Dolares,Gross Production. Valor mensal do PIB em dólares,4
01/10/2017,1712186,4386,GDP,Milhões de Dolares,Gross Production. Valor mensal do PIB em dólares,4
01/11/2017,1887988,4386,GDP,Milhões de Dolares,Gross Production. Valor mensal do PIB em dólares,4
01/12/2017,2063185,4386,GDP,Milhões de Dolares,Gross Production. Valor mensal do PIB em dólares,4
01/01/2018,171694,4386,GDP,Milhões de Dolares,Gross Production. Valor mensal do PIB em dólares,4
01/02/2018,337458,4386,GDP,Milhões de Dolares,Gross Production. Valor mensal do PIB em dólares,4
01/03/2018,516230,4386,GDP,Milhões de Dolares,Gross Production. Valor mensal do PIB em dólares,4
01/04/2018,687597,4386,GDP,Milhões de Dolares,Gross Production. Valor mensal do PIB em dólares,4
01/05/2018,841348,4386,GDP,Milhões de Dolares,Gross Production. Valor mensal do PIB em dólares,4
01/06/2018,995351,4386,GDP,Milhões de Dolares,Gross Production. Valor mensal do PIB em dólares,4
01/07/2018,1149217,4386,GDP,Milhões de Dolares,Gross Production. Valor mensal do PIB em dólares,4
01/08/2018,1300822,4386,GDP,Milhões de Dolares,Gross Production. Valor mensal do PIB em dólares,4
01/09/2018,1440071,4386,GDP,Milhões de Dolares,Gross Production. Valor mensal do PIB em dólares,4
01/10/2018,1602221,4386,GDP,Milhões de Dolares,Gross Production. Valor mensal do PIB em dólares,4
01/11/2018,1762087,4386,GDP,Milhões de Dolares,Gross Production. Valor mensal do PIB em dólares,4
01/12/2018,1916213,4386,GDP,Milhões de Dolares,Gross Production. Valor mensal do PIB em dólares,4
01/01/2019,154518,4386,GDP,Milhões de Dolares,Gross Production. Valor mensal do PIB em dólares,4
01/02/2019,309309,4386,GDP,Milhões de Dolares,Gross Production. Valor mensal do PIB em dólares,4
01/03/2019,465826,4386,GDP,Milhões de Dolares,Gross Production. Valor mensal do PIB em dólares,4
01/04/2019,623315,4386,GDP,Milhões de Dolares,Gross Production. Valor mensal do PIB em dólares,4
01/05/2019,777432,4386,GDP,Milhões de Dolares,Gross Production. Valor mensal do PIB em dólares,4
01/06/2019,932430,4386,GDP,Milhões de Dolares,Gross Production. Valor mensal do PIB em dólares,4
01/07/2019,1099893,4386,GDP,Milhões de Dolares,Gross Production. Valor mensal do PIB em dólares,4
01/08/2019,1256746,4386,GDP,Milhões de Dolares,Gross Production. Valor mensal do PIB em dólares,4
01/09/2019,1406602,4386,GDP,Milhões de Dolares,Gross Production. Valor mensal do PIB em dólares,4
01/10/2019,1565288,4386,GDP,Milhões de Dolares,Gross Production. Valor mensal do PIB em dólares,4
01/11/2019,1718373,4386,GDP,Milhões de Dolares,Gross Production. Valor mensal do PIB em dólares,4
01/12/2019,1872800,4386,GDP,Milhões de Dolares,Gross Production. Valor mensal do PIB em dólares,4
01/01/2020,147332,4386,GDP,Milhões de Dolares,Gross Production. Valor mensal do PIB em dólares,4
01/02/2020,288828,4386,GDP,Milhões de Dolares,Gross Production. Valor mensal do PIB em dólares,4
01/03/2020,417790,4386,GDP,Milhões de Dolares,Gross Production. Valor mensal do PIB em dólares,4
01/04/2020,523579,4386,GDP,Milhões de Dolares,Gross Production. Valor mensal do PIB em dólares,4
01/05/2020,624838,4386,GDP,Milhões de Dolares,Gross Production. Valor mensal do PIB em dólares,4
01/06/2020,740642,4386,GDP,Milhões de Dolares,Gross Production. Valor mensal do PIB em dólares,4
01/07/2020,861454,4386,GDP,Milhões de Dolares,Gross Production. Valor mensal do PIB em dólares,4
01/08/2020,977035,4386,GDP,Milhões de Dolares,Gross Production. Valor mensal do PIB em dólares,4
01/09/2020,1095941,4386,GDP,Milhões de Dolares,Gross Production. Valor mensal do PIB em dólares,4
01/10/2020,1214777,4386,GDP,Milhões de Dolares,Gross Production. Valor mensal do PIB em dólares,4
01/11/2020,1339309,4386,GDP,Milhões de Dolares,Gross Production. Valor mensal do PIB em dólares,4
01/12/2020,1475529,4386,GDP,Milhões de Dolares,Gross Production. Valor mensal do PIB em dólares,4
01/01/2021,126304,4386,GDP,Milhões de Dolares,Gross Production. Valor mensal do PIB em dólares,4
01/02/2021,256381,4386,GDP,Milhões de Dolares,Gross Production. Valor mensal do PIB em dólares,4
01/03/2021,392365,4386,GDP,Milhões de Dolares,Gross Production. Valor mensal do PIB em dólares,4
01/04/2021,524807,4386,GDP,Milhões de Dolares,Gross Production. Valor mensal do PIB em dólares,4
01/05/2021,662963,4386,GDP,Milhões de Dolares,Gross Production. Valor mensal do PIB em dólares,4
01/06/2021,808901,4386,GDP,Milhões de Dolares,Gross Production. Valor mensal do PIB em dólares,4
01/07/2021,957461,4386,GDP,Milhões de Dolares,Gross Production. Valor mensal do PIB em dólares,4
01/08/2021,1103751,4386,GDP,Milhões de Dolares,Gross Production. Valor mensal do PIB em dólares,4
01/09/2021,1248274,4386,GDP,Milhões de Dolares,Gross Production. Valor mensal do PIB em dólares,4
01/10/2021,1387865,4386,GDP,Milhões de Dolares,Gross Production. Valor mensal do PIB em dólares,4
01/11/2021,1529785,4386,GDP,Milhões de Dolares,Gross Production. Valor mensal do PIB em dólares,4
01/12/2021,1670493,4386,GDP,Milhões de Dolares,Gross Production. Valor mensal do PIB em dólares,4
01/01/2022,130750,4386,GDP,Milhões de Dolares,Gross Production. Valor mensal do PIB em dólares,4
01/02/2022,275598,4386,GDP,Milhões de Dolares,Gross Production. Valor mensal do PIB em dólares,4
01/03/2022,444888,4386,GDP,Milhões de Dolares,Gross Production. Valor mensal do PIB em dólares,4
01/04/2022,619507,4386,GDP,Milhões de Dolares,Gross Production. Valor mensal do PIB em dólares,4
01/05/2022,789046,4386,GDP,Milhões de Dolares,Gross Production. Valor mensal do PIB em dólares,4
01/06/2022,955707,4386,GDP,Milhões de Dolares,Gross Production. Valor mensal do PIB em dólares,4
01/07/2022,1117234,4386,GDP,Milhões de Dolares,Gross Production. Valor mensal do PIB em dólares,4
01/08/2022,1286733,4386,GDP,Milhões de Dolares,Gross Production. Valor mensal do PIB em dólares,4
01/09/2022,1450154,4386,GDP,Milhões de Dolares,Gross Production. Valor mensal do PIB em dólares,4
01/10/2022,1617459,4386,GDP,Milhões de Dolares,Gross Production. Valor mensal do PIB em dólares,4
01/11/2022,1784048,4386,GDP,Milhões de Dolares,Gross Production. Valor mensal do PIB em dólares,4
01/12/2022,1951572,4386,GDP,Milhões de Dolares,Gross Production. Valor mensal do PIB em dólares,4
01/01/2023,155776,4386,GDP,Milhões de Dolares,Gross Production. Valor mensal do PIB em dólares,4
01/02/2023,316002,4386,GDP,Milhões de Dolares,Gross Production. Valor mensal do PIB em dólares,4
01/03/2023,495982,4386,GDP,Milhões de Dolares,Gross Production. Valor mensal do PIB em dólares,4
01/04/2023,677003,4386,GDP,Milhões de Dolares,Gross Production. Valor mensal do PIB em dólares,4
01/05/2023,859903,4386,GDP,Milhões de Dolares,Gross Production. Valor mensal do PIB em dólares,4
01/06/2023,1046294,4386,GDP,Milhões de Dolares,Gross Production. Valor mensal do PIB em dólares,4
01/07/2023,1238028,4386,GDP,Milhões de Dolares,Gross Production. Valor mensal do PIB em dólares,4
01/08/2023,1427987,4386,GDP,Milhões de Dolares,Gross Production. Valor mensal do PIB em dólares,4
01/09/2023,1613208,4386,GDP,Milhões de Dolares,Gross Production. Valor mensal do PIB em dólares,4
01/10/2023,1801212,4386,GDP,Milhões de Dolares,Gross Production. Valor mensal do PIB em dólares,4
01/11/2023,1997254,4386,GDP,Milhões de Dolares,Gross Production. Valor mensal do PIB em dólares,4
01/12/2023,2190991,4386,GDP,Milhões de Dolares,Gross Production. Valor mensal do PIB em dólares,4
01/01/2024,181197,4386,GDP,Milhões de Dolares,Gross Production. Valor mensal do PIB em dólares,4
01/02/2024,362733,4386,GDP,Milhões de Dolares,Gross Production. Valor mensal do PIB em dólares,4
01/03/2024,557016,4386,GDP,Milhões de Dolares,Gross Production. Valor mensal do PIB em dólares,4
01/04/2024,750144,4386,GDP,Milhões de Dolares,Gross Production. Valor mensal do PIB em dólares,4
01/05/2024,937877,4386,GDP,Milhões de Dolares,Gross Production. Valor mensal do PIB em dólares,4
01/06/2024,1118490,4386,GDP,Milhões de Dolares,Gross Production. Valor mensal do PIB em dólares,4
01/07/2024,1301794,4386,GDP,Milhões de Dolares,Gross Production. Valor mensal do PIB em dólares,4
01/08/2024,1482109,4386,GDP,Milhões de Dolares,Gross Production. Valor mensal do PIB em dólares,4
01/09/2024,1660914,4386,GDP,Milhões de Dolares,Gross Production. Valor mensal do PIB em dólares,4
01/10/2024,1846317,4386,GDP,Milhões de Dolares,Gross Production. Valor mensal do PIB em dólares,4
01/11/2024,2021388,4386,GDP,Milhões de Dolares,Gross Production. Valor mensal do PIB em dólares,4
01/12/2024,2184822,4386,GDP,Milhões de Dolares,Gross Production. Valor mensal do PIB em dólares,4
01/01/2025,158781,4386,GDP,Milhões de Dolares,Gross Production. Valor mensal do PIB em dólares,4
01/02/2025,330852,4386,GDP,Milhões de Dolares,Gross Production. Valor mensal do PIB em dólares,4
01/03/2025,516971,4386,GDP,Milhões de Dolares,Gross Production. Valor mensal do PIB em dólares,4
01/04/2025,704534,4386,GDP,Milhões de Dolares,Gross Production. Valor mensal do PIB em dólares,4
01/05/2025,891627,4386,GDP,Milhões de Dolares,Gross Production. Valor mensal do PIB em dólares,4
01/06/2025,1080734,4386,GDP,Milhões de Dolares,Gross Production. Valor mensal do PIB em dólares,4
01/07/2025,1278431,4386,GDP,Milhões de Dolares,Gross Production. Valor mensal do PIB em dólares,4
01/08/2025,1473808,4386,GDP,Milhões de Dolares,Gross Production. Valor mensal do PIB em dólares,4
01/09/2025,1673799,4386,GDP,Milhões de Dolares,Gross Production. Valor mensal do PIB em dólares,4
01/10/2025,1879633,4386,GDP,Milhões de Dolares,Gross Production. Valor mensal do PIB em dólares,4
01/11/2025,2082626,4386,GDP,Milhões de Dolares,Gross Production. Valor mensal do PIB em dólares,4
01/12/2025,2280894,4386,GDP,Milhões de Dolares,Gross Production. Valor mensal do PIB em dólares,4
01/01/2026,191511,4386,GDP,Milhões de Dolares,Gross Production. Valor mensal do PIB em dólares,4
01/02/2026,391757,4386,GDP,Milhões de Dolares,Gross Production. Valor mensal do PIB em dólares,4
01/03/2026,612162,4386,GDP,Milhões de Dolares,Gross Production. Valor mensal do PIB em dólares,4
